bet_id,sportsbook,type,status,odds,closing_line,ev,amount,profit,time_placed,time_settled,time_placed_iso,time_settled_iso,bet_info,tags,sports,leagues
6a1781319afe7fcc2346d53a,Betr Picks,parlay,SETTLED_LOSS,10,,,5,-5.00,05/27/2026 23:41:37 GMT,05/28/2026 04:49:27 GMT,2026-05-27T23:41:37.135Z,2026-05-28T04:49:27.166Z,Over 7.5 Georgia Amoore Points WSH vs. SEA | Over 0.5 Cole Caufield Goals CAR vs. MON | Under 4.5 Carla Leite Assists CONN vs. POR,,Basketball | Ice Hockey,WNBA | NHL
7MgpnLg,DK Pick6,round_robin_3,SETTLED_LOSS,5,,,10,-10.00,05/27/2026 23:00:00 GMT,05/28/2026 05:02:52 GMT,2026-05-27T23:00:00.000Z,2026-05-28T05:02:52.000Z,Under 4.5 Allisha Gray Rebounds Atlanta Dream vs. Minnesota Lynx | Over 5.5 Olivia Miles Assists Atlanta Dream vs. Minnesota Lynx | Over 14.5 Sonia Citron Points Washington Mystics vs. Seattle Storm,,Basketball,WNBA
6a175f9810cd002065d04be4,Betr Picks,parlay,SETTLED_LOSS,6,,,10,-10.00,05/27/2026 21:18:16 GMT,05/28/2026 04:53:43 GMT,2026-05-27T21:18:16.303Z,2026-05-28T04:53:43.275Z,Over 0.5 Alex Jackson Hits + Runs + Runs Batted In MIN vs. CHW | Over 6.5 Shohei Ohtani Pitching Strikeouts COL vs. LAD | Under 1.5 Jameson Taillon Pitching Walks CHC vs. PIT,,Baseball,MLB
6a1752edf6d6782e0ffa35bc,Betr Picks,parlay,SETTLED_LOSS,7.5,,,10,-10.00,05/27/2026 20:24:13 GMT,05/28/2026 04:53:42 GMT,2026-05-27T20:24:13.033Z,2026-05-28T04:53:42.516Z,Over 1.5 Juan Soto Hits + Runs + Runs Batted In CIN vs. NYM | Over 4.5 Naz Hillmon Rebounds ATL vs. MIN | Over 7.5 Mookie Betts Fantasy Pts COL vs. LAD,,Baseball | Basketball,MLB | WNBA
bc6c55b2-1878-49a1-ab6f-69c216b6a185,Underdog,parlay,SETTLED_LOSS,9.1,,,10,-10.00,05/27/2026 20:22:51 GMT,05/28/2026 00:25:00 GMT,2026-05-27T20:22:51.000Z,2026-05-28T00:25:00.000Z,Higher 12.5 Colton Smith Games Won O/U (vs Daniel Milavsky) Smith vs Milavsky | Higher 4.5 Casey Mize Hits Allowed O/U LAA @ DET | Higher 5.5 Bryce Elder Hits Allowed O/U ATL @ BOS | Higher 15.5 Jonquel Jones Points + Assists O/U PHX @ NYL,,Tennis | Baseball | Basketball,TENNIS | MLB | WNBA
1365458843580006400,Sleeper,parlay,SETTLED_LOSS,5.51,,,10,-10.00,05/27/2026 20:21:06 GMT,05/27/2026 23:21:06 GMT,2026-05-27T20:21:06.610Z,2026-05-27T23:21:06.610Z,O 24.5 Kamilla Cardoso Pts Reb Ast TOR @ CHI | O 0.5 Brett Baty Total Bases CIN @ NYM | O 3.5 David Sandlin Strike Outs MIN @ CWS,,Basketball | Baseball,WNBA | MLB
1636742393,PrizePicks,round_robin_3,SETTLED_LOSS,6,,,5,-5.00,05/27/2026 19:06:18 GMT,05/28/2026 02:10:00 GMT,2026-05-27T19:06:18.831Z,2026-05-28T02:10:00.000Z,Over 16.5 Connelly Early Pitching Outs BOS vs. ATL | Over 0.5 Brett Baty Hits NYM vs. CIN | Over 6.5 Bobby Witt Jr. Hitter Fantasy Score KC vs. NYY,,Baseball,MLB
ef09c89e-8c03-4465-96c7-0cbee2f010dc,Underdog,parlay,SETTLED_LOSS,6.5,,,15,-15.00,05/27/2026 18:40:44 GMT,05/28/2026 02:00:00 GMT,2026-05-27T18:40:44.000Z,2026-05-28T02:00:00.000Z,Higher 2.5 Breanna Stewart Assists O/U PHX @ NYL | Higher 3.5 Natasha Cloud Rebounds O/U TOR @ CHI | Higher 11.5 Kiki Rice Points O/U TOR @ CHI,,Basketball,WNBA
6a172edd5e3206bc00cbd6b0,Betr Picks,parlay,SETTLED_WIN,6,,,15,75.00,05/27/2026 17:50:21 GMT,05/28/2026 03:34:02 GMT,2026-05-27T17:50:21.561Z,2026-05-28T03:34:02.153Z,Over 19.5 Natasha Howard PTS+REB ATL vs. MIN | Over 4.5 Natasha Cloud Assists TOR vs. CHI | Over 16.5 Andrew Abbott Total Outs Pitched CIN vs. NYM,,Basketball | Baseball,WNBA | MLB
6a16f38ea5e76d69f446d51e,Betr Picks,parlay,SETTLED_LOSS,6,,,10,-10.00,05/27/2026 13:37:18 GMT,05/28/2026 03:07:11 GMT,2026-05-27T13:37:18.138Z,2026-05-28T03:07:11.214Z,Over 25.5 Jakub Dobes Saves CAR vs. MON | Under 4.5 Steven Matz Pitching Strikeouts TB vs. BAL | Under 17.5 Dustin May Total Outs Pitched STL vs. MIL,,Ice Hockey | Baseball,NHL | MLB
8PByzK2,DK Pick6,round_robin_4,SETTLED_LOSS,9.24,,,10,-10.00,05/27/2026 00:30:00 GMT,05/27/2026 03:37:03 GMT,2026-05-27T00:30:00.000Z,2026-05-27T03:37:03.000Z,Under 14.5 Cason Wallace Pts + Rebs + Asts San Antonio Spurs vs. Oklahoma City Thunder | Under 9.5 Julian Champagnie Points San Antonio Spurs vs. Oklahoma City Thunder | Over 10.5 Victor Wembanyama Rebounds San Antonio Spurs vs. Oklahoma City Thunder | Under 44.5 Shai Gilgeous-Alexander Pts + Rebs + Asts San Antonio Spurs vs. Oklahoma City Thunder,,Basketball,NBA
LyzwMnw,DK Pick6,round_robin_3,SETTLED_LOSS,7.682,,,5,-5.00,05/27/2026 00:30:00 GMT,05/27/2026 03:37:03 GMT,2026-05-27T00:30:00.000Z,2026-05-27T03:37:03.000Z,Over 10.5 Jared McCain Points San Antonio Spurs vs. Oklahoma City Thunder | Over 20.5 Julian Champagnie Points San Antonio Spurs vs. Oklahoma City Thunder | Over 10.5 Dylan Harper Points San Antonio Spurs vs. Oklahoma City Thunder,,Basketball,NBA
bPq9m7N,DK Pick6,round_robin_3,SETTLED_LOSS,6,,,10,-10.00,05/27/2026 00:30:00 GMT,05/27/2026 03:37:03 GMT,2026-05-27T00:30:00.000Z,2026-05-27T03:37:03.000Z,Over 13.5 Alex Caruso Pts + Rebs + Asts San Antonio Spurs vs. Oklahoma City Thunder | Over 20.5 Victor Wembanyama Points San Antonio Spurs vs. Oklahoma City Thunder | Over 14.5 Dylan Harper Pts + Rebs + Asts San Antonio Spurs vs. Oklahoma City Thunder,,Basketball,NBA
1635803355,PrizePicks,round_robin_3,SETTLED_LOSS,6,,,5,-5.00,05/26/2026 23:29:24 GMT,05/27/2026 03:37:00 GMT,2026-05-26T23:29:24.140Z,2026-05-27T03:37:00.000Z,Over 3 Aaron Nola Pitcher Strikeouts PHI vs. SD | Over 16.5 Victor Wembanyama Rebs+Asts SAS vs. OKC | Over 6 Cody Bellinger Hitter Fantasy Score NYY vs. KC,,Baseball | Basketball,MLB | NBA
4f1fbacf-fb53-4929-a15a-2b53e271efd7,Underdog,parlay,SETTLED_LOSS,6.11,,,5,-5.00,05/26/2026 22:50:47 GMT,05/27/2026 03:30:00 GMT,2026-05-26T22:50:47.000Z,2026-05-27T03:30:00.000Z,Lower 6.5 Kyle Harrison Strikeouts O/U STL @ MIL | Higher 13.5 Devin Vassell Points O/U SAS @ OKC | Lower 4.5 Gage Jump Strikeouts O/U SEA @ ATH,,Baseball | Basketball,MLB | NBA
1635704147,PrizePicks,round_robin_3,SETTLED_LOSS,6,,,5,-5.00,05/26/2026 22:47:12 GMT,05/27/2026 01:48:00 GMT,2026-05-26T22:47:12.884Z,2026-05-27T01:48:00.000Z,Under 2.5 Spencer Strider Earned Runs Allowed ATL vs. BOS | Under 1.5 Devin Vassell Blks+Stls SAS vs. OKC | Under 0.5 Paul Goldschmidt Singles NYY vs. KC,,Baseball | Basketball,MLB | NBA
1635676441,PrizePicks,round_robin_3,SETTLED_LOSS,6,,,14,-14.00,05/26/2026 22:34:41 GMT,05/27/2026 01:35:00 GMT,2026-05-26T22:34:41.590Z,2026-05-27T01:35:00.000Z,Over 1.5 Griffin Jax Walks Allowed TB vs. BAL | Over 0.5 Ketel Marte Singles AZ vs. SF | Under 4.5 Emerson Hancock Pitcher Strikeouts SEA vs. ATH,,Baseball,MLB
6a161e926a79ac69291e3548,Betr Picks,parlay,SETTLED_WIN,6,,,10,50.00,05/26/2026 22:28:34 GMT,05/27/2026 04:38:21 GMT,2026-05-26T22:28:34.028Z,2026-05-27T04:38:21.946Z,Under 4.5 Tyler Mahle Pitching Strikeouts ARI vs. SF | Over 1.5 Sean Burke Pitching Walks MIN vs. CHW | Over 26.5 Shai Gilgeous-Alexander Points SA vs. OKC,,Baseball | Basketball,MLB | NBA
6a1617c57efdf8990c172c3d,Betr Picks,parlay,SETTLED_LOSS,6,,,10,-10.00,05/26/2026 21:59:33 GMT,05/27/2026 04:55:53 GMT,2026-05-26T21:59:33.735Z,2026-05-27T04:55:53.686Z,Over 0.5 Victor Wembanyama PTS+REB SA vs. OKC | Under 4.5 Eric Lauer Pitching Strikeouts COL vs. LAD | Over 0.5 Tristan Peters Hits MIN vs. CHW,,Basketball | Baseball,NBA | MLB
1635498484,PrizePicks,round_robin_3,SETTLED_LOSS,6,,,5,-5.00,05/26/2026 21:02:24 GMT,05/27/2026 02:40:00 GMT,2026-05-26T21:02:24.930Z,2026-05-27T02:40:00.000Z,Under 0.5 Paul Goldschmidt Singles NYY vs. KC | Under 0.5 Luis Rengifo Singles MIL vs. STL | Over 0.5 Mark Stone Points VGK vs. COL,,Baseball | Ice Hockey,MLB | NHL
1365100111348133888,Sleeper,parlay,SETTLED_LOSS,5.26,,,10,-10.00,05/26/2026 20:35:38 GMT,05/26/2026 23:35:38 GMT,2026-05-26T20:35:38.180Z,2026-05-26T23:35:38.180Z,O 15.5 Chase Burns Outs CIN @ NYM | U 17.5 Joey Cantillo Outs WSH @ CLE | U 5.5 Julian Champagnie Rebounds SAS @ OKC,,Baseball | Basketball,MLB | NBA
1635448313,PrizePicks,round_robin_3,SETTLED_LOSS,6,,,5,-5.00,05/26/2026 20:30:14 GMT,05/27/2026 04:16:00 GMT,2026-05-26T20:30:14.461Z,2026-05-27T04:16:00.000Z,Over 23.5 Carter Hart Goalie Saves VGK vs. COL | Over 0.5 Mark Stone Points VGK vs. COL | Over 2.5 Sandy Alcantara Earned Runs Allowed MIA vs. TOR,,Ice Hockey | Baseball,NHL | MLB
6a15ef5dc694729a7f9fc37c,Betr Picks,parlay,SETTLED_LOSS,6,,,13,0.00,05/26/2026 19:07:09 GMT,05/27/2026 04:55:25 GMT,2026-05-26T19:07:09.592Z,2026-05-27T04:55:25.973Z,Over 25.5 Carter Hart Saves COL vs. VEG | Over 5.5 Braxton Ashcraft Pitching Strikeouts CHC vs. PIT | Over 3.5 Kyle Freeland Pitching Strikeouts COL vs. LAD,,Ice Hockey | Baseball,NHL | MLB
1635311988,PrizePicks,round_robin_5,SETTLED_LOSS,19,,,5,0.00,05/26/2026 18:37:15 GMT,05/27/2026 02:40:00 GMT,2026-05-26T18:37:15.597Z,2026-05-27T02:40:00.000Z,Under 1.5 Bailey Falter Earned Runs Allowed KC vs. NYY | Over 1.5 Brice Turang Hits+Runs+RBIs MIL vs. STL | Under 14.5 Jalen Williams Points OKC vs. SAS | Over 13.5 Alex Caruso Pts+Rebs+Asts OKC vs. SAS | Over 11.5 Angel Reese Rebounds ATL vs. MIN,,Baseball | Basketball,MLB | NBA | WNBA
1635185264,PrizePicks,round_robin_3,SETTLED_LOSS,6,,,5,-5.00,05/26/2026 16:26:51 GMT,05/27/2026 03:37:00 GMT,2026-05-26T16:26:51.086Z,2026-05-27T03:37:00.000Z,Under 4.5 Jaylin Williams Rebounds OKC vs. SAS | Over 19.5 Victor Wembanyama Points SAS vs. OKC | Over 14.5 Dylan Harper Pts+Rebs+Asts SAS vs. OKC,,Basketball,NBA
6a15a2747e4275bbb8e5502c,Betr Picks,parlay,SETTLED_LOSS,6,,,10,-10.00,05/26/2026 13:39:00 GMT,05/28/2026 04:21:10 GMT,2026-05-26T13:39:00.542Z,2026-05-28T04:21:10.736Z,Over 1.5 Willi Castro Hits + Runs + Runs Batted In COL vs. LAD | Over 12.5 Georgia Amoore PTS+AST WSH vs. SEA | Over 5.5 Kyle Harrison Pitching Strikeouts STL vs. MIL,,Baseball | Basketball,MLB | WNBA
1634655906,PrizePicks,round_robin_3,SETTLED_WIN,7.8,,,5,34.00,05/25/2026 23:47:08 GMT,05/26/2026 03:13:00 GMT,2026-05-25T23:47:08.043Z,2026-05-26T03:13:00.000Z,Under 3.5 Mikal Bridges Rebounds NYK vs. CLE | Under 4.5 Donovan Mitchell Rebounds CLE vs. NYK | Under 2.5 Evan Mobley Blks+Stls CLE vs. NYK,,Basketball,NBA
1364784872417144832,Sleeper,parlay,SETTLED_WIN,5.37,,,10,43.70,05/25/2026 23:42:59 GMT,05/26/2026 02:42:59 GMT,2026-05-25T23:42:59.363Z,2026-05-26T02:42:59.363Z,O 1.5 Shohei Ohtani Hits Runs Rbis COL @ LAD | U 1.5 Tanner Gordon Walks COL @ LAD | U 8.5 Evan Mobley Rebounds NYK @ CLE,,Baseball | Basketball,MLB | NBA
1364778910662791168,Sleeper,parlay,SETTLED_WIN,4.85,,,10,38.50,05/25/2026 23:19:17 GMT,05/26/2026 02:19:17 GMT,2026-05-25T23:19:17.970Z,2026-05-26T02:19:17.970Z,O 24.5 Jakub Dobes Saves CAR @ MTL | U 2.5 James Harden Threes Made NYK @ CLE | U 7.5 Max Strus Rebounds & Assists NYK @ CLE,,Ice Hockey | Basketball,NHL | NBA
1634475812,PrizePicks,round_robin_3,SETTLED_LOSS,6,,,11.82,-11.82,05/25/2026 22:08:54 GMT,05/26/2026 02:05:00 GMT,2026-05-25T22:08:54.184Z,2026-05-26T02:05:00.000Z,Under 4.5 Kumar Rocker Pitcher Strikeouts TEX vs. HOU | Over 1.5 Teoscar Hernández Hits+Runs+RBIs LAD vs. COL | Over 2.5 Mikal Bridges Assists NYK vs. CLE,,Baseball | Basketball,MLB | NBA
6a14c0eb7fc9879f56e78086,Betr Picks,parlay,SETTLED_LOSS,6,,,20,-20.00,05/25/2026 21:36:43 GMT,05/26/2026 02:45:31 GMT,2026-05-25T21:36:43.665Z,2026-05-26T02:45:31.796Z,Over 27.5 Breanna Stewart PTS+REB POR vs. NY | Over 11.5 Josh Hart AST+REB NY vs. CLE | Over 0.5 Justin Foscue Total Bases HOU vs. TEX,,Basketball | Baseball,WNBA | NBA | MLB
6a1464806dc3d79b14e05ef9,Betr Picks,parlay,SETTLED_LOSS,6,,,10,-10.00,05/25/2026 15:02:24 GMT,05/26/2026 04:37:42 GMT,2026-05-25T15:02:24.168Z,2026-05-26T04:37:42.441Z,Over 1.5 Emmet Sheehan Pitching Earned Runs COL vs. LAD | Over 2.5 Aaron Civale Pitching Earned Runs SEA vs. ATH | Over 33.5 Jalen Brunson Pts+Rebs+Asst NY vs. CLE,,Baseball | Basketball,MLB | NBA
1633277684,PrizePicks,round_robin_3,SETTLED_WIN,6,,,15.47,77.35,05/24/2026 22:28:10 GMT,05/25/2026 03:13:00 GMT,2026-05-24T22:28:10.905Z,2026-05-25T03:13:00.000Z,Under 4.5 MacKenzie Gore Hits Allowed TEX vs. LAA | Under 5.5 De'Aaron Fox Assists SAS vs. OKC | Under 3.5 Alex Caruso Rebounds OKC vs. SAS,,Baseball | Basketball,MLB | NBA
1364381321564004352,Sleeper,parlay,SETTLED_LOSS,5.17,,,10,-10.00,05/24/2026 20:59:25 GMT,05/24/2026 23:59:25 GMT,2026-05-24T20:59:25.342Z,2026-05-24T23:59:25.342Z,O 5.5 Reid Detmers Strike Outs TEX @ LAA | O 6.5 Stephon Castle Assists OKC @ SAS | O 11.5 Shai Gilgeous-Alexander Rebounds & Assists OKC @ SAS,,Baseball | Basketball,MLB | NBA
6a134cd35485373bc5ba7b65,Betr Picks,parlay,SETTLED_LOSS,6,,,10,-10.00,05/24/2026 19:09:07 GMT,05/25/2026 03:09:39 GMT,2026-05-24T19:09:07.768Z,2026-05-25T03:09:39.172Z,Over 11.5 Shai Gilgeous-Alexander AST+REB OKC vs. SA | Over 25.5 Carter Hart Saves COL vs. VEG | Under 3.5 Alex Caruso Rebounds OKC vs. SA,,Basketball | Ice Hockey,NBA | NHL
6a134c2ba24d274dd8efe98c,Betr Picks,parlay,SETTLED_LOSS,6,,,10,-10.00,05/24/2026 19:06:19 GMT,05/25/2026 03:02:33 GMT,2026-05-24T19:06:19.209Z,2026-05-25T03:02:33.339Z,Over 35.5 Victor Wembanyama PTS+REB OKC vs. SA | Over 2.5 Arike Ogunbowale Assists DAL vs. NY | Over 1.5 James Wood Hits + Runs + Runs Batted In WSH vs. ATL,,Basketball | Baseball,NBA | WNBA | MLB
2c41f3b5-ea64-4bde-812f-3dd3a4d99011,Underdog,parlay,SETTLED_LOSS,3.5,,,10,-10.00,05/24/2026 18:17:53 GMT,05/24/2026 22:30:00 GMT,2026-05-24T18:17:53.000Z,2026-05-24T22:30:00.000Z,Higher 23.5 Jonquel Jones Pts + Rebs + Asts O/U DAL @ NYL | Lower 2.5 Nazem Kadri Shots on Goal O/U COL @ VGK,,Basketball | Ice Hockey,WNBA | NHL
6a134069d1da296f1efb830c,Betr Picks,parlay,SETTLED_LOSS,6,,,20,-20.00,05/24/2026 18:16:09 GMT,05/25/2026 03:09:28 GMT,2026-05-24T18:16:09.731Z,2026-05-25T03:09:28.709Z,Over 4.5 Michael King Pitching Strikeouts ATH vs. SD | Over 6.5 Stephon Castle Assists OKC vs. SA | Over 9.5 Isaiah Hartenstein AST+REB OKC vs. SA,,Baseball | Basketball,MLB | NBA
1632732225,PrizePicks,round_robin_3,SETTLED_LOSS,6,,,10,-10.00,05/24/2026 17:01:04 GMT,05/25/2026 03:13:00 GMT,2026-05-24T17:01:04.490Z,2026-05-25T03:13:00.000Z,Under 19.5 Mariano Navone Total Games Won Mariano Navone vs. Jenson Brooksby | Under 20.5 Stefanos Tsitsipas Total Games Won Stefanos Tsitsipas vs. Alexandre Muller | Over 23.5 Shai Gilgeous-Alexander Points OKC vs. SAS,,Tennis | Basketball,TENNIS | NBA
5rDBwDP,DK Pick6,round_robin_3,SETTLED_LOSS,7.8,,,10,-10.00,05/24/2026 16:15:00 GMT,05/24/2026 23:06:07 GMT,2026-05-24T16:15:00.000Z,2026-05-24T23:06:07.000Z,Under 1.5 Rafael Devers Hits + Runs + RBIs Chicago White Sox vs. San Francisco Giants | Over 1.5 Austin Riley Hits + Runs + RBIs Washington Nationals vs. Atlanta Braves | Under 1.5 Ty France Hits + Runs + RBIs Sacramento Athletics vs. San Diego Padres,,Baseball,MLB
BxYjByn,DK Pick6,round_robin_3,SETTLED_LOSS,5.964,,,10,-10.00,05/24/2026 00:00:00 GMT,05/24/2026 03:00:00 GMT,2026-05-24T00:00:00.000Z,2026-05-24T03:00:00.000Z,Under 9.5 Dean Wade Pts + Rebs + Asts New York Knicks vs. Cleveland Cavaliers | Over 9.5 Karl-Anthony Towns Rebounds New York Knicks vs. Cleveland Cavaliers | Under 10.5 Jalen Brunson Assists + Rebounds New York Knicks vs. Cleveland Cavaliers,,Basketball,NBA
1364032736246923264,Sleeper,parlay,SETTLED_LOSS,5.19,,,10,-10.00,05/23/2026 21:54:16 GMT,05/24/2026 00:54:16 GMT,2026-05-23T21:54:16.125Z,2026-05-24T00:54:16.125Z,O 23.5 Jalen Brunson Points NYK @ CLE | O 4.5 J.T. Ginn Strike Outs ATH @ SD | O 0.5 Geraldo Perdomo Singles COL @ AZ,,Basketball | Baseball,NBA | MLB
6a1211e334f3417b92c54688,Betr Picks,parlay,SETTLED_LOSS,6,,,15,-15.00,05/23/2026 20:45:23 GMT,05/24/2026 03:02:18 GMT,2026-05-23T20:45:23.306Z,2026-05-24T03:02:18.133Z,Over 29.5 A'ja Wilson PTS+REB LA vs. LV | Over 5.5 Jackie Young Assists LA vs. LV | Over 6.5 OG Anunoby AST+REB NY vs. CLE,,Basketball,WNBA | NBA
1631321431,PrizePicks,round_robin_3,SETTLED_WIN,6,,,10,50.00,05/23/2026 17:13:14 GMT,05/24/2026 04:41:00 GMT,2026-05-23T17:13:14.573Z,2026-05-24T04:41:00.000Z,Over 17.5 A'ja Wilson Points LVA vs. LAS | Under 16.5 Lucas Giolito Pitching Outs SD vs. ATH | Under 15.5 Carla Leite Points PDX vs. TOR,,Basketball | Baseball,WNBA | MLB
6a11cb30a24d274dd8efd221,Betr Picks,parlay,SETTLED_LOSS,6,,,10,-10.00,05/23/2026 15:43:44 GMT,05/24/2026 03:01:13 GMT,2026-05-23T15:43:44.006Z,2026-05-24T03:01:13.941Z,Over 9.5 Chelsea Gray AST+REB LA vs. LV | Over 21.5 Josh Hart Pts+Rebs+Asst NY vs. CLE | Over 5.5 Zack Wheeler Pitching Strikeouts CLE vs. PHI,,Basketball | Baseball,WNBA | NBA | MLB
a645805d-a8c8-42eb-aa77-72c97a59c964,Underdog,parlay,SETTLED_LOSS,6.2,,,5,-5.00,05/23/2026 15:42:31 GMT,05/23/2026 23:05:00 GMT,2026-05-23T15:42:31.000Z,2026-05-23T23:05:00.000Z,Higher 1.5 Sam Antonacci Hits + Runs + RBIs O/U CWS @ SF | Higher 0.5 Munetaka Murakami Batter Walks O/U CWS @ SF | Lower 15.5 Max Strus Pts + Rebs + Asts O/U NYK @ CLE,,Baseball | Basketball,MLB | NBA
6a11ca8a1ceeba5d7d463c0f,Betr Picks,parlay,SETTLED_WIN,6,,,10,50.00,05/23/2026 15:40:58 GMT,05/24/2026 05:13:15 GMT,2026-05-23T15:40:58.475Z,2026-05-24T05:13:15.690Z,Over 5.5 Nathan Eovaldi Pitching Strikeouts TEX vs. LAA | Under 3.5 Evan Mobley Assists NY vs. CLE | Under 2.5 Roki Sasaki Pitching Earned Runs LAD vs. MIL,,Baseball | Basketball,MLB | NBA
1363708164490412032,Sleeper,parlay,SETTLED_WIN,6.37,,,10,53.70,05/23/2026 00:24:32 GMT,05/23/2026 03:24:32 GMT,2026-05-23T00:24:32.189Z,2026-05-23T03:24:32.189Z,O 0.5 Isaiah Joe Threes Made OKC @ SAS | U 1.5 De'Aaron Fox Threes Made OKC @ SAS | U 3.5 Dylan Harper Assists OKC @ SAS,,Basketball,NBA
1eaeebf5-8180-4b8a-8cac-f5b041c73818,Underdog,parlay,SETTLED_LOSS,6.5,,,10,-10.00,05/23/2026 00:20:09 GMT,05/23/2026 03:30:00 GMT,2026-05-23T00:20:09.000Z,2026-05-23T03:30:00.000Z,Higher 3.5 Ajay Mitchell Assists O/U OKC @ SAS | Higher 4.5 Jeffrey Springs Strikeouts O/U ATH @ SD | Higher 1.5 Corbin Carroll Total Bases O/U COL @ AZ,,Basketball | Baseball,NBA | MLB
1630247916,PrizePicks,round_robin_3,SETTLED_CASH_OUT,6,,,10,-6.53,05/22/2026 22:32:55 GMT,05/23/2026 04:41:00 GMT,2026-05-22T22:32:55.381Z,2026-05-23T04:41:00.000Z,Under 0.5 Tyler Soderstrom Singles ATH vs. SD | Over 0.5 Oswald Peraza Hits LAA vs. TEX | Under 17.5 Aliyah Boston Pts+Asts IND vs. GSV,,Baseball | Basketball,MLB | WNBA
6a10d6192f8d401c721fe468,Betr Picks,parlay,SETTLED_LOSS,6,,,5,-5.00,05/22/2026 22:18:01 GMT,05/23/2026 04:29:31 GMT,2026-05-22T22:18:01.196Z,2026-05-23T04:29:31.531Z,Under 0.5 Austin Riley Singles WSH vs. ATL | Under 0.5 Nick Kurtz Runs ATH vs. SD | Over 0.5 Joc Pederson Hits TEX vs. LAA,,Baseball,MLB
1363675467252510720,Sleeper,parlay,SETTLED_LOSS,5.29,,,10,-10.00,05/22/2026 22:14:36 GMT,05/23/2026 01:14:36 GMT,2026-05-22T22:14:36.560Z,2026-05-23T01:14:36.560Z,O 16.5 Paige Bueckers Points DAL @ ATL | O 1.5 James Wood Hits Runs Rbis WSH @ ATL | O 17.5 Victor Wembanyama Rebounds & Assists OKC @ SAS,,Basketball | Baseball,WNBA | MLB | NBA
1629996666,PrizePicks,round_robin_6,SETTLED_WIN,35,,,5,9.00,05/22/2026 20:13:34 GMT,05/25/2026 18:15:00 GMT,2026-05-22T20:13:34.599Z,2026-05-25T18:15:00.000Z,Under 1.5 Daylen Lile Hits+Runs+RBIs WSH vs. ATL | Under 7.5 Lexie Hull Points IND vs. GSV | Under 7 Isaiah Hartenstein Points OKC vs. SAS | Under 5.5 Stephon Castle Rebounds SAS vs. OKC | Over 2.5 Devin Vassell 3-PT Made SAS vs. OKC | Under 19.5 Francisco Cerundolo Total Games Won Francisco Cerundolo vs. Botic Van de Zandschulp,,Baseball | Basketball | Tennis,MLB | WNBA | NBA | TENNIS
1629918494,PrizePicks,round_robin_3,SETTLED_WIN,6,,,7,35.00,05/22/2026 19:10:47 GMT,05/23/2026 03:30:00 GMT,2026-05-22T19:10:47.889Z,2026-05-23T03:30:00.000Z,Under 2.5 Chet Holmgren Blks+Stls OKC vs. SAS | Under 13.5 Stephon Castle Rebs+Asts SAS vs. OKC | Under 14.5 Ajay Mitchell Points OKC vs. SAS,,Basketball,NBA
abbf691f-b712-44eb-bf4e-7f142df7d904,Underdog,parlay,SETTLED_LOSS,6.5,,,10,-10.00,05/22/2026 19:08:03 GMT,05/23/2026 02:07:00 GMT,2026-05-22T19:08:03.000Z,2026-05-23T02:07:00.000Z,Higher 0.5 Brayan Rocchio Hits O/U CLE @ PHI | Higher 1.5 Kevin Gausman Walks Allowed O/U PIT @ TOR | Lower 1.5 Austin Martin Hits + Runs + RBIs O/U MIN @ BOS,,Baseball,MLB
6a10a94592a168bd7ea88a3d,Betr Picks,parlay,SETTLED_LOSS,6,,,10,-10.00,05/22/2026 19:06:45 GMT,05/23/2026 03:37:58 GMT,2026-05-22T19:06:45.132Z,2026-05-23T03:37:58.282Z,Over 1.5 William Contreras Hits + Runs + Runs Batted In LAD vs. MIL | Over 2.5 Caitlin Clark 3PT Made GSV vs. IND | Over 5.5 Luguentz Dort Points OKC vs. SA,,Baseball | Basketball,MLB | WNBA | NBA
MwRbbzL,DK Pick6,round_robin_3,SETTLED_LOSS,6,,,10,-10.00,05/22/2026 18:20:00 GMT,05/23/2026 02:40:00 GMT,2026-05-22T18:20:00.000Z,2026-05-23T02:40:00.000Z,Under 4.5 Walker Buehler Strikeouts Thrown Sacramento Athletics vs. San Diego Padres | Over 1.5 Randy Arozarena Hits + Runs + RBIs Seattle Mariners vs. Kansas City Royals | Over 0.5 Shohei Ohtani Total Bases (From Hits) Los Angeles Dodgers vs. Milwaukee Brewers,,Baseball,MLB
7MGqbLw,DK Pick6,round_robin_4,SETTLED_LOSS,10,,,10,-10.00,05/22/2026 18:20:00 GMT,05/23/2026 02:15:00 GMT,2026-05-22T18:20:00.000Z,2026-05-23T02:15:00.000Z,Over 1.5 Junior Caminero Hits + Runs + RBIs Tampa Bay Rays vs. New York Yankees | Over 0.5 Shea Langeliers Total Bases (From Hits) Sacramento Athletics vs. San Diego Padres | Over 4.5 Bryce Elder Strikeouts Thrown Washington Nationals vs. Atlanta Braves | Under 5.5 Logan Gilbert Strikeouts Thrown Seattle Mariners vs. Kansas City Royals,,Baseball,MLB
6a10865fa94b9fb8a76d28c8,Betr Picks,parlay,SETTLED_LOSS,6,,,10,-10.00,05/22/2026 16:37:51 GMT,05/23/2026 03:37:54 GMT,2026-05-22T16:37:51.138Z,2026-05-23T03:37:54.625Z,Over 2.5 Devin Vassell 3PT Made OKC vs. SA | Over 0.5 Martin Necas Assists VEG vs. COL | Over 21.5 Allisha Gray PTS+REB DAL vs. ATL,,Basketball | Ice Hockey,NBA | NHL | WNBA
49176dfe-faa3-4104-b571-f3ab1deb8002,Underdog,parlay,SETTLED_LOSS,6.5,,,6.65,-6.65,05/22/2026 16:25:08 GMT,05/23/2026 01:40:00 GMT,2026-05-22T16:25:08.000Z,2026-05-23T01:40:00.000Z,Higher 0.5 Adolis Garcia Hits O/U CLE @ PHI | Higher 4.5 Alanna Smith Rebounds O/U DAL @ ATL | Higher 4.5 Victor Wembanyama Blocks + Steals O/U OKC @ SAS,,Baseball | Basketball,MLB | WNBA | NBA
6a107d40fa2e8b1ad368b22f,Betr Picks,parlay,SETTLED_LOSS,6,,,10,-10.00,05/22/2026 15:58:56 GMT,05/23/2026 04:29:38 GMT,2026-05-22T15:58:56.683Z,2026-05-23T04:29:38.348Z,Over 6.5 Jacob deGrom Pitching Strikeouts TEX vs. LAA | Over 5.5 Eury Pérez Pitching Strikeouts NYM vs. MIA | Over 1.5 James Wood Hits + Runs + Runs Batted In WSH vs. ATL,,Baseball,MLB
6a106bd4d34edd6a7bb83a62,Betr Picks,parlay,SETTLED_LOSS,6,,,20,-20.00,05/22/2026 14:44:36 GMT,05/23/2026 02:45:54 GMT,2026-05-22T14:44:36.400Z,2026-05-23T02:45:54.338Z,Over 6.5 Cristopher Sánchez Pitching Strikeouts CLE vs. PHI | Over 21.5 Allisha Gray PTS+REB DAL vs. ATL | Over 1.5 Dominic Smith Hits + Runs + Runs Batted In WSH vs. ATL,,Baseball | Basketball,MLB | WNBA
6a10626ca94b9fb8a76d26bd,Betr Picks,parlay,SETTLED_LOSS,6,,,10,-10.00,05/22/2026 14:04:28 GMT,05/23/2026 03:35:19 GMT,2026-05-22T14:04:28.794Z,2026-05-23T03:35:19.537Z,Under 2.5 Tobias Myers Pitching Strikeouts NYM vs. MIA | Over 28.5 Stephon Castle Pts+Rebs+Asst OKC vs. SA | Over 7.5 Shai Gilgeous-Alexander Assists OKC vs. SA,,Baseball | Basketball,MLB | NBA
1363362745910566912,Sleeper,parlay,SETTLED_LOSS,2.951,,,22.4,-22.40,05/22/2026 01:31:57 GMT,05/22/2026 04:31:57 GMT,2026-05-22T01:31:57.983Z,2026-05-22T04:31:57.983Z,O 4.5 Luis Severino Hits Allowed ATH @ LAA | O 0.5 Ketel Marte Hits COL @ AZ | O 0.5 Nolan Schanuel Hits ATH @ LAA,,Baseball,MLB
1363362444101046272,Sleeper,parlay,SETTLED_PUSH,2.27,,,10,0.00,05/22/2026 01:30:46 GMT,05/22/2026 04:30:46 GMT,2026-05-22T01:30:46.025Z,2026-05-22T04:30:46.025Z,O 4.5 Luis Severino Hits Allowed ATH @ LAA | O 0.5 Ketel Marte Hits COL @ AZ | O 0.5 Nolan Schanuel Hits ATH @ LAA,,Baseball,MLB
6a0f9cd522413205c00b0d3d,Betr Picks,parlay,SETTLED_LOSS,6,,,15,-15.00,05/22/2026 00:01:25 GMT,05/22/2026 04:40:19 GMT,2026-05-22T00:01:25.340Z,2026-05-22T04:40:19.093Z,Under 8.5 Donovan Mitchell AST+REB CLE vs. NY | Over 23.5 Kelsey Plum PTS+AST LA vs. PHX | Under 5.5 Eduardo Rodriguez Pitching Strikeouts COL vs. ARI,,Basketball | Baseball,NBA | WNBA | MLB
drYV9Gr,DK Pick6,round_robin_3,SETTLED_LOSS,5.886,,,10,-10.00,05/22/2026 00:00:00 GMT,05/22/2026 03:13:52 GMT,2026-05-22T00:00:00.000Z,2026-05-22T03:13:52.000Z,Over 17.5 James Harden Points Cleveland Cavaliers vs. New York Knicks | Over 1.5 Jalen Brunson 3-Pointers Made Cleveland Cavaliers vs. New York Knicks | Over 18.5 Mikal Bridges Pts + Rebs + Asts Cleveland Cavaliers vs. New York Knicks,,Basketball,NBA
1628959724,PrizePicks,round_robin_3,SETTLED_WIN,6,,,5,25.00,05/21/2026 23:38:36 GMT,05/22/2026 05:06:00 GMT,2026-05-21T23:38:36.464Z,2026-05-22T05:06:00.000Z,Under 8.5 Sam Merrill Points CLE vs. NYK | Over 0.5 Nick Suzuki Assists MTL vs. CAR | Over 19.5 Kahleah Copper Points PHX vs. LAS,,Basketball | Ice Hockey,NBA | NHL | WNBA
1363313945129000960,Sleeper,parlay,SETTLED_LOSS,5.2,,,10,-10.00,05/21/2026 22:18:02 GMT,05/22/2026 01:18:02 GMT,2026-05-21T22:18:02.969Z,2026-05-22T01:18:02.969Z,O 26.5 Jakub Dobes Saves MTL @ CAR | O 1.5 Vladimir Guerrero Jr. Hits Runs Rbis TOR @ NYY | O 1.5 Ben Rice Hits Runs Rbis TOR @ NYY,,Ice Hockey | Baseball,NHL | MLB
1628638684,PrizePicks,round_robin_6,SETTLED_WIN,25,,,5,-3.00,05/21/2026 20:58:38 GMT,05/22/2026 06:00:00 GMT,2026-05-21T20:58:38.292Z,2026-05-22T06:00:00.000Z,Over 0.5 Ryan McMahon Total Bases NYY vs. TOR | Under 23.5 Sabrina Ionescu Pts+Rebs+Asts NYL vs. GSV | Under 19.5 Marina Mabrey Points TOR vs. MIN | Under 0.5 James Harden Blocked Shots CLE vs. NYK | Under 26.5 Dearica Hamby Pts+Rebs+Asts LAS vs. PHX | Under 9.5 s1zzi MAPS 1-2 Headshots B8 vs. MIBR MAPS 1-2,,Baseball | Basketball | other,MLB | WNBA | NBA | other
1363273143757594624,Sleeper,parlay,SETTLED_LOSS,5.63,,,10,-10.00,05/21/2026 19:35:55 GMT,05/21/2026 22:35:55 GMT,2026-05-21T19:35:55.164Z,2026-05-21T22:35:55.164Z,O 1.5 Juan Soto Hits Runs Rbis NYM @ WSH | O 1.5 Aaron Judge Hits Runs Rbis TOR @ NYY | O 0.5 Nikolaj Ehlers Points MTL @ CAR,,Baseball | Ice Hockey,MLB | NHL
1363264048057061376,Sleeper,parlay,SETTLED_LOSS,4.85,,,10,-10.00,05/21/2026 18:59:46 GMT,05/21/2026 21:59:46 GMT,2026-05-21T18:59:46.580Z,2026-05-21T21:59:46.580Z,O 23.5 Donovan Mitchell Points CLE @ NYK | O 1.5 Sandy Alcantara Walks ATL @ MIA | O 2.5 Dennis Schröder Assists CLE @ NYK,,Basketball | Baseball,NBA | MLB
1628484485,PrizePicks,round_robin_3,SETTLED_LOSS,6,,,5,-5.00,05/21/2026 18:57:17 GMT,05/22/2026 02:09:00 GMT,2026-05-21T18:57:17.854Z,2026-05-22T02:09:00.000Z,Under 4.5 Spencer Strider Hits Allowed ATL vs. MIA | Over 1.5 Aaron Judge Hits+Runs+RBIs NYY vs. TOR | Under 7.5 Natasha Howard Rebounds MIN vs. TOR,,Baseball | Basketball,MLB | WNBA
6bc8aed4-079d-4cf9-8c6e-b2d8d6e1aac3,Underdog,parlay,SETTLED_LOSS,3.5,,,10,-10.00,05/21/2026 18:50:39 GMT,05/22/2026 03:00:00 GMT,2026-05-21T18:50:39.000Z,2026-05-22T03:00:00.000Z,Higher 15.5 Natasha Howard Points O/U TOR @ MIN | Lower 4.5 Zach Agnos Hits Allowed O/U COL @ AZ,,Basketball | Baseball,WNBA | MLB
1628477101,PrizePicks,round_robin_3,SETTLED_LOSS,6,,,5,-5.00,05/21/2026 18:49:45 GMT,05/22/2026 03:13:00 GMT,2026-05-21T18:49:45.809Z,2026-05-22T03:13:00.000Z,Under 2.5 Dearica Hamby Assists LAS vs. PHX | Over 7.5 Landry Shamet Pts+Rebs+Asts NYK vs. CLE | Under 8.5 Natasha Mack Rebounds PHX vs. LAS,,Basketball,WNBA | NBA
1628469647,PrizePicks,round_robin_3,SETTLED_LOSS,6,,,5,-5.00,05/21/2026 18:41:57 GMT,05/21/2026 23:06:00 GMT,2026-05-21T18:41:57.826Z,2026-05-21T23:06:00.000Z,Over 1.5 Juan Soto Hits+Runs+RBIs NYM vs. WSH | Under 2.5 Zach Agnos Earned Runs Allowed COL vs. AZ | Under 0.5 Ozzie Albies Hitter Strikeouts ATL vs. MIA,,Baseball,MLB
n8rjwqn,DK Pick6,round_robin_3,SETTLED_LOSS,6,,,10,-10.00,05/21/2026 17:10:00 GMT,05/21/2026 23:06:18 GMT,2026-05-21T17:10:00.000Z,2026-05-21T23:06:18.000Z,Over 0.5 Mike Yastrzemski Hits Atlanta Braves vs. Miami Marlins | Over 1.5 Mike Trout Hits + Runs + RBIs Sacramento Athletics vs. Los Angeles Angels | Over 0.5 Juan Soto Total Bases (From Hits) New York Mets vs. Washington Nationals,,Baseball,MLB
6a0f28c66dae273bcf55e82b,Betr Picks,parlay,SETTLED_WIN,6,,,10,20.00,05/21/2026 15:46:14 GMT,05/22/2026 04:46:57 GMT,2026-05-21T15:46:14.318Z,2026-05-22T04:46:57.404Z,Over 5.5 José Soriano Pitching Strikeouts ATH vs. LAA | Over 4.5 Dustin May Pitching Strikeouts PIT vs. STL | Under 5.5 Sabrina Ionescu Assists GSV vs. NY,,Baseball | Basketball,MLB | WNBA
1628266922,PrizePicks,round_robin_3,SETTLED_LOSS,6,,,5,-5.00,05/21/2026 15:33:45 GMT,05/21/2026 20:15:00 GMT,2026-05-21T15:33:45.457Z,2026-05-21T20:15:00.000Z,Under 19.5 Sabrina Ionescu Pts+Rebs NYL vs. GSV | Under 1.5 Jake Mangum Hits+Runs+RBIs PIT vs. STL | Over 11.5 Evan Mobley Rebs+Asts CLE vs. NYK,,Basketball | Baseball,WNBA | MLB | NBA
6a0f22a4d34edd6a7bb827fd,Betr Picks,parlay,SETTLED_WIN,6,,,10,50.00,05/21/2026 15:20:04 GMT,05/22/2026 04:40:21 GMT,2026-05-21T15:20:04.769Z,2026-05-22T04:40:21.665Z,Over 30.5 Jalen Brunson PTS+AST CLE vs. NY | Under 1.5 Lane Hutson Shots on goal MON vs. CAR | Over 13.5 Jovana Nogic Points LA vs. PHX,,Basketball | Ice Hockey,NBA | NHL | WNBA
6a0f16bea0b0fb9434f40a91,Betr Picks,parlay,SETTLED_LOSS,6,,,15,-15.00,05/21/2026 14:29:18 GMT,05/22/2026 04:41:40 GMT,2026-05-21T14:29:18.243Z,2026-05-22T04:41:40.508Z,Over 23.5 Kelsey Plum PTS+AST LA vs. PHX | Over 4.5 Cade Cavalli Pitching Strikeouts NYM vs. WSH | Over 5.5 Spencer Strider Pitching Strikeouts ATL vs. MIA,,Basketball | Baseball,WNBA | MLB
c41298c5-d67a-4ef5-9742-9d861f3ec378,Kalshi,straight,SETTLED_LOSS,3.2653061224489797,,,14.700000000000001,-14.70,05/21/2026 02:15:59 GMT,05/21/2026 03:07:52 GMT,2026-05-21T02:15:59.097Z,2026-05-21T03:07:52.425Z,San Antonio San Antonio at Oklahoma City Game 2,,Basketball,NBA
0b7e97e8-e66f-481b-a396-b796dd9bc6f6,Underdog,parlay,SETTLED_LOSS,0.28,,,20,-20.00,05/21/2026 02:08:07 GMT,05/21/2026 05:08:07 GMT,2026-05-21T02:08:07.000Z,2026-05-21T05:08:07.000Z,SAS Moneyline SAS @ OKC | Lower 12.5 Alex Caruso Points O/U SAS @ OKC | Higher 16.5 Julian Champagnie Pts + Rebs + Asts O/U SAS @ OKC,,Basketball,NBA
jKZZGQG,DK Pick6,round_robin_3,SETTLED_LOSS,6,,,10,-10.00,05/21/2026 00:30:00 GMT,05/21/2026 03:36:56 GMT,2026-05-21T00:30:00.000Z,2026-05-21T03:36:56.000Z,Over 6.5 Stephon Castle Assists San Antonio Spurs vs. Oklahoma City Thunder | Over 3.5 Dylan Harper Assists San Antonio Spurs vs. Oklahoma City Thunder | Over 7.5 Chet Holmgren Rebounds San Antonio Spurs vs. Oklahoma City Thunder,,Basketball,NBA
1627529280,PrizePicks,round_robin_3,SETTLED_LOSS,6,,,10,-10.00,05/21/2026 00:13:02 GMT,05/21/2026 03:15:00 GMT,2026-05-21T00:13:02.985Z,2026-05-21T03:15:00.000Z,Over 3.5 Keldon Johnson Rebounds SAS vs. OKC | Under 2.5 Nazem Kadri Shots On Goal COL vs. VGK | Under 24.5 Chet Holmgren Pts+Rebs+Asts OKC vs. SAS,,Basketball | Ice Hockey,NBA | NHL
e620148c-8a9a-4603-b7fa-11f5859dda4e,Underdog,parlay,SETTLED_WIN,6.41,,,10,54.10,05/21/2026 00:10:45 GMT,05/21/2026 03:40:00 GMT,2026-05-21T00:10:45.000Z,2026-05-21T03:40:00.000Z,Lower 10.5 Chet Holmgren Rebounds + Assists O/U SAS @ OKC | Higher 15.5 Keldon Johnson Pts + Rebs + Asts O/U SAS @ OKC | Higher 1.5 Shohei Ohtani Walks Allowed O/U LAD @ SD,,Basketball | Baseball,NBA | MLB
c2108d4e-f6fb-4451-9bb6-1c330229a9c5,Underdog,parlay,SETTLED_LOSS,5.78,,,10,-10.00,05/20/2026 23:46:30 GMT,05/21/2026 03:30:00 GMT,2026-05-20T23:46:30.000Z,2026-05-21T03:30:00.000Z,Higher 2.5 Carter Bryant Rebounds O/U SAS @ OKC | Higher 9.5 Julian Champagnie Points O/U SAS @ OKC | Lower 19.5 Paige Bueckers Points O/U DAL @ CHI,,Basketball,NBA | WNBA
6a0e475025e530cb8027bfad,Betr Picks,parlay,SETTLED_LOSS,6,,,10,-10.00,05/20/2026 23:44:16 GMT,05/21/2026 03:37:38 GMT,2026-05-20T23:44:16.730Z,2026-05-21T03:37:38.810Z,Under 15.5 Randy Vásquez Total Outs Pitched LAD vs. SD | Over 4.5 Jalen Williams Rebounds SA vs. OKC | Over 9.5 Dylan Harper AST+REB SA vs. OKC,,Baseball | Basketball,MLB | NBA
1627115318,PrizePicks,round_robin_3,SETTLED_LOSS,6,,,5,-5.00,05/20/2026 21:25:20 GMT,05/21/2026 02:45:00 GMT,2026-05-20T21:25:20.663Z,2026-05-21T02:45:00.000Z,Over 0.5 Ernie Clement Singles TOR vs. NYY | Over 0.5 Jordan Walker Singles STL vs. PIT | Over 1.5 Zach Neto Hits+Runs+RBIs LAA vs. ATH,,Baseball,MLB
1627106973,PrizePicks,round_robin_3,SETTLED_LOSS,6,,,5,-5.00,05/20/2026 21:19:51 GMT,05/21/2026 01:40:00 GMT,2026-05-20T21:19:51.885Z,2026-05-21T01:40:00.000Z,Under 7.5 Chris Sale Pitcher Strikeouts ATL vs. MIA | Under 5.5 Michael Wacha Hits Allowed KC vs. BOS | Over 15.5 Natisha Hiedeman Pts+Asts SEA vs. CON,,Baseball | Basketball,MLB | WNBA
e40eb810-ec67-4005-8b90-5fdbee476db3,Underdog,parlay,SETTLED_LOSS,6.5,,,10,-10.00,05/20/2026 19:58:06 GMT,05/21/2026 05:00:00 GMT,2026-05-20T19:58:06.000Z,2026-05-21T05:00:00.000Z,Higher 0.0 Victor Wembanyama Points O/U SAS @ OKC | Higher 14.5 Natisha Hiedeman Points + Rebounds O/U CON @ SEA | Higher 13.5 Saniya Rivers Points + Assists O/U CON @ SEA,,Basketball,NBA | WNBA
6a0e08a69b3d65b8a4d73c6e,Betr Picks,parlay,SETTLED_WIN,6,,,10,20.00,05/20/2026 19:16:54 GMT,05/21/2026 04:23:32 GMT,2026-05-20T19:16:54.472Z,2026-05-21T04:23:32.116Z,Over 7.5 Monique Billings Points POR vs. IND | Over 0.5 Victor Wembanyama PTS+REB SA vs. OKC | Over 13.5 Brittney Griner Points CONN vs. SEA,,Basketball,WNBA | NBA
6a0e0861ed9b5c0b516bcba9,Betr Picks,parlay,SETTLED_LOSS,6,,,10,-10.00,05/20/2026 19:15:45 GMT,05/21/2026 03:18:26 GMT,2026-05-20T19:15:45.398Z,2026-05-21T03:18:26.762Z,Over 0.5 Gage Workman Hits CLE vs. DET | Over 26.5 Shai Gilgeous-Alexander Points SA vs. OKC | Over 1.5 Janson Junk Pitching Walks ATL vs. MIA,,Baseball | Basketball,MLB | NBA
1362900771896594432,Sleeper,parlay,SETTLED_WIN,5.39,,,10,43.90,05/20/2026 18:56:14 GMT,05/20/2026 21:56:14 GMT,2026-05-20T18:56:14.794Z,2026-05-20T21:56:14.794Z,O 4.5 Connelly Early Strike Outs BOS @ KC | O 6.5 Chris Sale Strike Outs ATL @ MIA | O 1.5 Curtis Mead Hits Runs Rbis NYM @ WSH,,Baseball,MLB
1626848537,PrizePicks,round_robin_3,SETTLED_LOSS,6,,,5,-5.00,05/20/2026 17:57:44 GMT,05/21/2026 03:37:00 GMT,2026-05-20T17:57:44.339Z,2026-05-21T03:37:00.000Z,Over 0.5 Tristan Peters Total Bases CWS vs. SEA | Under 4.5 Isaiah Hartenstein Points OKC vs. SAS | Over 4.5 Gabriela Jaquez Rebounds CHI vs. DAL,,Baseball | Basketball,MLB | NBA | WNBA
6a0df496a2133094c0c5a8be,Betr Picks,parlay,SETTLED_LOSS,6,,,10,-10.00,05/20/2026 17:51:18 GMT,05/21/2026 03:23:09 GMT,2026-05-20T17:51:18.805Z,2026-05-21T03:23:09.984Z,Over 3.5 Nathan MacKinnon Shots on goal VEG vs. COL | Over 5.5 Luguentz Dort Points SA vs. OKC | Under 1.5 Devon Toews Shots on goal VEG vs. COL,,Ice Hockey | Basketball,NHL | NBA
1362883560259727360,Sleeper,parlay,SETTLED_WIN,2.85,,,10,18.50,05/20/2026 17:47:51 GMT,05/20/2026 20:47:51 GMT,2026-05-20T17:47:51.220Z,2026-05-20T20:47:51.220Z,O 19.5 Caitlin Clark Points PDX @ IND | O 16.5 Victor Wembanyama Rebounds & Assists SAS @ OKC | O 4.5 Gabriela Jaquez Rebounds DAL @ CHI,,Basketball,WNBA | NBA
50535d7c-913e-4457-bf53-016f797f59a0,Underdog,parlay,SETTLED_LOSS,6.35,,,10,-10.00,05/20/2026 16:19:18 GMT,05/21/2026 03:00:00 GMT,2026-05-20T16:19:18.000Z,2026-05-21T03:00:00.000Z,Lower 0.5 Munetaka Murakami Batter Walks O/U CWS @ SEA | Lower 2.5 Nazem Kadri Shots on Goal O/U VGK @ COL | Lower 2.5 Gabriel Landeskog Shots on Goal O/U VGK @ COL,,Baseball | Ice Hockey,MLB | NHL
6a0ddd899528331b2aa815cf,Betr Picks,parlay,SETTLED_LOSS,6,,,15,-15.00,05/20/2026 16:12:57 GMT,05/21/2026 03:39:06 GMT,2026-05-20T16:12:57.508Z,2026-05-21T03:39:06.715Z,Over 0.5 James Wood Runs NYM vs. WSH | Over 22.5 Paige Bueckers PTS+AST DAL vs. CHI | Over 4.5 Connelly Early Pitching Strikeouts BOS vs. KC,,Baseball | Basketball,MLB | WNBA
d5170dcd-117e-45f0-bc16-133bc30e5b8d,Underdog,parlay,SETTLED_LOSS,3.5,,,14.75,-14.75,05/20/2026 14:52:40 GMT,05/20/2026 20:05:00 GMT,2026-05-20T14:52:40.000Z,2026-05-20T20:05:00.000Z,Higher 1.5 Adolis Garcia Hits + Runs + RBIs O/U CIN @ PHI | Higher 9.5 Anton Matusevich Games Won O/U (vs Hynek Barton) Barton vs Matusevich,,Baseball | Tennis,MLB | TENNIS
1626096127,PrizePicks,round_robin_3,SETTLED_LOSS,6,,,10,-10.00,05/20/2026 00:27:37 GMT,05/20/2026 04:43:00 GMT,2026-05-20T00:27:37.137Z,2026-05-20T04:43:00.000Z,Over 28.5 Alyssa Thomas Pts+Rebs+Asts PHX vs. TOR | Over 6.5 Reid Detmers Pitcher Strikeouts LAA vs. ATH | Under 4.5 Anthony Kay Pitcher Strikeouts CWS vs. SEA,,Basketball | Baseball,WNBA | MLB
yx98RjW,DK Pick6,round_robin_3,SETTLED_LOSS,5.742,,,10,-10.00,05/20/2026 00:00:00 GMT,05/20/2026 02:44:48 GMT,2026-05-20T00:00:00.000Z,2026-05-20T02:44:48.335Z,Under 35.5 Donovan Mitchell Pts + Rebs + Asts Cleveland Cavaliers vs. New York Knicks | Under 23.5 OG Anunoby Pts + Rebs + Asts Cleveland Cavaliers vs. New York Knicks | Over 0.5 Karl-Anthony Towns 3-Pointers Made Cleveland Cavaliers vs. New York Knicks,,Basketball,NBA
jKZzq9Z,DK Pick6,round_robin_4,SETTLED_LOSS,8.73,,,10,-10.00,05/20/2026 00:00:00 GMT,05/20/2026 03:13:43 GMT,2026-05-20T00:00:00.000Z,2026-05-20T03:13:43.000Z,Over 6.5 Sam Merrill Points Cleveland Cavaliers vs. New York Knicks | Over 6.5 James Harden Assists Cleveland Cavaliers vs. New York Knicks | Over 17.5 Karl-Anthony Towns Points Cleveland Cavaliers vs. New York Knicks | Over 4.5 Jalen Brunson Assists Cleveland Cavaliers vs. New York Knicks,,Basketball,NBA
6a0ccd1a2d2a57db4dd4ae82,Betr Picks,parlay,SETTLED_LOSS,6,,,5,-5.00,05/19/2026 20:50:34 GMT,05/20/2026 04:28:13 GMT,2026-05-19T20:50:34.072Z,2026-05-20T04:28:13.773Z,Over 18.5 Kahleah Copper Points TOR vs. PHX | Under 1.5 Mikal Bridges 3PT Made CLE vs. NY | Under 0.5 Nick Morabito Singles NYM vs. WSH,,Basketball | Baseball,WNBA | NBA | MLB
c8fe604e-4072-4263-a708-d16d63f24aba,Underdog,parlay,SETTLED_WIN,8.15,,,15,107.25,05/19/2026 20:35:45 GMT,05/20/2026 02:44:47 GMT,2026-05-19T20:35:45.000Z,2026-05-20T02:44:47.342Z,Lower 1.5 Kevin McGonigle Hits + Runs + RBIs O/U CLE @ DET | Lower 0.5 Trevor Larnach Batter Walks O/U HOU @ MIN | Higher 1.5 Konnor Griffin Hits + Runs + RBIs O/U PIT @ STL,,Baseball,MLB
1625539325,PrizePicks,round_robin_3,SETTLED_WIN,6,,,10,50.00,05/19/2026 20:32:44 GMT,05/20/2026 02:40:00 GMT,2026-05-19T20:32:44.026Z,2026-05-20T02:40:00.000Z,Over 4 Nolan McLean Pitcher Strikeouts NYM vs. WSH | Under 1.5 Zebby Matthews Walks Allowed MIN vs. HOU | Over 0.5 Ceddanne Rafaela Singles BOS vs. KC,,Baseball,MLB
019e41cd-6605-714a-814a-9ba2a5d7bbf4,Dabble,parlay,SETTLED_LOSS,6,,,5,-5.00,05/19/2026 19:54:00 GMT,05/19/2026 23:17:10 GMT,2026-05-19T19:54:00.539Z,2026-05-19T23:17:10.784Z,Over 5.5 Parker Messick strikeouts Cleveland Guardians @ Detroit Tigers | Over 0.5 Ronald Acuña Jr. singles Atlanta Braves @ Miami Marlins | Over 0.5 Bailey Falter earned-runs Boston Red Sox @ Kansas City Royals,,Baseball,MLB
6a0cbed02d2a57db4dd4ad90,Betr Picks,parlay,SETTLED_LOSS,6,,,10,-10.00,05/19/2026 19:49:36 GMT,05/20/2026 03:14:54 GMT,2026-05-19T19:49:36.702Z,2026-05-20T03:14:54.532Z,Under 11.5 James Harden AST+REB CLE vs. NY | Over 1.5 Bryce Harper Hits + Runs + Runs Batted In CIN vs. PHI | Over 24.5 Donovan Mitchell Points CLE vs. NY,,Basketball | Baseball,NBA | MLB
1362538783358087168,Sleeper,parlay,SETTLED_LOSS,11.908,,,10,-10.00,05/19/2026 18:57:50 GMT,05/19/2026 21:57:50 GMT,2026-05-19T18:57:50.001Z,2026-05-19T21:57:50.001Z,U 0.5 Manny Machado Bat Walks LAD @ SD | U 0.5 Elly De La Cruz Bat Walks CIN @ PHI | O 0.5 Alex Bregman Total Bases MIL @ CHC | U 0.5 Chandler Simpson Stolen Bases BAL @ TB | O 0.5 Sal Frelick Total Bases MIL @ CHC | U 0.5 Jackson Holliday Runs BAL @ TB,,Baseball,MLB
1362537883335921664,Sleeper,parlay,SETTLED_PUSH,9.321,,,10,0.00,05/19/2026 18:54:15 GMT,05/19/2026 21:24:38 GMT,2026-05-19T18:54:15.418Z,2026-05-19T21:24:38.681Z,U 0.5 Manny Machado Bat Walks LAD @ SD | U 0.5 Jackson Chourio Runs MIL @ CHC | O 0.5 Alex Bregman Total Bases MIL @ CHC | U 0.5 Chandler Simpson Stolen Bases BAL @ TB | O 0.5 Sal Frelick Total Bases MIL @ CHC,,Baseball,MLB
facedae7-c352-4959-ab1b-edde10ff3c5c,Underdog,parlay,SETTLED_LOSS,3.5,,,5,-5.00,05/19/2026 18:49:37 GMT,05/20/2026 04:40:00 GMT,2026-05-19T18:49:37.000Z,2026-05-20T04:40:00.000Z,Lower 1.5 Matt Vierling Hits + Runs + RBIs O/U CLE @ DET | Lower 14.5 Griffin Canning Pitching Outs O/U LAD @ SD,,Baseball,MLB
6a0ca9cc28be9b8e9ce245e5,Betr Picks,parlay,SETTLED_LOSS,10,,,10,0.00,05/19/2026 18:19:56 GMT,05/20/2026 04:30:29 GMT,2026-05-19T18:19:56.225Z,2026-05-20T04:30:29.049Z,Over 6.5 Max Strus AST+REB CLE vs. NY | Over 8.5 Natasha Mack Points TOR vs. PHX | Over 20.5 Brittany Sykes PTS+AST TOR vs. PHX | Over 24.5 Alyssa Thomas PTS+AST TOR vs. PHX,,Basketball,NBA | WNBA
1625214945,PrizePicks,round_robin_3,SETTLED_LOSS,6,,,5,-5.00,05/19/2026 16:31:19 GMT,05/20/2026 03:14:00 GMT,2026-05-19T16:31:19.024Z,2026-05-20T03:14:00.000Z,Over 1.5 Mookie Betts Hits+Runs+RBIs LAD vs. SD | Over 0.5 Ildemaro Vargas Singles AZ vs. SF | Under 8.5 Dean Wade Pts+Rebs+Asts CLE vs. NYK,,Baseball | Basketball,MLB | NBA
70e2575f-b2e6-4fd6-b617-c431539d64b6,Underdog,parlay,SETTLED_VOID,5.85,,,5,0.00,05/19/2026 16:17:35 GMT,05/20/2026 02:40:00 GMT,2026-05-19T16:17:35.000Z,2026-05-20T02:40:00.000Z,Higher 1.5 Keider Montero Walks Allowed O/U CLE @ DET | Lower 0.5 James Wood Batter Walks O/U NYM @ WSH | Higher 0.5 Tristan Gray Hits O/U HOU @ MIN,,Baseball,MLB
1625194093,PrizePicks,round_robin_3,SETTLED_LOSS,6,,,10,-10.00,05/19/2026 16:10:49 GMT,05/20/2026 02:05:00 GMT,2026-05-19T16:10:49.800Z,2026-05-20T02:05:00.000Z,Over 21.5 Jalen Brunson Points NYK vs. CLE | Over 1.5 George Springer Hits+Runs+RBIs TOR vs. NYY | Over 1.5 Vaughn Grissom Hits+Runs+RBIs LAA vs. ATH,,Basketball | Baseball,NBA | MLB
1625153254,PrizePicks,round_robin_6,SETTLED_LOSS,25,,,5,-5.00,05/19/2026 15:19:15 GMT,05/20/2026 02:40:00 GMT,2026-05-19T15:19:15.773Z,2026-05-20T02:40:00.000Z,Under 17.5 Zebby Matthews Pitching Outs MIN vs. HOU | Over 5.5 Emmet Sheehan Pitcher Strikeouts LAD vs. SD | Over 4.5 Landen Roupp Pitcher Strikeouts SF vs. AZ | Over 33.5 Alyssa Thomas Pts+Rebs+Asts PHX vs. TOR | Under 12.5 Toby Samuel Total Games Won Toby Samuel vs. David Goffin | Under 14.5 Chet Holmgren Points OKC vs. SAS,,Baseball | Basketball | Tennis,MLB | WNBA | TENNIS | NBA
6a0c7f22a30c3d642c651011,Betr Picks,parlay,SETTLED_LOSS,6,,,20,-20.00,05/19/2026 15:17:54 GMT,05/20/2026 04:38:52 GMT,2026-05-19T15:17:54.226Z,2026-05-20T04:38:52.849Z,Over 6.5 Dylan Cease Pitching Strikeouts TOR vs. NYY | Over 5.5 Emmet Sheehan Pitching Strikeouts LAD vs. SD | Over 4.5 Landen Roupp Pitching Strikeouts SF vs. ARI,,Baseball,MLB
1362270251483435008,Sleeper,parlay,SETTLED_LOSS,5.9125000000000005,,,10,-10.00,05/19/2026 01:10:47 GMT,05/19/2026 04:10:47 GMT,2026-05-19T01:10:47.012Z,2026-05-19T04:10:47.012Z,O 0.5 Mike Trout Bat Walks ATH @ LAA | O 1.5 Shohei Ohtani Hits Runs Rbis LAD @ SD | O 4.5 Noah Schultz Strike Outs CWS @ SEA,,Baseball,MLB
yx94mGj,DK Pick6,round_robin_3,SETTLED_LOSS,5.91,,,5,-5.00,05/19/2026 00:30:00 GMT,05/19/2026 02:51:47 GMT,2026-05-19T00:30:00.000Z,2026-05-19T02:51:47.388Z,Over 8.5 Chet Holmgren Rebounds San Antonio Spurs vs. Oklahoma City Thunder | Under 4.5 Dylan Harper Rebounds San Antonio Spurs vs. Oklahoma City Thunder | Under 7.5 Stephon Castle Assists San Antonio Spurs vs. Oklahoma City Thunder,,Basketball,NBA
WnD4Qpp,DK Pick6,round_robin_3,SETTLED_LOSS,5.904,,,10,-10.00,05/19/2026 00:30:00 GMT,05/19/2026 02:51:47 GMT,2026-05-19T00:30:00.000Z,2026-05-19T02:51:47.393Z,Over 1.5 Luguentz Dort 3-Pointers Made San Antonio Spurs vs. Oklahoma City Thunder | Over 0.5 Dylan Harper Points San Antonio Spurs vs. Oklahoma City Thunder | Under 15.5 Jalen Williams Points San Antonio Spurs vs. Oklahoma City Thunder,,Basketball,NBA
pgwVwBW,DK Pick6,round_robin_3,SETTLED_LOSS,5,,,5,-5.00,05/19/2026 00:00:00 GMT,05/19/2026 02:51:47 GMT,2026-05-19T00:00:00.000Z,2026-05-19T02:51:47.389Z,Under 9.5 Saniya Rivers Points Connecticut Sun vs. Portland Fire | Over 14.5 Shakira Austin Points Washington Mystics vs. Dallas Wings | Under 11.5 Luisa Geiselsoder Points Connecticut Sun vs. Portland Fire,,Basketball,WNBA
6a0b7f5333643e0cb514a977,Betr Picks,parlay,SETTLED_LOSS,10,,,5,-5.00,05/18/2026 21:06:27 GMT,05/19/2026 03:56:57 GMT,2026-05-18T21:06:27.435Z,2026-05-19T03:56:57.402Z,Over 0.5 Tage Thompson Goals MON vs. BUF | Under 0.5 JJ Bleday Runs CIN vs. PHI | Over 8.5 De'Aaron Fox AST+REB SA vs. OKC,,Ice Hockey | Baseball | Basketball,NHL | MLB | NBA
9c364ba7-398a-4abe-a65b-485a1a68f169,Underdog,parlay,SETTLED_LOSS,6.5,,,10,-10.00,05/18/2026 21:04:00 GMT,05/19/2026 03:30:00 GMT,2026-05-18T21:04:00.000Z,2026-05-19T03:30:00.000Z,Lower 1.5 Lane Hutson Shots on Goal O/U MTL @ BUF | Lower 22.5 Sonia Citron Points + Rebounds O/U WAS @ DAL | Higher 8.5 Chet Holmgren Rebounds O/U SAS @ OKC,,Ice Hockey | Basketball,NHL | WNBA | NBA
019e3ce0-c326-76fc-8f27-5fce804ad8bc,Dabble,parlay,SETTLED_LOSS,10,,,10,-10.00,05/18/2026 20:57:03 GMT,05/19/2026 03:56:44 GMT,2026-05-18T20:57:03.455Z,2026-05-19T03:56:44.651Z,Under 0.5 Sam Haggerty singles Texas Rangers @ Colorado Rockies | Over 29.5 Shai Gilgeous-Alexander points San Antonio Spurs @ Oklahoma City Thunder | Over 18.5 Devin Vassell assists + points + rebounds San Antonio Spurs @ Oklahoma City Thunder | Under 1.5 Bryan Woo walks Chicago White Sox @ Seattle Mariners,,Baseball | Basketball,MLB | NBA
6a0b7acbd2d03c09c7cf46e9,Betr Picks,parlay,SETTLED_LOSS,6,,,20,-20.00,05/18/2026 20:47:07 GMT,05/19/2026 04:15:55 GMT,2026-05-18T20:47:07.588Z,2026-05-19T04:15:55.880Z,Over 23.5 Jakub Dobes Saves MON vs. BUF | Under 16.5 J.T. Ginn Total Outs Pitched ATH vs. LAA | Over 12.5 Victor Wembanyama Rebounds SA vs. OKC,,Ice Hockey | Baseball | Basketball,NHL | MLB | NBA
1623999688,PrizePicks,round_robin_5,SETTLED_LOSS,20,,,5,-5.00,05/18/2026 19:18:13 GMT,05/19/2026 02:20:00 GMT,2026-05-18T19:18:13.402Z,2026-05-19T02:20:00.000Z,Under 1.5 Matt Vierling Hits+Runs+RBIs DET vs. CLE | Under 0.5 Aaron Judge RBIs NYY vs. TOR | Under 3.5 Luke Kornet Rebounds SAS vs. OKC | Under 1.5 Victor Wembanyama 3-PT Made SAS vs. OKC | Under 1.5 Chet Holmgren Assists OKC vs. SAS,,Baseball | Basketball,MLB | NBA
1362180080113033216,Sleeper,parlay,SETTLED_LOSS,5.23,,,10,-10.00,05/18/2026 19:12:28 GMT,05/18/2026 22:12:28 GMT,2026-05-18T19:12:28.483Z,2026-05-18T22:12:28.483Z,O 15.5 Shota Imanaga Outs MIL @ CHC | O 6.5 Shai Gilgeous-Alexander Assists SAS @ OKC | O 1.5 Brett Baty Hits Runs Rbis NYM @ WSH,,Baseball | Basketball,MLB | NBA
1623962049,PrizePicks,round_robin_3,SETTLED_WIN,6,,,5,25.00,05/18/2026 18:44:30 GMT,05/19/2026 12:40:00 GMT,2026-05-18T18:44:30.778Z,2026-05-19T12:40:00.000Z,Under 16.5 Isaiah Hartenstein Pts+Rebs OKC vs. SAS | Under 1.5 Chet Holmgren Assists OKC vs. SAS | Under 20.5 Robin Montgomery Total Games Robin Montgomery vs. Maddison Inglis,,Basketball | Tennis,NBA | TENNIS
a1df807c-6b00-4bc0-af08-13d4b12237e9,Underdog,parlay,SETTLED_LOSS,6.5,,,10,-10.00,05/18/2026 18:38:17 GMT,05/19/2026 02:40:00 GMT,2026-05-18T18:38:17.000Z,2026-05-19T02:40:00.000Z,Higher 1.5 Vladimir Guerrero Jr. Hits + Runs + RBIs O/U TOR @ NYY | Lower 1.5 Shota Imanaga Walks Allowed O/U MIL @ CHC | Lower 2.5 Michael King Walks Allowed O/U LAD @ SD,,Baseball,MLB
019e3c5f-6e6a-7138-9c06-af972f83150d,Dabble,parlay,SETTLED_LOSS,6,,,5,-5.00,05/18/2026 18:35:47 GMT,05/19/2026 03:48:36 GMT,2026-05-18T18:35:47.257Z,2026-05-19T03:48:36.691Z,Under 4.5 Cason Wallace assists + rebounds San Antonio Spurs @ Oklahoma City Thunder | Over 11.5 Devin Vassell points San Antonio Spurs @ Oklahoma City Thunder | Under 1.5 Bryan Woo walks Chicago White Sox @ Seattle Mariners,,Basketball | Baseball,NBA | MLB
6a0b51eadf7ba39254440b7b,Betr Picks,parlay,SETTLED_WIN,6,,,10,50.00,05/18/2026 17:52:42 GMT,05/19/2026 04:36:51 GMT,2026-05-18T17:52:42.918Z,2026-05-19T04:36:51.943Z,Over 13.5 Brittney Griner Points CONN vs. POR | Over 4.5 Noah Schultz Pitching Strikeouts CHW vs. SEA | Over 34.5 Victor Wembanyama PTS+REB SA vs. OKC,,Basketball | Baseball,WNBA | MLB | NBA
1623818212,PrizePicks,round_robin_3,SETTLED_LOSS,6,,,5,-5.00,05/18/2026 16:06:26 GMT,05/19/2026 02:05:00 GMT,2026-05-18T16:06:26.612Z,2026-05-19T02:05:00.000Z,Under 5.5 Shota Imanaga Pitcher Strikeouts CHC vs. MIL | Under 1.5 Moisés Ballesteros Hits+Runs+RBIs CHC vs. MIL | Under 5.5 Ryan Weathers Pitcher Strikeouts NYY vs. TOR,,Baseball,MLB
019e3bd4-8c75-75b1-8503-6f4733cb5b1d,Dabble,parlay,SETTLED_LOSS,6,,,5,-5.00,05/18/2026 16:04:05 GMT,05/19/2026 03:56:59 GMT,2026-05-18T16:04:05.829Z,2026-05-19T03:56:59.879Z,Over 16.5 Stephon Castle points San Antonio Spurs @ Oklahoma City Thunder | Under 1.5 Shai Gilgeous-Alexander three-made San Antonio Spurs @ Oklahoma City Thunder | Over 1.5 Cody Bellinger hits + runs + rbis Toronto Blue Jays @ New York Yankees,,Basketball | Baseball,NBA | MLB
6a0b36f9167257a8b2a0ed1f,Betr Picks,parlay,SETTLED_WIN,6,,,10,50.00,05/18/2026 15:57:45 GMT,05/19/2026 04:39:33 GMT,2026-05-18T15:57:45.806Z,2026-05-19T04:39:33.747Z,Over 5.5 Bryan Woo Pitching Strikeouts CHW vs. SEA | Under 4.5 Hailey Van Lith Assists CONN vs. POR | Over 1.5 Ildemaro Vargas Hits + Runs + Runs Batted In SF vs. ARI,,Baseball | Basketball,MLB | WNBA
6a0a171bd95ba69960842ed2,Betr Picks,parlay,SETTLED_LOSS,6,,,10,-10.00,05/17/2026 19:29:31 GMT,05/18/2026 03:05:53 GMT,2026-05-17T19:29:31.092Z,2026-05-18T03:05:53.733Z,Over 6.5 Caris LeVert Points CLE vs. DET | Over 2.5 Kelsey Mitchell 3PT Made SEA vs. IND | Under 5.5 George Kirby Pitching Strikeouts SD vs. SEA,,Basketball | Baseball,NBA | WNBA | MLB
1361804928888090625,Sleeper,parlay,SETTLED_WIN,5.07,,,10,40.70,05/17/2026 18:21:45 GMT,05/17/2026 21:21:45 GMT,2026-05-17T18:21:45.461Z,2026-05-17T21:21:45.461Z,O 30.5 Donovan Mitchell Pts Reb Ast CLE @ DET | U 4.5 Roki Sasaki Hits Allowed LAD @ LAA | O 8.5 Jalen Duren Rebounds CLE @ DET,,Basketball | Baseball,NBA | MLB
1622633989,PrizePicks,round_robin_3,SETTLED_LOSS,6,,,5,-5.00,05/17/2026 18:17:59 GMT,05/17/2026 23:08:00 GMT,2026-05-17T18:17:59.752Z,2026-05-17T23:08:00.000Z,Over 0.5 Cade Cunningham Points DET vs. CLE | Under 3.5 Daniss Jenkins Assists DET vs. CLE | Over 0.5 Mike Trout Walks LAA vs. LAD,,Basketball | Baseball,NBA | MLB
6a0a05e3ac11a72795fc38df,Betr Picks,parlay,SETTLED_LOSS,6,,,20,-20.00,05/17/2026 18:16:03 GMT,05/18/2026 03:03:36 GMT,2026-05-17T18:16:03.331Z,2026-05-18T03:03:36.226Z,Under 6.5 Daniss Jenkins AST+REB CLE vs. DET | Over 7.5 Paul Reed Points CLE vs. DET | Over 21.5 Evan Mobley PTS+REB CLE vs. DET,,Basketball,NBA
6a09e04dfbb5a1b95403ff75,Betr Picks,parlay,SETTLED_LOSS,6,,,10,-10.00,05/17/2026 15:35:41 GMT,05/18/2026 03:05:48 GMT,2026-05-17T15:35:41.987Z,2026-05-18T03:05:48.294Z,Over 8.5 Jalen Duren Rebounds CLE vs. DET | Over 4.5 George Kirby Pitching Strikeouts SD vs. SEA | Over 11.5 Ausar Thompson PTS+AST CLE vs. DET,,Basketball | Baseball,NBA | MLB
a77e3317-daf2-451a-91e4-ef4dbdcd9097,Underdog,parlay,SETTLED_LOSS,27.47,,,5,-5.00,05/16/2026 23:01:23 GMT,05/17/2026 02:15:00 GMT,2026-05-16T23:01:23.000Z,2026-05-17T02:15:00.000Z,Higher 0.5 A.J. Ewing Home Runs O/U NYY @ NYM | Lower 8.5 Aiming Kills on Maps 1+2 O/U KT Rolster vs Hanwha Life Esports,,Baseball | other,MLB | other
1621620894,PrizePicks,round_robin_3,SETTLED_LOSS,6,,,5,-5.00,05/16/2026 22:45:51 GMT,05/17/2026 02:17:00 GMT,2026-05-16T22:45:51.353Z,2026-05-17T02:17:00.000Z,Under 0.5 Jose Altuve Singles HOU vs. TEX | Under 0.5 Brice Matthews Total Bases HOU vs. TEX | Under 0.5 Rodolfo Durán Total Bases SD vs. SEA,,Baseball,MLB
1361508685288857600,Sleeper,parlay,SETTLED_LOSS,5.17,,,10,-10.00,05/16/2026 22:44:35 GMT,05/17/2026 01:44:35 GMT,2026-05-16T22:44:35.483Z,2026-05-17T01:44:35.483Z,O 6.5 Jacob deGrom Strike Outs TEX @ HOU | U 1.5 Pete Crow-Armstrong Hits Runs Rbis CHC @ CWS | O 0.5 Danny Jansen Hits TEX @ HOU,,Baseball,MLB
6a08f3028bba66ad15f34bde,Betr Picks,parlay,SETTLED_LOSS,6,,,10,-10.00,05/16/2026 22:43:14 GMT,05/17/2026 04:52:23 GMT,2026-05-16T22:43:14.012Z,2026-05-17T04:52:23.154Z,Over 1.5 Brice Turang Hits + Runs + Runs Batted In MIL vs. MIN | Over 1.5 Ben Rice Hits + Runs + Runs Batted In NYY vs. NYM | Over 4.5 José Soriano Pitching Strikeouts LAD vs. LAA,,Baseball,MLB
6a08c5a1ed172a81b0e85a1f,Betr Picks,parlay,SETTLED_WIN,6,,,10,20.00,05/16/2026 19:29:37 GMT,05/18/2026 00:32:51 GMT,2026-05-16T19:29:37.965Z,2026-05-18T00:32:51.491Z,Over 26.5 Caitlin Clark PTS+AST SEA vs. IND | Under 2.5 Walker Buehler Pitching Earned Runs SD vs. SEA | Over 0.5 Freddy Fermin Total Bases SD vs. SEA,,Basketball | Baseball,WNBA | MLB
6a07c51b3b384facf6fb0733,Betr Picks,parlay,SETTLED_LOSS,6,,,10,-10.00,05/16/2026 01:15:07 GMT,05/16/2026 04:33:39 GMT,2026-05-16T01:15:07.074Z,2026-05-16T04:33:39.490Z,Over 16.5 Kelsey Plum Points TOR vs. LA | Over 0.5 Freddy Fermin Total Bases SD vs. SEA | Under 7.5 Naz Reid Rebounds SA vs. MIN,,Basketball | Baseball,WNBA | MLB | NBA
1361157394263977984,Sleeper,parlay,SETTLED_LOSS,5.29,,,10,-10.00,05/15/2026 23:28:41 GMT,05/16/2026 02:28:41 GMT,2026-05-15T23:28:41.176Z,2026-05-16T02:28:41.176Z,O 22.5 Anthony Edwards Points SAS @ MIN | O 0.5 Evan Carter Hits TEX @ HOU | U 1.5 Jo Adell Hits Runs Rbis LAD @ LAA,,Basketball | Baseball,NBA | MLB
7MG2wGM,DK Pick6,round_robin_4,SETTLED_LOSS,9.69,,,10,-10.00,05/15/2026 23:00:00 GMT,05/16/2026 02:00:00 GMT,2026-05-15T23:00:00.000Z,2026-05-16T02:00:00.000Z,Over 30.5 James Harden Pts + Rebs + Asts Detroit Pistons vs. Cleveland Cavaliers | Under 44.5 Victor Wembanyama Pts + Rebs + Asts San Antonio Spurs vs. Minnesota Timberwolves | Over 23.5 Cade Cunningham Points Detroit Pistons vs. Cleveland Cavaliers | Over 18.5 Devin Vassell Pts + Rebs + Asts San Antonio Spurs vs. Minnesota Timberwolves,,Basketball,NBA
VnrVgDn,DK Pick6,round_robin_3,SETTLED_LOSS,6,,,10,-10.00,05/15/2026 23:00:00 GMT,05/16/2026 02:00:00 GMT,2026-05-15T23:00:00.000Z,2026-05-16T02:00:00.000Z,Over 23.5 Jaden McDaniels Pts + Rebs + Asts San Antonio Spurs vs. Minnesota Timberwolves | Under 37.5 Anthony Edwards Pts + Rebs + Asts San Antonio Spurs vs. Minnesota Timberwolves | Over 22.5 Donovan Mitchell Points Detroit Pistons vs. Cleveland Cavaliers,,Basketball,NBA
6a07a3708f315eac17ae671c,Betr Picks,parlay,SETTLED_LOSS,6,,,10,-10.00,05/15/2026 22:51:28 GMT,05/16/2026 04:33:52 GMT,2026-05-15T22:51:28.769Z,2026-05-16T04:33:52.790Z,Under 17.5 Jack Leiter Total Outs Pitched TEX vs. HOU | Under 15.5 Aliyah Boston Points WSH vs. IND | Over 16.5 Kelsey Plum Points TOR vs. LA,,Baseball | Basketball,MLB | WNBA
1619908054,PrizePicks,round_robin_3,SETTLED_LOSS,6,,,5,-5.00,05/15/2026 20:50:33 GMT,05/16/2026 02:12:00 GMT,2026-05-15T20:50:33.178Z,2026-05-16T02:12:00.000Z,Over 3.5 Sonia Citron Rebounds WAS vs. IND | Under 4.5 Paul Reed Rebounds DET vs. CLE | Over 3.5 Donovan Mitchell Assists CLE vs. DET,,Basketball,WNBA | NBA
1619897307,PrizePicks,round_robin_3,SETTLED_LOSS,6,,,5,-5.00,05/15/2026 20:44:08 GMT,05/16/2026 01:45:00 GMT,2026-05-15T20:44:08.670Z,2026-05-16T01:45:00.000Z,Under 0.5 Adley Rutschman Hitter Strikeouts BAL vs. WSH | Under 0.5 Edmundo Sosa Singles PHI vs. PIT | Under 0.5 José Azócar Hits ATL vs. BOS,,Baseball,MLB
6a0785498c36de225874c921,Betr Picks,parlay,SETTLED_LOSS,6,,,10,-10.00,05/15/2026 20:42:49 GMT,05/16/2026 04:31:37 GMT,2026-05-15T20:42:49.372Z,2026-05-16T04:31:37.672Z,Over 1.5 Xavier Edwards Hits + Runs + Runs Batted In MIA vs. TB | Over 23.5 Evan Mobley PTS+REB DET vs. CLE | Over 37.5 Victor Wembanyama PTS+REB SA vs. MIN,,Baseball | Basketball,MLB | NBA
6a078021949bec8ab53d5bce,Betr Picks,parlay,SETTLED_LOSS,6,,,10,-10.00,05/15/2026 20:20:49 GMT,05/16/2026 04:30:16 GMT,2026-05-15T20:20:49.595Z,2026-05-16T04:30:16.588Z,Over 27.5 James Harden Pts+Rebs+Asst DET vs. CLE | Over 26.5 Julius Randle Pts+Rebs+Asst SA vs. MIN | Under 6.5 Merrill Kelly Pitching Hits Allowed ARI vs. COL,,Basketball | Baseball,NBA | MLB
6a074b9ba9d73ef5c849e50e,Betr Picks,parlay,SETTLED_LOSS,6,,,10,-10.00,05/15/2026 16:36:43 GMT,05/16/2026 04:31:47 GMT,2026-05-15T16:36:43.872Z,2026-05-16T04:31:47.447Z,Over 16.5 Kelsey Plum Points TOR vs. LA | Over 2.5 Caitlin Clark 3PT Made WSH vs. IND | Over 1.5 Jonathan Aranda Hits + Runs + Runs Batted In MIA vs. TB,,Basketball | Baseball,WNBA | MLB
056dcc8b-899d-4e3e-a2ac-2aca0c6be667,Underdog,parlay,SETTLED_LOSS,6.42,,,10,-10.00,05/15/2026 16:09:47 GMT,05/16/2026 01:45:00 GMT,2026-05-15T16:09:47.000Z,2026-05-16T01:45:00.000Z,Lower 0.5 Adley Rutschman Batter Strikeouts O/U BAL @ WSH | Lower 0.5 Taylor Ward Batter Walks O/U BAL @ WSH | Higher 19.5 Caitlin Clark Points O/U WAS @ IND,,Baseball | Basketball,MLB | WNBA
18c8e916-ca2e-41d7-9af1-8ab1a904c49d,Underdog,parlay,SETTLED_LOSS,6.5,,,10,-10.00,05/15/2026 14:49:54 GMT,05/16/2026 01:45:00 GMT,2026-05-15T14:49:54.000Z,2026-05-16T01:45:00.000Z,Lower 1.5 Dillon Dingler Hits + Runs + RBIs O/U TOR @ DET | Lower 2.5 Clay Holmes Earned Runs Allowed O/U NYY @ NYM | Higher 13.5 Kamilla Cardoso Points O/U CHI @ PHX,,Baseball | Basketball,MLB | WNBA
6a063aaee550a2648fa07db4,Betr Picks,parlay,SETTLED_LOSS,6,,,10,-10.00,05/14/2026 21:12:14 GMT,05/15/2026 06:13:35 GMT,2026-05-14T21:12:14.020Z,2026-05-15T06:13:35.243Z,Over 27.5 Breanna Stewart PTS+REB NY vs. POR | Over 14.5 Marine Johannès Points NY vs. POR | Over 22.5 Paige Bueckers PTS+REB MIN vs. DAL,,Basketball,WNBA
687e3a93-f644-4a3b-ab5d-812c27e921ff,Underdog,parlay,SETTLED_LOSS,8.15,,,10,-10.00,05/14/2026 21:03:36 GMT,05/15/2026 03:00:00 GMT,2026-05-14T21:03:36.000Z,2026-05-15T03:00:00.000Z,Higher 11.5 Olivia Miles Rebounds + Assists O/U MIN @ DAL | Lower 9.5 Paige Bueckers Rebounds + Assists O/U MIN @ DAL | Lower 10.5 Odyssey Sims Points O/U MIN @ DAL,,Basketball,WNBA
6a05fd73c975447e7d797ae6,Betr Picks,parlay,SETTLED_LOSS,6,,,20,-20.00,05/14/2026 16:50:59 GMT,05/15/2026 05:13:06 GMT,2026-05-14T16:50:59.837Z,2026-05-15T05:13:06.185Z,Over 5.5 Chris Sale Pitching Strikeouts CHC vs. ATL | Over 4.5 Olivia Miles Rebounds MIN vs. DAL | Over 5.5 Emmet Sheehan Pitching Strikeouts SF vs. LAD,,Baseball | Basketball,MLB | WNBA
DRKmx9d,DK Pick6,round_robin_3,SETTLED_LOSS,6,,,10,-10.00,05/14/2026 16:35:00 GMT,05/15/2026 02:15:00 GMT,2026-05-14T16:35:00.000Z,2026-05-15T02:15:00.000Z,Over 1.5 Bobby Witt Jr. Total Bases (From Hits) Kansas City Royals vs. Chicago White Sox | Over 1.5 Nico Hoerner Hits + Runs + RBIs Chicago Cubs vs. Atlanta Braves | Over 0.5 Luis Arraez Total Bases (From Hits) San Francisco Giants vs. Los Angeles Dodgers,,Baseball,MLB
1618428277,PrizePicks,round_robin_6,SETTLED_LOSS,25,,,5,-5.00,05/14/2026 14:08:34 GMT,05/14/2026 20:10:00 GMT,2026-05-14T14:08:34.172Z,2026-05-14T20:10:00.000Z,Under 5.5 Chase Dollander Pitcher Strikeouts COL vs. PIT | Over 3.5 Keider Montero Pitcher Strikeouts DET vs. NYM | Over 4.5 Jacob Lopez Pitcher Strikeouts ATH vs. STL | Under 1.5 Henry Bolte Hits+Runs+RBIs ATH vs. STL | Over 0.5 Pete Crow-Armstrong Hits CHC vs. ATL | Under 1.5 Lane Thomas Hits+Runs+RBIs KC vs. CWS,,Baseball,MLB
6a0515fa0972c12bb3218f9b,Betr Picks,parlay,SETTLED_LOSS,6,,,10,-10.00,05/14/2026 00:23:22 GMT,05/14/2026 04:58:55 GMT,2026-05-14T00:23:22.882Z,2026-05-14T04:58:55.102Z,Under 0.5 Jonah Heim Singles STL vs. ATH | Under 14.5 Caitlin Clark AST+REB IND vs. LA | Under 1.5 Mookie Betts Total Bases SF vs. LAD,,Baseball | Basketball,MLB | WNBA
GrMWK5r,DK Pick6,round_robin_4,SETTLED_LOSS,10,,,10,-10.00,05/14/2026 00:00:00 GMT,05/14/2026 03:14:16 GMT,2026-05-14T00:00:00.000Z,2026-05-14T03:14:16.000Z,Under 14.5 Cade Cunningham Assists + Rebounds Cleveland Cavaliers vs. Detroit Pistons | Over 18.5 Ausar Thompson Pts + Rebs + Asts Cleveland Cavaliers vs. Detroit Pistons | Over 20.5 Jarrett Allen Pts + Rebs + Asts Cleveland Cavaliers vs. Detroit Pistons | Over 23.5 Donovan Mitchell Points Cleveland Cavaliers vs. Detroit Pistons,,Basketball,NBA
bP5NdRr,DK Pick6,round_robin_3,SETTLED_LOSS,5.982,,,10,-10.00,05/14/2026 00:00:00 GMT,05/14/2026 03:14:16 GMT,2026-05-14T00:00:00.000Z,2026-05-14T03:14:16.000Z,Over 8.5 Ausar Thompson Points Cleveland Cavaliers vs. Detroit Pistons | Over 20.5 Jarrett Allen Pts + Rebs + Asts Cleveland Cavaliers vs. Detroit Pistons | Over 23.5 Cade Cunningham Points Cleveland Cavaliers vs. Detroit Pistons,,Basketball,NBA
1360410397856763904,Sleeper,parlay,SETTLED_WIN,5.26,,,10,42.60,05/13/2026 22:00:23 GMT,05/14/2026 01:00:23 GMT,2026-05-13T22:00:23.353Z,2026-05-14T01:00:23.353Z,O 16.5 Caitlin Clark Points IND @ LAS | O 1.5 Nick Kurtz Hits Runs Rbis STL @ ATH | U 5.5 Seth Lugo Strike Outs KC @ CWS,,Basketball | Baseball,WNBA | MLB
019e232c-e167-71d3-ae3b-e16a6aa54123,Dabble,parlay,SETTLED_LOSS,6.6,,,5,-5.00,05/13/2026 21:10:04 GMT,05/14/2026 02:16:02 GMT,2026-05-13T21:10:04.297Z,2026-05-14T02:16:02.051Z,Over 0.5 Jose Altuve singles Seattle Mariners @ Houston Astros | Under 0.5 Maikel Garcia runs Kansas City Royals @ Chicago White Sox | Over 7.5 Evan Mobley rebounds Cleveland Cavaliers @ Detroit Pistons,,Baseball | Basketball,MLB | NBA
6a04e1892f6d9e9e27b285e6,Betr Picks,parlay,SETTLED_LOSS,6,,,10,-10.00,05/13/2026 20:39:37 GMT,05/14/2026 04:32:32 GMT,2026-05-13T20:39:37.775Z,2026-05-14T04:32:32.910Z,Under 1.5 Jeff McNeil Hits + Runs + Runs Batted In STL vs. ATH | Over 27.5 Jesper Wallstedt Saves MIN vs. COL | Under 1.5 Austin Martin Hits + Runs + Runs Batted In MIA vs. MIN,,Baseball | Ice Hockey,MLB | NHL
1617514081,PrizePicks,round_robin_6,SETTLED_LOSS,25,,,5,-5.00,05/13/2026 20:34:31 GMT,05/14/2026 01:03:00 GMT,2026-05-13T20:34:31.433Z,2026-05-14T01:03:00.000Z,Under 18.5 Marina Mabrey Points TOR vs. SEA | Over 0.5 Jake Fraley Total Bases TB vs. TOR | Under 0.5 Carson Benge Singles NYM vs. DET | Under 12.5 Chelsea Gray Points LVA vs. CON | Over 11.5 Caris LeVert Pts+Rebs+Asts DET vs. CLE | Under 16.5 Rickea Jackson Points CHI vs. GSV,,Basketball | Baseball,WNBA | MLB | NBA
19d31b86-cf49-45d8-8e7b-5b32712936a8,Underdog,parlay,SETTLED_LOSS,6.5,,,10,-10.00,05/13/2026 20:22:45 GMT,05/14/2026 04:40:00 GMT,2026-05-13T20:22:45.000Z,2026-05-14T04:40:00.000Z,Lower 0.5 Bryan Reynolds Runs O/U COL @ PIT | Lower 1.5 Marcelo Mayer Hits + Runs + RBIs O/U PHI @ BOS | Lower 1.5 Darell Hernaiz Hits + Runs + RBIs O/U STL @ ATH,,Baseball,MLB
1360385579665084416,Sleeper,parlay,SETTLED_LOSS,5.36,,,10,-10.00,05/13/2026 20:21:46 GMT,05/13/2026 23:21:46 GMT,2026-05-13T20:21:46.236Z,2026-05-13T23:21:46.236Z,O 16.5 Tobias Harris Points CLE @ DET | U 5.5 Caitlin Clark Rebounds IND @ LAS | O 1.5 Bryce Harper Hits Runs Rbis PHI @ BOS,,Basketball | Baseball,NBA | WNBA | MLB
6a04c20a1897a7f8ccc364e4,Betr Picks,parlay,SETTLED_LOSS,6,,,10,-10.00,05/13/2026 18:25:14 GMT,05/14/2026 04:32:37 GMT,2026-05-13T18:25:14.868Z,2026-05-14T04:32:37.229Z,Over 11.5 Jalen Duren Points CLE vs. DET | Over 4.5 Donovan Mitchell Rebounds CLE vs. DET | Over 1.5 Nick Kurtz Hits + Runs + Runs Batted In STL vs. ATH,,Basketball | Baseball,NBA | MLB
6a04b11d3a0fe9764f6203b5,Betr Picks,parlay,SETTLED_LOSS,6,,,10,-10.00,05/13/2026 17:13:01 GMT,05/14/2026 04:21:52 GMT,2026-05-13T17:13:01.343Z,2026-05-14T04:21:52.719Z,Under 14.5 Janelle Salaün Points CHI vs. GSV | Over 27.5 Jesper Wallstedt Saves MIN vs. COL | Over 0.5 Sal Stewart Singles WSH vs. CIN,,Basketball | Ice Hockey | Baseball,WNBA | NHL | MLB
6a04b0fad1e3076b89a16b7b,Betr Picks,parlay,SETTLED_LOSS,6,,,10,-10.00,05/13/2026 17:12:26 GMT,05/14/2026 04:57:28 GMT,2026-05-13T17:12:26.301Z,2026-05-14T04:57:28.719Z,Over 24.5 Donovan Mitchell Points CLE vs. DET | Under 7.5 Dearica Hamby Rebounds IND vs. LA | Under 10.5 Kamilla Cardoso Rebounds CHI vs. GSV,,Basketball,NBA | WNBA
1617312595,PrizePicks,round_robin_3,SETTLED_WIN,6,,,5,10.00,05/13/2026 16:55:37 GMT,05/14/2026 03:14:00 GMT,2026-05-13T16:55:37.263Z,2026-05-14T03:14:00.000Z,Over 0.5 Elly De La Cruz Runs CIN vs. WSH | Under 2.5 Duncan Robinson Rebounds DET vs. CLE | Under 2.5 Daniss Jenkins Rebounds DET vs. CLE,,Baseball | Basketball,MLB | NBA
1617311264,PrizePicks,round_robin_3,SETTLED_WIN,6,,,5,25.00,05/13/2026 16:54:38 GMT,05/14/2026 02:15:00 GMT,2026-05-13T16:54:38.334Z,2026-05-14T02:15:00.000Z,Under 0.5 Bryan Reynolds Runs PIT vs. COL | Under 1.5 Matt McLain Hits+Runs+RBIs CIN vs. WSH | Under 1.5 Pete Crow-Armstrong Hits+Runs+RBIs CHC vs. ATL,,Baseball,MLB
1617307475,PrizePicks,round_robin_3,SETTLED_LOSS,6,,,5,-5.00,05/13/2026 16:51:43 GMT,05/13/2026 20:05:00 GMT,2026-05-13T16:51:43.769Z,2026-05-13T20:05:00.000Z,Over 0.5 Coby Mayo Total Bases BAL vs. NYY | Over 0.5 Trent Grisham Runs NYY vs. BAL | Over 1.5 William Karlsson Shots On Goal VGK vs. ANA,,Baseball | Ice Hockey,MLB | NHL
1617303230,PrizePicks,round_robin_3,SETTLED_LOSS,6,,,5,-5.00,05/13/2026 16:48:10 GMT,05/14/2026 02:05:00 GMT,2026-05-13T16:48:10.120Z,2026-05-14T02:05:00.000Z,Under 0.5 Nick Gonzales Runs PIT vs. COL | Under 0.5 Ian Happ Runs CHC vs. ATL | Under 0.5 Tyler Soderstrom Singles ATH vs. STL,,Baseball,MLB
1617289693,PrizePicks,round_robin_3,SETTLED_LOSS,6,,,5,-5.00,05/13/2026 16:35:35 GMT,05/14/2026 02:15:00 GMT,2026-05-13T16:35:35.427Z,2026-05-14T02:15:00.000Z,Over 0.5 Mauricio Dubón Singles ATL vs. CHC | Under 0.5 Chase Meidroth Singles CWS vs. KC | Over 0.5 Joey Ortiz Hits MIL vs. SD,,Baseball,MLB
6a04a0e7bae66ced950e9fce,Betr Picks,parlay,SETTLED_LOSS,6,,,5,-5.00,05/13/2026 16:03:51 GMT,05/14/2026 03:49:59 GMT,2026-05-13T16:03:51.114Z,2026-05-14T03:49:59.354Z,Over 0.5 Jose Altuve Singles SEA vs. HOU | Over 0.5 Mauricio Dubón Singles CHC vs. ATL | Over 0.5 Daniel Schneemann Total Bases LAA vs. CLE,,Baseball,MLB
1617253451,PrizePicks,round_robin_5,SETTLED_LOSS,20,,,5,-5.00,05/13/2026 15:53:42 GMT,05/13/2026 20:05:00 GMT,2026-05-13T15:53:42.727Z,2026-05-13T20:05:00.000Z,Over 1.5 Trent Grisham Hits+Runs+RBIs NYY vs. BAL | Over 0.5 Daniel Schneemann Total Bases CLE vs. LAA | Under 0.5 Ben Williamson Singles TB vs. TOR | Under 0.5 George Springer Runs TOR vs. TB | Under 16.5 Ausar Thompson Pts+Rebs DET vs. CLE,,Baseball | Basketball,MLB | NBA
019e21cd-560c-7445-b1e6-67305909789d,Dabble,parlay,SETTLED_LOSS,6,,,5,-5.00,05/13/2026 14:46:05 GMT,05/14/2026 02:09:46 GMT,2026-05-13T14:46:05.509Z,2026-05-14T02:09:46.894Z,Under 0.5 Sal Stewart rbis Washington Nationals @ Cincinnati Reds | Under 0.5 Yohendrick Piñango singles Tampa Bay Rays @ Toronto Blue Jays | Over 0.5 Matt Chapman hits + runs + rbis San Francisco Giants @ Los Angeles Dodgers,,Baseball,MLB
50dc988d-6ce7-4328-a218-808f7d9db1d1,Underdog,parlay,SETTLED_LOSS,5.85,,,6.5,-6.50,05/13/2026 14:44:45 GMT,05/14/2026 02:40:00 GMT,2026-05-13T14:44:45.000Z,2026-05-14T02:40:00.000Z,Higher 2.5 Kyle Bradish Walks Allowed O/U NYY @ BAL | Higher 0.5 Bobby Witt Jr. Singles O/U KC @ CWS | Higher 0.5 Freddie Freeman Singles O/U SF @ LAD,,Baseball,MLB
6a048db028f59e47a4fed353,Betr Picks,parlay,SETTLED_LOSS,6,,,10,-10.00,05/13/2026 14:41:52 GMT,05/14/2026 04:47:00 GMT,2026-05-13T14:41:52.674Z,2026-05-14T04:47:00.289Z,Over 6.5 Tobias Harris Rebounds CLE vs. DET | Under 10.5 A'ja Wilson Rebounds LV vs. CONN | Over 5.5 Shohei Ohtani Pitching Strikeouts SF vs. LAD,,Basketball | Baseball,NBA | WNBA | MLB
yx9BGRD,DK Pick6,round_robin_3,SETTLED_LOSS,5.934,,,10,-10.00,05/13/2026 00:00:00 GMT,05/13/2026 03:13:52 GMT,2026-05-13T00:00:00.000Z,2026-05-13T03:13:52.000Z,Over 3.5 Julius Randle Assists Minnesota Timberwolves vs. San Antonio Spurs | Under 16.5 Victor Wembanyama Assists + Rebounds Minnesota Timberwolves vs. San Antonio Spurs | Over 22.5 Anthony Edwards Points Minnesota Timberwolves vs. San Antonio Spurs,,Basketball,NBA
1616501167,PrizePicks,round_robin_3,SETTLED_LOSS,6,,,5,-5.00,05/12/2026 23:05:56 GMT,05/13/2026 03:05:00 GMT,2026-05-12T23:05:56.164Z,2026-05-13T03:05:00.000Z,Over 28.5 Breanna Stewart Pts+Rebs+Asts NYL vs. PDX | Under 12.5 Stephon Castle Rebs+Asts SAS vs. MIN | Over 1.5 Ketel Marte Hits+Runs+RBIs AZ vs. TEX,,Basketball | Baseball,WNBA | NBA | MLB
1360046169761288192,Sleeper,parlay,SETTLED_LOSS,9.19,,,10,-10.00,05/12/2026 21:53:04 GMT,05/13/2026 00:53:04 GMT,2026-05-12T21:53:04.609Z,2026-05-13T00:53:04.609Z,O 24.5 Victor Wembanyama Points MIN @ SAS | O 1.5 Mike Trout Hits Runs Rbis LAA @ CLE | O 6.5 Natasha Howard Rebounds MIN @ PHO | O 15.5 Stephen Kolek Outs KC @ CWS,,Basketball | Baseball,NBA | MLB | WNBA
1616299480,PrizePicks,round_robin_3,SETTLED_LOSS,6,,,5,-5.00,05/12/2026 21:41:32 GMT,05/13/2026 03:05:00 GMT,2026-05-12T21:41:32.989Z,2026-05-13T03:05:00.000Z,Over 12.5 Allisha Gray Points ATL vs. DAL | Under 5.5 Paige Bueckers Assists DAL vs. ATL | Under 5.5 Zac Gallen Hits Allowed AZ vs. TEX,,Basketball | Baseball,WNBA | MLB
6a036505c7282f9a3c83ed9e,Betr Picks,parlay,SETTLED_WIN,6,,,10,50.00,05/12/2026 17:36:05 GMT,05/13/2026 05:04:10 GMT,2026-05-12T17:36:05.743Z,2026-05-13T05:04:10.782Z,Over 0.5 Harrison Bader Hits SF vs. LAD | Over 5.5 Yoshinobu Yamamoto Pitching Strikeouts SF vs. LAD | Over 11.5 Naz Reid Points MIN vs. SA,,Baseball | Basketball,MLB | NBA
1615904833,PrizePicks,round_robin_3,SETTLED_LOSS,6,,,5,-5.00,05/12/2026 17:19:34 GMT,05/13/2026 03:05:00 GMT,2026-05-12T17:19:34.094Z,2026-05-13T03:05:00.000Z,Over 21.5 Anthony Edwards Points MIN vs. SAS | Under 5.5 Alanna Smith Rebounds DAL vs. ATL | Over 1.5 Brice Turang Hits+Runs+RBIs MIL vs. SD,,Basketball | Baseball,NBA | WNBA | MLB
1615779374,PrizePicks,round_robin_3,SETTLED_LOSS,6,,,5,-5.00,05/12/2026 14:58:58 GMT,05/13/2026 01:42:00 GMT,2026-05-12T14:58:58.258Z,2026-05-13T01:42:00.000Z,Over 1.5 Kyle Schwarber Hits+Runs+RBIs PHI vs. BOS | Over 1.5 Tyler Stephenson Hits+Runs+RBIs CIN vs. WSH | Over 11.5 Olivia Miles Rebs+Asts MIN vs. PHX,,Baseball | Basketball,MLB | WNBA
1b379b07-f42e-43b7-b695-ecfd8c52ccf1,Underdog,parlay,SETTLED_WIN,8.15,,,10,71.50,05/12/2026 14:52:12 GMT,05/13/2026 03:00:00 GMT,2026-05-12T14:52:12.000Z,2026-05-13T03:00:00.000Z,Higher 1.5 Mike Trout Hits + Runs + RBIs O/U LAA @ CLE | Lower 5.5 Miles Mikolas Hits Allowed O/U WSH @ CIN | Higher 3.5 Dylan Harper Rebounds O/U MIN @ SAS,,Baseball | Basketball,MLB | NBA
6a033c3fd94c533be24b7dc8,Betr Picks,parlay,SETTLED_LOSS,6,,,10,0.00,05/12/2026 14:42:07 GMT,05/13/2026 07:42:28 GMT,2026-05-12T14:42:07.607Z,2026-05-13T07:42:28.699Z,Under 10.5 Rudy Gobert Rebounds MIN vs. SA | Over 2.5 Rasmus Dahlin Shots on goal BUF vs. MON | Over 3.5 Breanna Stewart Assists NY vs. POR,,Basketball | Ice Hockey,NBA | NHL | WNBA
6b6c17aa-e7b4-4bcd-8fc9-5dcd15d60e9d,Kalshi,straight,SETTLED_LOSS,4.2857142857142865,,,0.7,-0.70,05/12/2026 02:42:19 GMT,05/12/2026 05:31:56 GMT,2026-05-12T02:42:19.268Z,2026-05-12T05:31:56.002Z,Los Angeles L Oklahoma City at Los Angeles L Game 4,,Basketball,NBA
Pqjd4j5,DK Pick6,round_robin_4,SETTLED_LOSS,13,,,5,-5.00,05/12/2026 00:00:00 GMT,05/12/2026 03:11:44 GMT,2026-05-12T00:00:00.000Z,2026-05-12T03:11:44.000Z,Under 27.5 Donovan Mitchell Points Detroit Pistons vs. Cleveland Cavaliers | Under 27.5 Cade Cunningham Points Detroit Pistons vs. Cleveland Cavaliers | Under 29.5 Shai Gilgeous-Alexander Points Oklahoma City Thunder vs. Los Angeles Lakers | Over 13.5 Rui Hachimura Points Oklahoma City Thunder vs. Los Angeles Lakers,,Basketball,NBA
1359713235242086400,Sleeper,parlay,SETTLED_WIN,5.26,,,10,42.60,05/11/2026 23:50:06 GMT,05/12/2026 02:50:06 GMT,2026-05-11T23:50:06.834Z,2026-05-12T02:50:06.834Z,O 12.5 Evan Mobley Points DET @ CLE | O 6.5 James Harden Assists DET @ CLE | U 11.5 Shai Gilgeous-Alexander Rebounds & Assists OKC @ LAL,,Basketball,NBA
c39a5fcf-11b2-4eeb-a50c-82a12192c91e,Underdog,parlay,SETTLED_LOSS,5.13,,,10,-10.00,05/11/2026 23:46:42 GMT,05/12/2026 03:00:00 GMT,2026-05-11T23:46:42.000Z,2026-05-12T03:00:00.000Z,Higher 4.5 Donovan Mitchell Rebounds O/U DET @ CLE | Lower 25.5 Jalen Duren Pts + Rebs + Asts O/U DET @ CLE | Lower 2.5 Nazem Kadri Shots on Goal O/U COL @ MIN,,Basketball | Ice Hockey,NBA | NHL
6a025cd9e909499a6e4cb741,Betr Picks,parlay,SETTLED_LOSS,7.5,,,5,-5.00,05/11/2026 22:48:57 GMT,05/13/2026 02:53:59 GMT,2026-05-11T22:48:57.635Z,2026-05-13T02:53:59.229Z,Over 10.5 Chet Holmgren AST+REB OKC vs. LAL | Over 6.5 Dylan Harper AST+REB MIN vs. SA | Over 5.5 George Kirby Pitching Strikeouts SEA vs. HOU,,Basketball | Baseball,NBA | MLB
6a024920b760853fc989d904,Betr Picks,parlay,SETTLED_LOSS,6,,,10,-10.00,05/11/2026 21:24:48 GMT,05/12/2026 05:40:32 GMT,2026-05-11T21:24:48.293Z,2026-05-12T05:40:32.272Z,Under 7.5 LeBron James Assists OKC vs. LAL | Over 33.5 Cade Cunningham PTS+AST DET vs. CLE | Under 9.5 Jarrett Allen AST+REB DET vs. CLE,,Basketball,NBA
6a0246182c76b0e4cddf67e8,Betr Picks,parlay,SETTLED_LOSS,50,,,5,-5.00,05/11/2026 21:11:52 GMT,05/12/2026 05:39:32 GMT,2026-05-11T21:11:52.951Z,2026-05-12T05:39:32.095Z,Over 1.5 José Ramírez Hits + Runs + Runs Batted In LAA vs. CLE | Over 1.5 Trent Grisham Hits + Runs + Runs Batted In NYY vs. BAL | Over 8.5 Deandre Ayton Points OKC vs. LAL | Over 8.5 Isaiah Hartenstein Rebounds OKC vs. LAL | Over 11.5 Duncan Robinson Points DET vs. CLE | Under 8.5 Tobias Harris AST+REB DET vs. CLE | Under 9.5 Jarrett Allen AST+REB DET vs. CLE,,Baseball | Basketball,MLB | NBA
6a022f844b44cf5086c20c1b,Betr Picks,parlay,SETTLED_WIN,6,,,10,20.00,05/11/2026 19:35:32 GMT,05/12/2026 05:45:28 GMT,2026-05-11T19:35:32.593Z,2026-05-12T05:45:28.765Z,Over 0.5 Joc Pederson Total Bases ARI vs. TEX | Over 29.5 Austin Reaves Pts+Rebs+Asst OKC vs. LAL | Under 10.5 Jalen Duren Rebounds DET vs. CLE,,Baseball | Basketball,MLB | NBA
1614390774,PrizePicks,round_robin_3,SETTLED_WIN,6,,,5,25.00,05/11/2026 16:32:46 GMT,05/12/2026 05:48:00 GMT,2026-05-11T16:32:46.229Z,2026-05-12T05:48:00.000Z,Under 5.5 Cade Cunningham Rebounds DET vs. CLE | Under 11.5 Shai Gilgeous-Alexander Rebs+Asts OKC vs. LAL | Under 5.5 Michael Soroka Pitcher Strikeouts AZ vs. TEX,,Basketball | Baseball,NBA | MLB
6a01ebec4b44cf5086c206e5,Betr Picks,parlay,SETTLED_LOSS,6,,,7.5,-7.50,05/11/2026 14:47:08 GMT,05/12/2026 05:43:37 GMT,2026-05-11T14:47:08.949Z,2026-05-12T05:43:37.901Z,Over 24.5 Tobias Harris PTS+REB DET vs. CLE | Under 15.5 Brandon Young Total Outs Pitched NYY vs. BAL | Over 10.5 Marcus Smart Points OKC vs. LAL,,Basketball | Baseball,NBA | MLB
6a01e3a64bb7d97b214288a3,Betr Picks,parlay,SETTLED_LOSS,6,,,15,-15.00,05/11/2026 14:11:50 GMT,05/12/2026 05:39:36 GMT,2026-05-11T14:11:50.319Z,2026-05-12T05:39:36.350Z,Over 4.5 George Kirby Pitching Strikeouts SEA vs. HOU | Over 1.5 Josh Naylor Hits + Runs + Runs Batted In SEA vs. HOU | Over 10.5 Chet Holmgren AST+REB OKC vs. LAL,,Baseball | Basketball,MLB | NBA
6a01e34ebe7870576bbade5f,Betr Picks,parlay,SETTLED_LOSS,6,,,10,-10.00,05/11/2026 14:10:22 GMT,05/12/2026 05:43:09 GMT,2026-05-11T14:10:22.850Z,2026-05-12T05:43:09.166Z,Under 6.5 LeBron James Rebounds OKC vs. LAL | Under 9.5 Ausar Thompson Points DET vs. CLE | Over 32.5 Shai Gilgeous-Alexander PTS+AST OKC vs. LAL,,Basketball,NBA
019e13f5-e632-76fe-9227-bac4236ca0c7,Dabble,parlay,SETTLED_LOSS,6,,,5,-5.00,05/10/2026 22:15:42 GMT,05/11/2026 02:29:12 GMT,2026-05-10T22:15:42.850Z,2026-05-11T02:29:12.953Z,Over 7.5 Jaden McDaniels assists + rebounds San Antonio Spurs @ Minnesota Timberwolves | Over 11.5 Stephon Castle assists + rebounds San Antonio Spurs @ Minnesota Timberwolves | Over 12.5 Victor Wembanyama rebounds San Antonio Spurs @ Minnesota Timberwolves,,Basketball,NBA
6a00f96014653fb0bfc2dbf7,Betr Picks,parlay,SETTLED_LOSS,6,,,10,-10.00,05/10/2026 21:32:16 GMT,05/11/2026 03:54:33 GMT,2026-05-10T21:32:16.115Z,2026-05-11T03:54:33.037Z,Over 8.5 Alyssa Thomas Rebounds PHX vs. GSV | Over 7.5 Jaden McDaniels AST+REB SA vs. MIN | Over 1.5 Bobby Witt Jr. Hits + Runs + Runs Batted In DET vs. KC,,Basketball | Baseball,WNBA | NBA | MLB
1359294295382720512,Sleeper,parlay,SETTLED_LOSS,5.23,,,10,-10.00,05/10/2026 20:05:23 GMT,05/10/2026 23:05:23 GMT,2026-05-10T20:05:23.788Z,2026-05-10T23:05:23.788Z,O 21.5 A'ja Wilson Points LVA @ LAS | U 2.5 Pavel Dorofeyev Shots VGK @ ANA | O 2.5 Jaden McDaniels Assists SAS @ MIN,,Basketball | Ice Hockey,WNBA | NHL | NBA
6a00e20aa93a634564cc9bca,Betr Picks,parlay,SETTLED_LOSS,6,,,15,-15.00,05/10/2026 19:52:42 GMT,05/11/2026 04:41:50 GMT,2026-05-10T19:52:42.314Z,2026-05-11T04:41:50.618Z,Over 2.5 Leo Carlsson Shots on goal VEG vs. ANA | Over 6.5 Stephon Castle Assists SA vs. MIN | Under 11.5 A'ja Wilson Rebounds LV vs. LA,,Ice Hockey | Basketball,NHL | NBA | WNBA
26b49bf1-2246-4929-ab5d-e42547aafe28,Underdog,parlay,SETTLED_LOSS,6.5,,,10,-10.00,05/10/2026 18:27:52 GMT,05/11/2026 02:30:00 GMT,2026-05-10T18:27:52.000Z,2026-05-11T02:30:00.000Z,Higher 8.5 VJ Edgecombe Rebounds + Assists O/U NYK @ PHI | Higher 21.5 Mikal Bridges Pts + Rebs + Asts O/U NYK @ PHI | Lower 3.5 De'Aaron Fox Rebounds O/U SAS @ MIN,,Basketball,NBA
6a00cdcecc39421e1857129f,Betr Picks,parlay,SETTLED_LOSS,6,,,10,-10.00,05/10/2026 18:26:22 GMT,05/11/2026 03:54:51 GMT,2026-05-10T18:26:22.695Z,2026-05-11T03:54:51.546Z,Over 35.5 Victor Wembanyama PTS+REB SA vs. MIN | Over 8.5 Alyssa Thomas Assists PHX vs. GSV | Under 10.5 Julius Randle AST+REB SA vs. MIN,,Basketball,NBA | WNBA
edeab327-ef4e-4068-a062-53cb8b2b446b,Underdog,parlay,SETTLED_LOSS,6.5,,,5,-5.00,05/10/2026 15:32:20 GMT,05/10/2026 20:35:00 GMT,2026-05-10T15:32:20.000Z,2026-05-10T20:35:00.000Z,Higher 0.5 Kyle Schwarber Batter Walks O/U COL @ PHI | Higher 0.5 Tyler Heineman Hits + Runs + RBIs O/U LAA @ TOR | Higher 1.5 Matt Olson Hits + Runs + RBIs O/U ATL @ LAD,,Baseball,MLB
6a00a4cd2c17ef62718b9206,Betr Picks,parlay,SETTLED_LOSS,6,,,15,-15.00,05/10/2026 15:31:25 GMT,05/11/2026 04:40:40 GMT,2026-05-10T15:31:25.050Z,2026-05-11T04:40:40.894Z,Over 1.5 Kelsey Plum 3PT Made LV vs. LA | Over 1.5 James Wood Hits + Runs + Runs Batted In WSH vs. MIA | Over 2.5 Leo Carlsson Shots on goal VEG vs. ANA,,Basketball | Baseball | Ice Hockey,WNBA | MLB | NHL
6a00782f079720aa63411719,Betr Picks,parlay,SETTLED_LOSS,6,,,5,-5.00,05/10/2026 12:21:03 GMT,05/10/2026 21:55:51 GMT,2026-05-10T12:21:03.034Z,2026-05-10T21:55:51.830Z,Under 16.5 Payton Tolle Total Outs Pitched TB vs. BOS | Over 1.5 Jonquel Jones 3PT Made NY vs. WSH | Under 17.5 Davis Martin Total Outs Pitched SEA vs. CHW,,Baseball | Basketball,MLB | WNBA
1612284237,PrizePicks,round_robin_3,SETTLED_LOSS,6,,,5,-5.00,05/10/2026 02:57:44 GMT,05/10/2026 21:10:00 GMT,2026-05-10T02:57:44.884Z,2026-05-10T21:10:00.000Z,Over 22.5 Khamzat Chimaev Significant Strikes Khamzat Chimaev vs. Sean Strickland | Over 4.5 Carlos Rodón Pitcher Strikeouts NYY vs. MIL | Over 5.5 Logan Henderson Pitcher Strikeouts MIL vs. NYY,,other | Baseball,other | MLB
1358935205871636480,Sleeper,parlay,SETTLED_WIN,5.42,,,10,44.20,05/09/2026 20:18:30 GMT,05/09/2026 23:18:30 GMT,2026-05-09T20:18:30.176Z,2026-05-09T23:18:30.176Z,O 13.5 Rickea Jackson Points CHI @ PDX | O 1.5 Colson Montgomery Hits Runs Rbis SEA @ CWS | O 8.5 Chet Holmgren Rebounds OKC @ LAL,,Basketball | Baseball,WNBA | MLB | NBA
69ff96116d07a4faea76fed6,Betr Picks,parlay,SETTLED_LOSS,6,,,5,-5.00,05/09/2026 20:16:17 GMT,05/10/2026 04:08:33 GMT,2026-05-09T20:16:17.996Z,2026-05-10T04:08:33.834Z,Over 0.5 Ketel Marte Runs NYM vs. ARI | Over 0.5 Munetaka Murakami Runs SEA vs. CHW | Under 1.5 Matt Olson Hits + Runs + Runs Batted In ATL vs. LAD,,Baseball,MLB
zL2m8Wq,DK Pick6,round_robin_3,SETTLED_LOSS,6,,,5,-5.00,05/09/2026 19:07:00 GMT,05/10/2026 02:10:37 GMT,2026-05-09T19:07:00.000Z,2026-05-10T02:10:37.000Z,Under 1.5 Wenceel Perez Hits + Runs + RBIs Detroit Tigers vs. Kansas City Royals | Under 1.5 Ketel Marte Total Bases (From Hits) New York Mets vs. Arizona Diamondbacks | Over 1.5 Aaron Judge Hits + Runs + RBIs New York Yankees vs. Milwaukee Brewers,,Baseball,MLB
RVMjMg4,DK Pick6,round_robin_4,SETTLED_LOSS,12.948,,,10,-10.00,05/09/2026 19:00:00 GMT,05/09/2026 22:13:10 GMT,2026-05-09T19:00:00.000Z,2026-05-09T22:13:10.000Z,Over 8.5 Isaiah Hartenstein Rebounds Oklahoma City Thunder vs. Los Angeles Lakers | Under 11.5 Jarrett Allen Points Detroit Pistons vs. Cleveland Cavaliers | Over 18.5 Deandre Ayton Points + Rebounds Oklahoma City Thunder vs. Los Angeles Lakers | Under 42.5 Cade Cunningham Pts + Rebs + Asts Detroit Pistons vs. Cleveland Cavaliers,,Basketball,NBA
rYjZQgP,DK Pick6,round_robin_3,SETTLED_LOSS,5,,,10,-10.00,05/09/2026 17:00:00 GMT,05/09/2026 22:53:01 GMT,2026-05-09T17:00:00.000Z,2026-05-09T22:53:01.000Z,Over 10.5 Chelsea Gray Points Phoenix Mercury vs. Las Vegas Aces | Over 15.5 Paige Bueckers Points Dallas Wings vs. Indiana Fever | Under 14.5 Kamilla Cardoso Points Chicago Sky vs. Portland Fire,,Basketball,WNBA
69ff671463b0cd6328b91b3d,Betr Picks,parlay,SETTLED_LOSS,6,,,15,-15.00,05/09/2026 16:55:48 GMT,05/10/2026 02:37:34 GMT,2026-05-09T16:55:48.508Z,2026-05-10T02:37:34.479Z,Over 1.5 Liam Hicks Hits + Runs + Runs Batted In WSH vs. MIA | Over 4.5 Cam Schlittler Pitching Strikeouts NYY vs. MIL | Over 0.5 Kyle Karros Hits COL vs. PHI,,Baseball,MLB
69ff66a3defd65be23422daf,Betr Picks,parlay,SETTLED_LOSS,6,,,5,-5.00,05/09/2026 16:53:55 GMT,05/10/2026 04:08:40 GMT,2026-05-09T16:53:55.307Z,2026-05-10T04:08:40.424Z,Under 10.5 Alanna Smith Points DAL vs. IND | Over 7.5 Sophie Cunningham Points DAL vs. IND | Over 4.5 Spencer Strider Pitching Hits Allowed ATL vs. LAD,,Basketball | Baseball,WNBA | MLB
d9ba2fb1-3d68-4ba2-bfef-520f845a5d98,Underdog,parlay,SETTLED_LOSS,116.92,,,3,-3.00,05/09/2026 14:55:16 GMT,05/10/2026 02:10:00 GMT,2026-05-09T14:55:16.000Z,2026-05-10T02:10:00.000Z,Higher 0.5 Michael Massey Home Runs O/U DET @ KC | Higher 0.5 Jazz Chisholm Jr. Home Runs O/U NYY @ MIL,,Baseball,MLB
69ff4a1d66261a78bca855e3,Betr Picks,parlay,SETTLED_VOID,6,,,10,0.00,05/09/2026 14:52:13 GMT,05/10/2026 04:08:39 GMT,2026-05-09T14:52:13.421Z,2026-05-10T04:08:39.752Z,Over 23.5 Donovan Mitchell Points DET vs. CLE | Over 11.5 James Harden AST+REB DET vs. CLE | Over 0.5 Mike Yastrzemski Hits + Runs + Runs Batted In ATL vs. LAD,,Basketball | Baseball,NBA | MLB
69ff48c33f813ff1b7425fac,Betr Picks,parlay,SETTLED_WIN,6,,,10,50.00,05/09/2026 14:46:27 GMT,05/10/2026 03:24:12 GMT,2026-05-09T14:46:27.597Z,2026-05-10T03:24:12.506Z,Over 6.5 Ausar Thompson Rebounds DET vs. CLE | Under 13.5 Jalen Duren AST+REB DET vs. CLE | Over 22.5 Chet Holmgren PTS+REB OKC vs. LAL,,Basketball,NBA
019e0d28-a550-73b3-b416-e5316e5bff22,Dabble,parlay,SETTLED_LOSS,6,,,5,-5.00,05/09/2026 14:33:48 GMT,05/10/2026 01:11:39 GMT,2026-05-09T14:33:48.069Z,2026-05-10T01:11:39.992Z,Over 1.5 Nick Kurtz hits + runs + rbis Athletics @ Baltimore Orioles | Over 25.5 Donovan Mitchell points Detroit Pistons @ Cleveland Cavaliers | Over 0.5 Alec Bohm singles Colorado Rockies @ Philadelphia Phillies,,Baseball | Basketball,MLB | NBA
6a83c288-b369-4c65-8340-b489c77d6c2d,Underdog,parlay,SETTLED_LOSS,6.5,,,5,-5.00,05/09/2026 14:32:11 GMT,05/10/2026 02:10:00 GMT,2026-05-09T14:32:11.000Z,2026-05-10T02:10:00.000Z,Higher 2.5 Ty Madden Earned Runs Allowed O/U DET @ KC | Higher 1.5 Munetaka Murakami Hits + Runs + RBIs O/U SEA @ CWS | Lower 17.5 Merrill Kelly Pitching Outs O/U NYM @ AZ,,Baseball,MLB
1610743159,PrizePicks,round_robin_3,SETTLED_LOSS,6,,,5,-5.00,05/09/2026 14:30:53 GMT,05/10/2026 01:03:00 GMT,2026-05-09T14:30:53.896Z,2026-05-10T01:03:00.000Z,Over 5.5 Austin Reaves Assists LAL vs. OKC | Over 1.5 Bobby Witt Jr. Total Bases KC vs. DET | Over 3.5 Carla Leite Assists PDX vs. CHI,,Basketball | Baseball,NBA | MLB | WNBA
69ff44cad94c533be24b39ca,Betr Picks,parlay,SETTLED_LOSS,6,,,10,-10.00,05/09/2026 14:29:30 GMT,05/10/2026 03:23:47 GMT,2026-05-09T14:29:30.244Z,2026-05-10T03:23:47.982Z,Over 0.5 Caitlin Clark PTS+AST DAL vs. IND | Over 8.5 Deandre Ayton Rebounds OKC vs. LAL | Over 6.5 Shai Gilgeous-Alexander Assists OKC vs. LAL,,Basketball,WNBA | NBA
1609764643,PrizePicks,round_robin_3,SETTLED_WIN,6,,,5,25.00,05/08/2026 23:19:00 GMT,05/09/2026 05:10:00 GMT,2026-05-08T23:19:00.738Z,2026-05-09T05:10:00.000Z,Over 25.5 Dominique Malonga Pts+Rebs+Asts SEA vs. GSV | Over 1.5 Julio Rodríguez Hits+Runs+RBIs SEA vs. CWS | Under 1.5 Will Smith Hits+Runs+RBIs LAD vs. ATL,,Basketball | Baseball,WNBA | MLB
1609756679,PrizePicks,round_robin_3,SETTLED_WIN,6,,,5,10.00,05/08/2026 23:15:16 GMT,05/09/2026 04:40:00 GMT,2026-05-08T23:15:16.157Z,2026-05-09T04:40:00.000Z,Under 5.5 Keider Montero Hits Allowed DET vs. KC | Over 1.5 Ketel Marte Hits+Runs+RBIs AZ vs. NYM | Under 5.5 Max Fried Pitcher Strikeouts NYY vs. MIL,,Baseball,MLB
6dd1927a-ceef-46d5-9b06-6b305f94dca1,Underdog,parlay,SETTLED_LOSS,6.27,,,5,-5.00,05/08/2026 23:13:48 GMT,05/09/2026 04:40:00 GMT,2026-05-08T23:13:48.000Z,2026-05-09T04:40:00.000Z,Lower 16.5 Ryne Nelson Pitching Outs O/U NYM @ AZ | Higher 0.5 Jorge Barrosa Hits O/U NYM @ AZ | Lower 17.5 Robbie Ray Pitching Outs O/U PIT @ SF,,Baseball,MLB
2jrxBpz,DK Pick6,round_robin_4,SETTLED_LOSS,10,,,10,-10.00,05/08/2026 22:10:00 GMT,05/09/2026 02:41:39 GMT,2026-05-08T22:10:00.000Z,2026-05-09T02:41:39.000Z,Under 5.5 Nick Lodolo Strikeouts Thrown Houston Astros vs. Cincinnati Reds | Over 0.5 Austin Wells Hits + Runs + RBIs New York Yankees vs. Milwaukee Brewers | Over 1.5 Josh Naylor Hits + Runs + RBIs Seattle Mariners vs. Chicago White Sox | Over 0.5 Juan Soto Total Bases (From Hits) New York Mets vs. Arizona Diamondbacks,,Baseball,MLB
zL2g244,DK Pick6,round_robin_3,SETTLED_LOSS,6,,,10,-10.00,05/08/2026 22:10:00 GMT,05/09/2026 01:11:22 GMT,2026-05-08T22:10:00.000Z,2026-05-09T01:11:22.000Z,Over 1.5 JJ Bleday Hits + Runs + RBIs Houston Astros vs. Cincinnati Reds | Over 0.5 Corey Seager Total Bases (From Hits) Chicago Cubs vs. Texas Rangers | Over 1.5 Bryce Harper Hits + Runs + RBIs Colorado Rockies vs. Philadelphia Phillies,,Baseball,MLB
1609369155,PrizePicks,round_robin_3,SETTLED_LOSS,6,,,5,-5.00,05/08/2026 21:28:46 GMT,05/09/2026 02:07:00 GMT,2026-05-08T21:28:46.263Z,2026-05-09T02:07:00.000Z,Over 1.5 Reid Detmers Walks Allowed LAA vs. TOR | Over 1.5 Tyler Soderstrom Hits+Runs+RBIs ATH vs. BAL | Over 1.5 Julio Rodríguez Hits+Runs+RBIs SEA vs. CWS,,Baseball,MLB
69fe4e0f50d5d69560bf0fa6,Betr Picks,parlay,SETTLED_LOSS,6,,,20,-20.00,05/08/2026 20:56:47 GMT,05/09/2026 04:57:53 GMT,2026-05-08T20:56:47.337Z,2026-05-09T04:57:53.510Z,Over 5.5 Chris Sale Pitching Strikeouts ATL vs. LAD | Over 4.5 Mike Conley Points SA vs. MIN | Over 10.5 Rudy Gobert Rebounds SA vs. MIN,,Baseball | Basketball,MLB | NBA
fe8337c1-346a-4c80-99a3-a4383edc5810,Underdog,parlay,SETTLED_LOSS,6.5,,,10,-10.00,05/08/2026 20:05:05 GMT,05/09/2026 02:40:00 GMT,2026-05-08T20:05:05.000Z,2026-05-09T02:40:00.000Z,Lower 1.5 Jeff McNeil Hits + Runs + RBIs O/U ATH @ BAL | Lower 1.5 Chandler Simpson Hits + Runs + RBIs O/U TB @ BOS | Lower 1.5 Wenceel Perez Hits + Runs + RBIs O/U DET @ KC,,Baseball,MLB
1609180541,PrizePicks,round_robin_6,SETTLED_LOSS,35,,,5,-5.00,05/08/2026 20:00:19 GMT,05/09/2026 02:07:00 GMT,2026-05-08T20:00:19.281Z,2026-05-09T02:07:00.000Z,Over 1.5 Taylor Ward Hits+Runs+RBIs BAL vs. ATH | Under 24.5 Alex Lyon Goalie Saves BUF vs. MTL | Under 10.5 Lauren Betts Points WAS vs. TOR | Under 2.5 Troy Terry Shots On Goal ANA vs. VGK | Under 3.5 Michael McGreevy Pitcher Strikeouts STL vs. SD | Under 6.5 Kayla Thornton Rebounds GSV vs. SEA,,Baseball | Ice Hockey | Basketball,MLB | NHL | WNBA
69fe409287e4f6fa926a4fd6,Betr Picks,parlay,SETTLED_LOSS,6,,,5,-5.00,05/08/2026 19:59:14 GMT,05/09/2026 04:44:54 GMT,2026-05-08T19:59:14.070Z,2026-05-09T04:44:54.580Z,Over 10.5 Rudy Gobert Rebounds SA vs. MIN | Over 1.5 Mikal Bridges STL+BLK NY vs. PHI | Under 2.5 Troy Terry Shots on goal VEG vs. ANA,,Basketball | Ice Hockey,NBA | NHL
d5b61e13-90ff-417d-a152-1158a5e20ade,Underdog,parlay,SETTLED_WIN,5.61,,,5,23.05,05/08/2026 18:41:29 GMT,05/09/2026 04:40:00 GMT,2026-05-08T18:41:29.000Z,2026-05-09T04:40:00.000Z,Lower 1.5 Jonny DeLuca Hits + Runs + RBIs O/U TB @ BOS | Lower 0.5 Corbin Carroll Runs O/U NYM @ AZ | Lower 2.5 Juan Soto Hits + Runs + RBIs O/U NYM @ AZ,,Baseball,MLB
69fe2b8a14653fb0bfc2a37a,Betr Picks,parlay,SETTLED_WIN,7.5,,,5,32.50,05/08/2026 18:29:30 GMT,05/10/2026 05:29:54 GMT,2026-05-08T18:29:30.839Z,2026-05-10T05:29:54.100Z,Over 10.5 Breanna Stewart AST+REB CONN vs. NY | Over 12.5 Bridget Carleton Points CHI vs. POR | Over 19.5 Caitlin Clark Points DAL vs. IND,,Basketball,WNBA
69fe26e2a1b2bff901ea63a6,Betr Picks,parlay,SETTLED_LOSS,6,,,5,-5.00,05/08/2026 18:09:38 GMT,05/09/2026 02:31:49 GMT,2026-05-08T18:09:38.770Z,2026-05-09T02:31:49.835Z,Over 0.5 Rhys Hoskins Total Bases MIN vs. CLE | Over 0.5 Troy Johnston Total Bases COL vs. PHI | Under 1.5 Javier Sanoja Hits + Runs + Runs Batted In WSH vs. MIA,,Baseball,MLB
69fe25cc8d1081c07824c1cb,Betr Picks,parlay,SETTLED_LOSS,6,,,10,-10.00,05/08/2026 18:05:00 GMT,05/09/2026 04:41:44 GMT,2026-05-08T18:05:00.639Z,2026-05-09T04:41:44.411Z,Over 28.5 Tyrese Maxey PTS+AST NY vs. PHI | Over 13.5 Devin Vassell PTS+AST SA vs. MIN | Over 10.5 Breanna Stewart AST+REB CONN vs. NY,,Basketball,NBA | WNBA
1358535343812399104,Sleeper,parlay,SETTLED_WIN,5.42,,,10,44.20,05/08/2026 17:49:35 GMT,05/08/2026 20:49:35 GMT,2026-05-08T17:49:35.633Z,2026-05-08T20:49:35.633Z,O 8.5 Keldon Johnson Points SAS @ MIN | O 0.5 Breanna Stewart Points CON @ NYL | O 1.5 Adley Rutschman Hits Runs Rbis ATH @ BAL,,Basketball | Baseball,NBA | WNBA | MLB
69fe2158d9ddf5276267fd36,Betr Picks,parlay,SETTLED_LOSS,6,,,5,-5.00,05/08/2026 17:46:00 GMT,05/09/2026 02:21:18 GMT,2026-05-08T17:46:00.998Z,2026-05-09T02:21:18.405Z,Under 7.5 Shakira Austin Rebounds WSH vs. TOR | Under 17.5 Foster Griffin Total Outs Pitched WSH vs. MIA | Under 5.5 Reid Detmers Pitching Hits Allowed LAA vs. TOR,,Basketball | Baseball,WNBA | MLB
69fe20883165c8e340bed49b,Betr Picks,parlay,SETTLED_LOSS,6,,,10,-10.00,05/08/2026 17:42:32 GMT,05/09/2026 04:57:54 GMT,2026-05-08T17:42:32.476Z,2026-05-09T04:57:54.502Z,Over 35.5 Victor Wembanyama PTS+REB SA vs. MIN | Over 6.5 Julius Randle Rebounds SA vs. MIN | Over 1.5 Chris Sale Pitching Walks ATL vs. LAD,,Basketball | Baseball,NBA | MLB
019e087d-380c-727e-a8e9-2a3b4cef1970,Dabble,parlay,SETTLED_LOSS,6,,,5,-5.00,05/08/2026 16:48:04 GMT,05/09/2026 01:54:49 GMT,2026-05-08T16:48:04.565Z,2026-05-09T01:54:49.987Z,Over 15.5 Stephon Castle points San Antonio Spurs @ Minnesota Timberwolves | Over 12.5 VJ Edgecombe points New York Knicks @ Philadelphia 76ers | Over 6.5 Kelly Oubre Jr. assists + rebounds New York Knicks @ Philadelphia 76ers,,Basketball,NBA
69fde9df932044762daac405,Betr Picks,parlay,SETTLED_WIN,6,,,10,50.00,05/08/2026 13:49:19 GMT,05/09/2026 05:03:38 GMT,2026-05-08T13:49:19.094Z,2026-05-09T05:03:38.483Z,Over 1.5 Nick Kurtz Hits + Runs + Runs Batted In ATH vs. BAL | Over 0.5 Gary Sánchez Hits NYY vs. MIL | Over 5.5 Chris Sale Pitching Strikeouts ATL vs. LAD,,Baseball,MLB
1608637834,PrizePicks,round_robin_3,SETTLED_WIN,6,,,5,25.00,05/08/2026 13:45:17 GMT,05/09/2026 04:45:00 GMT,2026-05-08T13:45:17.821Z,2026-05-09T04:45:00.000Z,Over 12.5 Breanna Stewart Points NYL vs. CON | Over 1.5 Elly De La Cruz Hits+Runs+RBIs CIN vs. HOU | Over 4.5 Griffin Canning Pitcher Strikeouts SD vs. STL,,Basketball | Baseball,WNBA | MLB
1358284132928458752,Sleeper,parlay,SETTLED_WIN,5.2,,,10,42.00,05/08/2026 01:11:22 GMT,05/08/2026 04:11:22 GMT,2026-05-08T01:11:22.290Z,2026-05-08T04:11:22.290Z,O 4.5 Michael King Strike Outs STL @ SD | U 14.5 LeBron James Rebounds & Assists LAL @ OKC | O 8.5 Deandre Ayton Rebounds LAL @ OKC,,Baseball | Basketball,MLB | NBA
jKPBgKr,DK Pick6,round_robin_3,SETTLED_LOSS,5.862,,,5,-5.00,05/07/2026 23:00:00 GMT,05/08/2026 04:42:46 GMT,2026-05-07T23:00:00.000Z,2026-05-08T04:42:46.413Z,Over 8.5 Chet Holmgren Rebounds Los Angeles Lakers vs. Oklahoma City Thunder | Over 20.5 LeBron James Points Los Angeles Lakers vs. Oklahoma City Thunder | Over 28.5 Shai Gilgeous-Alexander Points Los Angeles Lakers vs. Oklahoma City Thunder,,Basketball,NBA
69fd116d60ac415162e5f934,Betr Picks,parlay,SETTLED_LOSS,6,,,5,-5.00,05/07/2026 22:25:49 GMT,05/08/2026 01:59:07 GMT,2026-05-07T22:25:49.491Z,2026-05-08T01:59:07.173Z,Under 9.5 Cade Cunningham Assists CLE vs. DET | Over 9.5 Max Strus Points CLE vs. DET | Over 4.5 Dean Wade Points CLE vs. DET,,Basketball,NBA
1607464100,PrizePicks,round_robin_3,SETTLED_LOSS,6,,,7,-7.00,05/07/2026 21:27:49 GMT,05/08/2026 01:40:00 GMT,2026-05-07T21:27:49.652Z,2026-05-08T01:40:00.000Z,Over 11.5 Daniss Jenkins Pts+Rebs DET vs. CLE | Over 8.5 Deandre Ayton Rebounds LAL vs. OKC | Over 2.5 J.T. Ginn Earned Runs Allowed ATH vs. PHI,,Basketball | Baseball,NBA | MLB
c4409ec6-9fef-4156-beb4-a881f0577a89,Underdog,parlay,SETTLED_LOSS,9.25,,,15,-15.00,05/07/2026 21:24:33 GMT,05/08/2026 01:40:00 GMT,2026-05-07T21:24:33.000Z,2026-05-08T01:40:00.000Z,Higher 1.5 Brandon Marsh Hits + Runs + RBIs O/U ATH @ PHI | Higher 29.5 Donovan Mitchell Points + Rebounds O/U CLE @ DET | Higher 1.5 Jackson Merrill Hits + Runs + RBIs O/U STL @ SD,,Baseball | Basketball,MLB | NBA
69fd026633bed2dff9843693,Betr Picks,parlay,SETTLED_LOSS,6,,,10,-10.00,05/07/2026 21:21:42 GMT,05/08/2026 03:11:41 GMT,2026-05-07T21:21:42.412Z,2026-05-08T03:11:41.153Z,Under 16.5 Max Meyer Total Outs Pitched BAL vs. MIA | Over 1.5 Brandon Marsh Hits + Runs + Runs Batted In ATH vs. PHI | Over 1.5 Logan Stankoven Shots on goal CAR vs. PHI,,Baseball | Ice Hockey,MLB | NHL
1607450879,PrizePicks,round_robin_3,SETTLED_LOSS,6,,,5,-5.00,05/07/2026 21:20:34 GMT,05/08/2026 02:10:00 GMT,2026-05-07T21:20:34.964Z,2026-05-08T02:10:00.000Z,Over 1.5 Kyle Schwarber Hits+Runs+RBIs PHI vs. ATH | Under 18.5 Jarrett Allen Pts+Rebs CLE vs. DET | Over 7.5 Isaiah Hartenstein Points OKC vs. LAL,,Baseball | Basketball,MLB | NBA
69fccbdd72f496bb6e88c5f9,Betr Picks,parlay,SETTLED_WIN,6,,,5,25.00,05/07/2026 17:29:01 GMT,05/08/2026 04:52:23 GMT,2026-05-07T17:29:01.464Z,2026-05-08T04:52:23.660Z,Over 0.5 Shea Langeliers Singles ATH vs. PHI | Under 0.5 Andy Ibáñez Singles NYM vs. COL | Under 0.5 Manny Machado Singles STL vs. SD,,Baseball,MLB
69fcc73832ee83bc59290736,Betr Picks,parlay,SETTLED_LOSS,6,,,15,-15.00,05/07/2026 17:09:12 GMT,05/08/2026 04:52:04 GMT,2026-05-07T17:09:12.650Z,2026-05-08T04:52:04.936Z,Over 1.5 Alex Bregman Hits + Runs + Runs Batted In CIN vs. CHC | Over 1.5 Matthew Liberatore Pitching Walks STL vs. SD | Over 1.5 Logan Stankoven Shots on goal CAR vs. PHI,,Baseball | Ice Hockey,MLB | NHL
d089d18c-3b63-4c13-8046-b2dabbb7d12b,Underdog,parlay,SETTLED_LOSS,6.5,,,5,-5.00,05/07/2026 16:44:41 GMT,05/07/2026 21:20:00 GMT,2026-05-07T16:44:41.000Z,2026-05-07T21:20:00.000Z,Higher 1.5 Bobby Witt Jr. Total Bases O/U CLE @ KC | Higher 1.5 Moises Ballesteros Hits + Runs + RBIs O/U CIN @ CHC | Lower 0.5 Yandy Diaz Runs O/U TB @ BOS,,Baseball,MLB
1607071728,PrizePicks,round_robin_3,SETTLED_LOSS,6,,,5,-5.00,05/07/2026 16:40:25 GMT,05/07/2026 22:41:00 GMT,2026-05-07T16:40:25.060Z,2026-05-07T22:41:00.000Z,Under 1.5 Adrian Del Castillo Hits+Runs+RBIs AZ vs. PIT | Over 0.5 Jackson Merrill Singles SD vs. STL | Over 1.5 Kyle Schwarber Hits+Runs+RBIs PHI vs. ATH,,Baseball,MLB
69fcbaf072f496bb6e88c4c4,Betr Picks,parlay,SETTLED_LOSS,6,,,10,-10.00,05/07/2026 16:16:48 GMT,05/08/2026 04:50:31 GMT,2026-05-07T16:16:48.856Z,2026-05-08T04:50:31.480Z,Over 27.5 James Harden Pts+Rebs+Asst CLE vs. DET | Under 17.5 Mitch Keller Total Outs Pitched PIT vs. ARI | Under 17.5 Matthew Liberatore Total Outs Pitched STL vs. SD,,Basketball | Baseball,NBA | MLB
019e02f3-aabc-71a1-94c6-02286b6f35ea,Dabble,parlay,SETTLED_LOSS,6,,,5,-5.00,05/07/2026 14:59:43 GMT,05/08/2026 01:46:27 GMT,2026-05-07T14:59:43.816Z,2026-05-08T01:46:27.028Z,Over 7.5 Donovan Mitchell assists + rebounds Cleveland Cavaliers @ Detroit Pistons | Over 13.5 Jalen Duren assists + rebounds Cleveland Cavaliers @ Detroit Pistons | Over 15.5 Max Strus assists + points + rebounds Cleveland Cavaliers @ Detroit Pistons,,Basketball,NBA
69fca6335916526c54f0a359,Betr Picks,parlay,SETTLED_LOSS,6,,,10,-10.00,05/07/2026 14:48:19 GMT,05/08/2026 04:37:00 GMT,2026-05-07T14:48:19.063Z,2026-05-08T04:37:00.097Z,Over 32.5 LeBron James Pts+Rebs+Asst LAL vs. OKC | Over 9.5 Deandre Ayton Points LAL vs. OKC | Over 1.5 Cody Bellinger Hits + Runs + Runs Batted In TEX vs. NYY,,Basketball | Baseball,NBA | MLB
1606917839,PrizePicks,round_robin_3,SETTLED_LOSS,6,,,5,-5.00,05/07/2026 14:37:29 GMT,05/07/2026 22:10:00 GMT,2026-05-07T14:37:29.043Z,2026-05-07T22:10:00.000Z,Over 14.5 Jalen Duren Points DET vs. CLE | Under 4.5 Christian Scott Pitcher Strikeouts NYM vs. COL | Over 4.5 MacKenzie Gore Hits Allowed TEX vs. NYY,,Basketball | Baseball,NBA | MLB
019e02d8-5cd5-7082-a56d-b7b0446aae34,Dabble,parlay,SETTLED_LOSS,6,,,5,-5.00,05/07/2026 14:29:54 GMT,05/08/2026 02:01:46 GMT,2026-05-07T14:29:54.480Z,2026-05-08T02:01:46.514Z,Under 0.5 Corey Seager runs Texas Rangers @ New York Yankees | Under 1.5 Ben Williamson hits + runs + rbis Tampa Bay Rays @ Boston Red Sox | Over 3.5 Marcus Smart assists Los Angeles Lakers @ Oklahoma City Thunder,,Baseball | Basketball,MLB | NBA
69fbe8bb92459955cb211ccb,Betr Picks,parlay,SETTLED_LOSS,15,,,5,-5.00,05/07/2026 01:19:55 GMT,05/07/2026 04:37:37 GMT,2026-05-07T01:19:55.875Z,2026-05-07T04:37:37.173Z,Over 4.5 Paul Skenes Pitching Hits Allowed PIT vs. ARI | Over 21.5 Jaden McDaniels Pts+Rebs+Asst MIN vs. SA | Over 1.5 Carson Benge Hits + Runs + Runs Batted In NYM vs. COL | Over 11.5 Dylan Harper Points MIN vs. SA,,Baseball | Basketball,MLB | NBA
019e0000-5564-72b9-b0b1-df4461654a34,Dabble,parlay,SETTLED_LOSS,6,,,5,-5.00,05/07/2026 01:14:42 GMT,05/07/2026 04:30:31 GMT,2026-05-07T01:14:42.357Z,2026-05-07T04:30:31.061Z,Under 6.5 Devin Vassell assists + rebounds Minnesota Timberwolves @ San Antonio Spurs | Under 6.5 Ayo Dosunmu assists + rebounds Minnesota Timberwolves @ San Antonio Spurs | Under 20.5 Anthony Edwards points Minnesota Timberwolves @ San Antonio Spurs,,Basketball,NBA
69fbe6d5540a4a9ac210f012,Betr Picks,parlay,SETTLED_LOSS,6,,,10,-10.00,05/07/2026 01:11:49 GMT,05/07/2026 04:39:58 GMT,2026-05-07T01:11:49.497Z,2026-05-07T04:39:58.236Z,Over 8.5 Julian Champagnie Points MIN vs. SA | Over 5.5 Paul Skenes Pitching Strikeouts PIT vs. ARI | Over 10.5 Rudy Gobert Rebounds MIN vs. SA,,Basketball | Baseball,NBA | MLB
69fbdff194aeb64f972b20b7,Betr Picks,parlay,SETTLED_LOSS,6,,,5,-5.00,05/07/2026 00:42:25 GMT,05/07/2026 04:39:14 GMT,2026-05-07T00:42:25.350Z,2026-05-07T04:39:14.493Z,Over 0.5 Adrian Del Castillo Hits PIT vs. ARI | Under 12.5 Stephon Castle AST+REB MIN vs. SA | Under 9.5 Keldon Johnson Points MIN vs. SA,,Baseball | Basketball,MLB | NBA
xz2x5yN,DK Pick6,round_robin_3,SETTLED_LOSS,7.8,,,10,-10.00,05/06/2026 23:00:00 GMT,05/07/2026 02:13:43 GMT,2026-05-06T23:00:00.000Z,2026-05-07T02:13:43.000Z,Over 6.5 Stephon Castle Assists Minnesota Timberwolves vs. San Antonio Spurs | Over 10.5 Rudy Gobert Rebounds Minnesota Timberwolves vs. San Antonio Spurs | Under 25.5 OG Anunoby Pts + Rebs + Asts Philadelphia 76ers vs. New York Knicks,,Basketball,NBA
NzbmjgW,DK Pick6,round_robin_3,SETTLED_LOSS,3,,,7,-7.00,05/06/2026 23:00:00 GMT,05/07/2026 02:13:43 GMT,2026-05-06T23:00:00.000Z,2026-05-07T02:13:43.000Z,Under 21.5 VJ Edgecombe Pts + Rebs + Asts Philadelphia 76ers vs. New York Knicks | Over 11.5 Ayo Dosunmu Points Minnesota Timberwolves vs. San Antonio Spurs | Under 9.5 Keldon Johnson Points Minnesota Timberwolves vs. San Antonio Spurs,,Basketball,NBA
69fbb0775ec480e014ea08b0,Betr Picks,parlay,SETTLED_LOSS,6,,,5,-5.00,05/06/2026 21:19:51 GMT,05/07/2026 04:45:00 GMT,2026-05-06T21:19:51.250Z,2026-05-07T04:45:00.205Z,Over 15.5 Eury Pérez Total Outs Pitched BAL vs. MIA | Over 0.5 Andrew McCutchen Hits + Runs + Runs Batted In TEX vs. NYY | Over 1.5 Carson Benge Hits + Runs + Runs Batted In NYM vs. COL,,Baseball,MLB
69fbafad28721fb87a91f45e,Betr Picks,parlay,SETTLED_WIN,6,,,10,20.00,05/06/2026 21:16:29 GMT,05/07/2026 04:38:07 GMT,2026-05-06T21:16:29.686Z,2026-05-07T04:38:07.057Z,Over 18.5 VJ Edgecombe PTS+AST PHI vs. NY | Over 10.5 Ayo Dosunmu Points MIN vs. SA | Under 27.5 De'Aaron Fox Pts+Rebs+Asst MIN vs. SA,,Basketball,NBA
1605797475,PrizePicks,round_robin_3,SETTLED_LOSS,6,,,5,-5.00,05/06/2026 21:13:06 GMT,05/07/2026 04:43:12 GMT,2026-05-06T21:13:06.041Z,2026-05-07T04:43:12.517Z,Under 3.5 Victor Wembanyama Assists SAS vs. MIN | Over 1.5 Naz Reid Assists MIN vs. SAS | Over 5.5 De'Aaron Fox Assists SAS vs. MIN,,Basketball,NBA
69fba17a3417d9a618ccba78,Betr Picks,parlay,SETTLED_LOSS,6,,,5,-5.00,05/06/2026 20:15:54 GMT,05/07/2026 04:33:38 GMT,2026-05-06T20:15:54.745Z,2026-05-07T04:33:38.146Z,Over 5.5 De'Aaron Fox Assists MIN vs. SA | Over 3.5 Tyrese Maxey Rebounds PHI vs. NY | Over 0.5 Josh Jung Singles TEX vs. NYY,,Basketball | Baseball,NBA | MLB
1605645427,PrizePicks,round_robin_6,SETTLED_WIN,25,,,5,-3.00,05/06/2026 19:36:13 GMT,05/07/2026 04:06:36 GMT,2026-05-06T19:36:13.402Z,2026-05-07T04:06:36.323Z,Under 17.5 Adrian Houser Pitching Outs SF vs. SD | Under 1.5 Alec Bohm Hits+Runs+RBIs PHI vs. ATH | Under 1.5 J.T. Realmuto Hits+Runs+RBIs PHI vs. ATH | Under 5.5 Justin Edwards Pts+Rebs+Asts PHI vs. NYK | Over 3.5 Brady Singer Pitcher Strikeouts CIN vs. CHC | Over 17.5 Dylan Harper Pts+Rebs+Asts SAS vs. MIN,,Baseball | Basketball,MLB | NBA
1605625628,PrizePicks,round_robin_3,SETTLED_LOSS,6,,,5,-5.00,05/06/2026 19:23:01 GMT,05/06/2026 22:45:00 GMT,2026-05-06T19:23:01.135Z,2026-05-06T22:45:00.000Z,Under 17.5 Adrian Houser Pitching Outs SF vs. SD | Over 4.5 Paul Skenes Hits Allowed PIT vs. AZ | Under 12.5 Stephon Castle Rebs+Asts SAS vs. MIN,,Baseball | Basketball,MLB | NBA
69fb94357424869d83275702,Betr Picks,parlay,SETTLED_LOSS,6,,,5,-5.00,05/06/2026 19:19:17 GMT,05/07/2026 04:38:32 GMT,2026-05-06T19:19:17.531Z,2026-05-07T04:38:32.330Z,Under 5.5 Stephon Castle Rebounds MIN vs. SA | Over 1.5 Liam Hicks Hits + Runs + Runs Batted In BAL vs. MIA | Under 13.5 Miles Mikolas Total Outs Pitched MIN vs. WSH,,Basketball | Baseball,NBA | MLB
1357816509807742976,Sleeper,parlay,SETTLED_WIN,5.55,,,10,45.50,05/06/2026 18:13:12 GMT,05/06/2026 21:13:12 GMT,2026-05-06T18:13:12.251Z,2026-05-06T21:13:12.251Z,O 14.5 Stephon Castle Points MIN @ SAS | O 17.5 Dylan Harper Pts Reb Ast MIN @ SAS | U 17.5 Colin Rea Outs CIN @ CHC,,Basketball | Baseball,NBA | MLB
cbc04b77-f15e-46b4-95c6-eb8dd5ee03e8,Underdog,parlay,SETTLED_WIN,3.5,,,5,12.50,05/06/2026 17:42:12 GMT,05/06/2026 23:07:00 GMT,2026-05-06T17:42:12.000Z,2026-05-06T23:07:00.000Z,Higher 1.5 Kyle Tucker Hits + Runs + RBIs O/U LAD @ HOU | Higher 1.5 Mike Trout Hits + Runs + RBIs O/U CWS @ LAA,,Baseball,MLB
69fb7b822c28749457d88195,Betr Picks,parlay,SETTLED_LOSS,6,,,10,-10.00,05/06/2026 17:33:54 GMT,05/07/2026 04:32:59 GMT,2026-05-06T17:33:54.021Z,2026-05-07T04:32:59.606Z,Over 6.5 Kelly Oubre Jr. AST+REB PHI vs. NY | Over 0.5 Josh Bell Singles MIN vs. WSH | Over 21.5 Julius Randle PTS+REB MIN vs. SA,,Basketball | Baseball,NBA | MLB
3b5b2f13-11a9-4343-aaf1-cc829dd39d45,Underdog,parlay,SETTLED_LOSS,6.5,,,15,-15.00,05/06/2026 17:12:49 GMT,05/07/2026 02:00:00 GMT,2026-05-06T17:12:49.000Z,2026-05-07T02:00:00.000Z,Higher 16.5 Mikal Bridges Pts + Rebs + Asts O/U PHI @ NYK | Higher 9.5 Tyrese Maxey Rebounds + Assists O/U PHI @ NYK | Higher 26.5 Josh Hart Pts + Rebs + Asts O/U PHI @ NYK,,Basketball,NBA
drBxmxy,DK Pick6,round_robin_3,SETTLED_LOSS,6,,,10,-10.00,05/06/2026 17:10:00 GMT,05/07/2026 01:40:57 GMT,2026-05-06T17:10:00.000Z,2026-05-07T01:40:57.000Z,Over 1.5 Kevin McGonigle Hits + Runs + RBIs Boston Red Sox vs. Detroit Tigers | Over 1.5 CJ Abrams Hits + Runs + RBIs Minnesota Twins vs. Washington Nationals | Over 1.5 Pete Alonso Hits + Runs + RBIs Baltimore Orioles vs. Miami Marlins,,Baseball,MLB
rYjGK4z,DK Pick6,round_robin_3,SETTLED_LOSS,7.8,,,10,-10.00,05/06/2026 17:10:00 GMT,05/07/2026 01:40:57 GMT,2026-05-06T17:10:00.000Z,2026-05-07T01:40:57.000Z,Under 4.5 Joey Cantillo Strikeouts Thrown Cleveland Guardians vs. Kansas City Royals | Over 1.5 Wilyer Abreu Hits + Runs + RBIs Boston Red Sox vs. Detroit Tigers | Over 1.5 Pete Alonso Hits + Runs + RBIs Baltimore Orioles vs. Miami Marlins,,Baseball,MLB
69fb75ae804b9a7dfcfa8f3a,Betr Picks,parlay,SETTLED_LOSS,7.5,,,5,-5.00,05/06/2026 17:09:02 GMT,05/07/2026 04:45:00 GMT,2026-05-06T17:09:02.116Z,2026-05-07T04:45:00.578Z,Over 1.5 Mickey Moniak Hits + Runs + Runs Batted In NYM vs. COL | Over 1.5 Ryan O'Hearn Hits + Runs + Runs Batted In PIT vs. ARI | Over 1.5 Wilyer Abreu Hits + Runs + Runs Batted In BOS vs. DET,,Baseball,MLB
1605401496,PrizePicks,round_robin_3,SETTLED_LOSS,6,,,5,-5.00,05/06/2026 17:03:09 GMT,05/06/2026 22:45:00 GMT,2026-05-06T17:03:09.096Z,2026-05-06T22:45:00.000Z,Over 1.5 Mickey Moniak Hits+Runs+RBIs COL vs. NYM | Under 17.5 Adrian Houser Pitching Outs SF vs. SD | Under 1.5 Daylen Lile Total Bases WSH vs. MIN,,Baseball,MLB
677faf90-be3f-4af4-8f5e-95aeedbc13be,Underdog,parlay,SETTLED_WIN,3.5,,,12.5,31.25,05/06/2026 16:53:29 GMT,05/07/2026 04:30:00 GMT,2026-05-06T16:53:29.000Z,2026-05-07T04:30:00.000Z,Higher 24.5 Tyrese Maxey Points O/U PHI @ NYK | Lower 20.5 Rudy Gobert Pts + Rebs + Asts O/U MIN @ SAS,,Basketball,NBA
69fb6e49540a4a9ac210e53e,Betr Picks,parlay,SETTLED_LOSS,7.5,,,5,-5.00,05/06/2026 16:37:29 GMT,05/07/2026 02:13:09 GMT,2026-05-06T16:37:29.376Z,2026-05-07T02:13:09.742Z,Over 3.5 Andre Pallante Pitching Strikeouts MIL vs. STL | Over 1.5 Cody Bellinger Hits + Runs + Runs Batted In TEX vs. NYY | Over 2.5 Lance McCullers Jr. Pitching Earned Runs LAD vs. HOU,,Baseball,MLB
69fb6d93804b9a7dfcfa8e55,Betr Picks,parlay,SETTLED_LOSS,6,,,5,-5.00,05/06/2026 16:34:27 GMT,05/07/2026 01:41:36 GMT,2026-05-06T16:34:27.106Z,2026-05-07T01:41:36.673Z,Over 0.5 Yohendrick Piñango Hits TOR vs. TB | Under 1.5 Ben Williamson Hits + Runs + Runs Batted In TOR vs. TB | Under 1.5 Brent Rooker Hits + Runs + Runs Batted In ATH vs. PHI,,Baseball,MLB
1605348969,PrizePicks,round_robin_3,SETTLED_LOSS,6,,,5,-5.00,05/06/2026 16:30:47 GMT,05/07/2026 02:09:00 GMT,2026-05-06T16:30:47.310Z,2026-05-07T02:09:00.000Z,Over 0.5 Josh Naylor Singles SEA vs. ATL | Under 5.5 Nathan Eovaldi Pitcher Strikeouts TEX vs. NYY | Under 1.5 Carson Benge Hits+Runs+RBIs NYM vs. COL,,Baseball,MLB
69fb6a0a8ba20d431f0a86b7,Betr Picks,parlay,SETTLED_WIN,6,,,10,50.00,05/06/2026 16:19:22 GMT,05/07/2026 04:38:13 GMT,2026-05-06T16:19:22.910Z,2026-05-07T04:38:13.726Z,Over 15.5 Victor Wembanyama AST+REB MIN vs. SA | Over 26.5 Karl-Anthony Towns PTS+REB PHI vs. NY | Over 2.5 Lance McCullers Jr. Pitching Earned Runs LAD vs. HOU,,Basketball | Baseball,NBA | MLB
1605229417,PrizePicks,round_robin_3,SETTLED_LOSS,6,,,5,-5.00,05/06/2026 14:41:46 GMT,05/07/2026 02:13:00 GMT,2026-05-06T14:41:46.762Z,2026-05-07T02:13:00.000Z,Under 15.5 Karl-Anthony Towns Rebs+Asts NYK vs. PHI | Under 9.5 Josh Hart Rebounds NYK vs. PHI | Under 6.5 Julius Randle Rebounds MIN vs. SAS,,Basketball,NBA
69fb524a9769e444eaaaff9c,Betr Picks,parlay,SETTLED_LOSS,6,,,17.5,-17.50,05/06/2026 14:38:02 GMT,05/07/2026 04:13:44 GMT,2026-05-06T14:38:02.514Z,2026-05-07T04:13:44.154Z,Over 1.5 Cody Bellinger Hits + Runs + Runs Batted In TEX vs. NYY | Under 2.5 Walbert Ureña Pitching Earned Runs CHW vs. LAA | Over 5.5 Paul Skenes Pitching Strikeouts PIT vs. ARI,,Baseball,MLB
019dfdb6-0dac-738f-bca4-a14d8caaf0c8,Dabble,parlay,SETTLED_LOSS,10,,,5,-5.00,05/06/2026 14:34:19 GMT,05/07/2026 01:56:52 GMT,2026-05-06T14:34:19.902Z,2026-05-07T01:56:52.817Z,Over 10.5 Kelly Oubre Jr. points Philadelphia 76ers @ New York Knicks | Over 25.5 Josh Hart assists + points + rebounds Philadelphia 76ers @ New York Knicks | Under 8.5 Joel Embiid rebounds Philadelphia 76ers @ New York Knicks | Under 4.5 Eury Pérez hits-allowed Baltimore Orioles @ Miami Marlins,,Basketball | Baseball,NBA | MLB
1605218035,PrizePicks,round_robin_3,SETTLED_LOSS,6,,,5,-5.00,05/06/2026 14:28:45 GMT,05/07/2026 01:40:00 GMT,2026-05-06T14:28:45.353Z,2026-05-07T01:40:00.000Z,Under 1.5 Dansby Swanson Hits+Runs+RBIs CHC vs. CIN | Under 2.5 Freddy Peralta Earned Runs Allowed NYM vs. COL | Under 1.5 J.T. Realmuto Hits+Runs+RBIs PHI vs. ATH,,Baseball,MLB
wZ24WDZ,DK Pick6,round_robin_4,SETTLED_LOSS,9.9,,,10,-10.00,05/05/2026 23:00:00 GMT,05/06/2026 02:10:07 GMT,2026-05-05T23:00:00.000Z,2026-05-06T02:10:07.000Z,Under 19.5 James Harden Points Cleveland Cavaliers vs. Detroit Pistons | Under 16.5 Chet Holmgren Points Los Angeles Lakers vs. Oklahoma City Thunder | Over 15.5 LeBron James Points Los Angeles Lakers vs. Oklahoma City Thunder | Under 26.5 Tobias Harris Pts + Rebs + Asts Cleveland Cavaliers vs. Detroit Pistons,,Basketball,NBA
PqQYpb2,DK Pick6,round_robin_3,SETTLED_LOSS,10.26,,,10,-10.00,05/05/2026 23:00:00 GMT,05/06/2026 02:10:07 GMT,2026-05-05T23:00:00.000Z,2026-05-06T02:10:07.000Z,Under 34.5 Donovan Mitchell Pts + Rebs + Asts Cleveland Cavaliers vs. Detroit Pistons | Under 32.5 Shai Gilgeous-Alexander Points Los Angeles Lakers vs. Oklahoma City Thunder | Under 13.5 Daniss Jenkins Pts + Rebs + Asts Cleveland Cavaliers vs. Detroit Pistons,,Basketball,NBA
qrdMKwp,DK Pick6,round_robin_4,SETTLED_LOSS,10,,,10,-10.00,05/05/2026 23:00:00 GMT,05/06/2026 03:14:27 GMT,2026-05-05T23:00:00.000Z,2026-05-06T03:14:27.764Z,Over 20.5 Donovan Mitchell Points Cleveland Cavaliers vs. Detroit Pistons | Over 18.5 Ausar Thompson Pts + Rebs + Asts Cleveland Cavaliers vs. Detroit Pistons | Over 1.5 Chet Holmgren Assists Los Angeles Lakers vs. Oklahoma City Thunder | Under 4.5 Jaxson Hayes Points Los Angeles Lakers vs. Oklahoma City Thunder,,Basketball,NBA
n8YKZpG,DK Pick6,round_robin_3,SETTLED_LOSS,5.988,,,10,-10.00,05/05/2026 23:00:00 GMT,05/06/2026 02:10:07 GMT,2026-05-05T23:00:00.000Z,2026-05-06T02:10:07.000Z,Over 2.5 Isaiah Hartenstein Assists Los Angeles Lakers vs. Oklahoma City Thunder | Over 19.5 LeBron James Points Los Angeles Lakers vs. Oklahoma City Thunder | Over 24.5 Cade Cunningham Points Cleveland Cavaliers vs. Detroit Pistons,,Basketball,NBA
n8YKgqz,DK Pick6,round_robin_3,SETTLED_WIN,3,,,9,18.00,05/05/2026 22:40:00 GMT,05/06/2026 04:40:29 GMT,2026-05-05T22:40:00.000Z,2026-05-06T04:40:29.000Z,Over 1.5 James Wood Hits + Runs + RBIs Minnesota Twins vs. Washington Nationals | Over 1.5 Corbin Carroll Hits + Runs + RBIs Pittsburgh Pirates vs. Arizona Diamondbacks | Over 0.5 Kyle Karros Hits New York Mets vs. Colorado Rockies,,Baseball,MLB
1604287480,PrizePicks,round_robin_3,SETTLED_WIN,6,,,5,25.00,05/05/2026 22:35:06 GMT,05/06/2026 04:05:07 GMT,2026-05-05T22:35:06.591Z,2026-05-06T04:05:07.202Z,Over 19.5 Scott Wedgewood Goalie Saves COL vs. MIN | Over 10.5 Jalen Duren Rebounds DET vs. CLE | Over 1.5 Jackson Merrill Hits+Runs+RBIs SD vs. SF,,Ice Hockey | Basketball | Baseball,NHL | NBA | MLB
69fa5ed831efdd1428425ee3,Betr Picks,parlay,SETTLED_LOSS,10,,,5,-5.00,05/05/2026 21:19:20 GMT,05/06/2026 03:07:55 GMT,2026-05-05T21:19:20.342Z,2026-05-06T03:07:55.899Z,Over 1.5 Andy Pages Hits + Runs + Runs Batted In LAD vs. HOU | Over 0.5 Andrés Giménez Total Bases TOR vs. TB | Over 0.5 Matt Boldy Goals MIN vs. COL,,Baseball | Ice Hockey,MLB | NHL
1603939801,PrizePicks,round_robin_3,SETTLED_LOSS,6,,,5,-5.00,05/05/2026 20:26:38 GMT,05/06/2026 03:44:00 GMT,2026-05-05T20:26:38.512Z,2026-05-06T03:44:00.000Z,Over 4.5 Cristopher Sánchez Pitcher Strikeouts PHI vs. ATH | Over 7.5 LeBron James Assists LAL vs. OKC | Over 1.5 Bobby Witt Jr. Hits+Runs+RBIs KC vs. CLE,,Baseball | Basketball,MLB | NBA
1603733448,PrizePicks,round_robin_3,SETTLED_LOSS,6,,,5,-5.00,05/05/2026 18:40:05 GMT,05/06/2026 03:44:00 GMT,2026-05-05T18:40:05.160Z,2026-05-06T03:44:00.000Z,Over 14.5 LeBron James Points LAL vs. OKC | Over 1.5 Isaiah Joe Rebounds OKC vs. LAL | Over 9.5 Luke Kennard Pts+Asts LAL vs. OKC,,Basketball,NBA
1603730938,PrizePicks,round_robin_3,SETTLED_VOID,6,,,5,0.00,05/05/2026 18:39:09 GMT,05/05/2026 20:31:15 GMT,2026-05-05T18:39:09.217Z,2026-05-05T20:31:15.565Z,Over 14.5 LeBron James Points LAL vs. OKC | Under 9.5 Luke Kennard Pts+Asts LAL vs. OKC | Over 1.5 Isaiah Joe Rebounds OKC vs. LAL,,Basketball,NBA
69fa36d59769e444eaaaf258,Betr Picks,parlay,SETTLED_WIN,7.5,,,5,32.50,05/05/2026 18:28:37 GMT,05/06/2026 04:35:56 GMT,2026-05-05T18:28:37.481Z,2026-05-06T04:35:56.944Z,Over 1.5 Mike Trout Hits + Runs + Runs Batted In CHW vs. LAA | Over 1.5 Corbin Carroll Hits + Runs + Runs Batted In PIT vs. ARI | Over 1.5 James Wood Hits + Runs + Runs Batted In MIN vs. WSH,,Baseball,MLB
1603626372,PrizePicks,round_robin_3,SETTLED_WIN,6,,,5,25.00,05/05/2026 17:53:42 GMT,05/06/2026 02:10:00 GMT,2026-05-05T17:53:42.015Z,2026-05-06T02:10:00.000Z,Over 20.5 Cade Cunningham Points DET vs. CLE | Under 5.5 Framber Valdez Pitcher Strikeouts DET vs. BOS | Over 1.5 James Wood Hits+Runs+RBIs WSH vs. MIN,,Basketball | Baseball,NBA | MLB
1357443670898388992,Sleeper,parlay,SETTLED_LOSS,5.42,,,10,-10.00,05/05/2026 17:31:40 GMT,05/05/2026 20:31:40 GMT,2026-05-05T17:31:40.528Z,2026-05-05T20:31:40.528Z,O 1.5 Mike Trout Hits Runs Rbis CWS @ LAA | O 8.5 Jarrett Allen Rebounds & Assists CLE @ DET | O 16.5 Austin Reaves Points LAL @ OKC,,Baseball | Basketball,MLB | NBA
e3eeb070-7106-465c-8270-dddc6a6b3ec4,Underdog,parlay,SETTLED_LOSS,6.5,,,8.25,-8.25,05/05/2026 17:15:01 GMT,05/06/2026 01:40:00 GMT,2026-05-05T17:15:01.000Z,2026-05-06T01:40:00.000Z,Higher 2.5 Chris Bassitt Earned Runs Allowed O/U BAL @ MIA | Higher 1.5 Adolis Garcia Hits + Runs + RBIs O/U ATH @ PHI | Higher 4.5 Cade Cavalli Hits Allowed O/U MIN @ WSH,,Baseball,MLB
69fa25371820c005b82defbb,Betr Picks,parlay,SETTLED_LOSS,6,,,5,-5.00,05/05/2026 17:13:27 GMT,05/06/2026 02:08:37 GMT,2026-05-05T17:13:27.489Z,2026-05-06T02:08:37.658Z,Under 1.5 Dylan Beavers Hits + Runs + Runs Batted In BAL vs. MIA | Under 1.5 Travis Bazzana Hits + Runs + Runs Batted In CLE vs. KC | Over 1.5 CJ Abrams Hits + Runs + Runs Batted In MIN vs. WSH,,Baseball,MLB
69fa2174084e7ca915febf24,Betr Picks,parlay,SETTLED_WIN,6,,,5,25.00,05/05/2026 16:57:24 GMT,05/06/2026 02:45:34 GMT,2026-05-05T16:57:24.247Z,2026-05-06T02:45:34.038Z,Over 5.5 Sandy Alcantara Pitching Hits Allowed BAL vs. MIA | Under 4.5 Shohei Ohtani Pitching Hits Allowed LAD vs. HOU | Over 1.5 Byron Buxton Total Bases MIN vs. WSH,,Baseball,MLB
5d08acab-d0e3-4a8f-be42-0fc9eb59a7ad,Underdog,parlay,SETTLED_WIN,9.25,,,10,82.50,05/05/2026 16:51:07 GMT,05/06/2026 03:14:25 GMT,2026-05-05T16:51:07.000Z,2026-05-06T03:14:25.592Z,Higher 1.5 Ryan Jeffers Hits + Runs + RBIs O/U MIN @ WSH | Higher 27.5 Chet Holmgren Pts + Rebs + Asts O/U LAL @ OKC | Higher 1.5 Chase Meidroth Hits + Runs + RBIs O/U CWS @ LAA,,Baseball | Basketball,MLB | NBA
1603439375,PrizePicks,round_robin_3,SETTLED_WIN,6,,,5,25.00,05/05/2026 15:44:04 GMT,05/06/2026 03:14:26 GMT,2026-05-05T15:44:04.974Z,2026-05-06T03:14:26.051Z,Over 6.5 Cristopher Sánchez Pitcher Strikeouts PHI vs. ATH | Over 1.5 Josh Bell Hits+Runs+RBIs MIN vs. WSH | Over 4.5 Bryce Elder Pitcher Strikeouts ATL vs. SEA,,Baseball,MLB
1603416412,PrizePicks,round_robin_3,SETTLED_LOSS,6,,,5,-5.00,05/05/2026 15:21:58 GMT,05/06/2026 03:44:00 GMT,2026-05-05T15:21:58.590Z,2026-05-06T03:44:00.000Z,Over 0.5 Ademola Lookman Shots Atlético vs. Arsenal | Over 2.5 Jaylin Williams Rebounds OKC vs. LAL | Over 9.5 Luke Kennard Pts+Asts LAL vs. OKC,,Soccer | Basketball,UEFA Champions League | NBA
2a30b7ca-cb61-4921-9d14-81e2bafec784,Underdog,parlay,SETTLED_LOSS,6.5,,,5,-5.00,05/05/2026 15:18:55 GMT,05/06/2026 02:00:00 GMT,2026-05-05T15:18:55.000Z,2026-05-06T02:00:00.000Z,Lower 8.5 Tobias Harris Rebounds + Assists O/U CLE @ DET | Higher 1.5 Nathan MacKinnon Points O/U MIN @ COL | Lower 9.5 Austin Reaves Rebounds + Assists O/U LAL @ OKC,,Basketball | Ice Hockey,NBA | NHL
019df8b4-c1f0-708b-8012-9c84376671d4,Dabble,parlay,SETTLED_LOSS,6,,,5,-5.00,05/05/2026 15:14:48 GMT,05/06/2026 01:45:53 GMT,2026-05-05T15:14:48.884Z,2026-05-06T01:45:53.004Z,Over 8.5 Jarrett Allen assists + rebounds Cleveland Cavaliers @ Detroit Pistons | Over 0.5 Jalen Duren double-double Cleveland Cavaliers @ Detroit Pistons | Over 10.5 Isaiah Hartenstein assists + points Los Angeles Lakers @ Oklahoma City Thunder,,Basketball,NBA
69fa08ff5ee57660eb08b23d,Betr Picks,parlay,SETTLED_LOSS,6,,,5,-5.00,05/05/2026 15:13:03 GMT,05/06/2026 04:27:08 GMT,2026-05-05T15:13:03.569Z,2026-05-06T04:27:08.916Z,Over 1.5 Kyle Stowers Hits + Runs + Runs Batted In BAL vs. MIA | Over 1.5 Corbin Carroll Hits + Runs + Runs Batted In PIT vs. ARI | Over 1.5 Luguentz Dort 3PT Made LAL vs. OKC,,Baseball | Basketball,MLB | NBA
69fa079f5ee57660eb08b1fb,Betr Picks,parlay,SETTLED_LOSS,20,,,5,-5.00,05/05/2026 15:07:11 GMT,05/06/2026 04:35:48 GMT,2026-05-05T15:07:11.073Z,2026-05-06T04:35:48.518Z,Under 0.5 Dominic Smith Singles ATL vs. SEA | Under 0.5 Sal Stewart Singles CIN vs. CHC | Under 0.5 Heliot Ramos Singles SD vs. SF | Under 0.5 Leody Taveras Singles BAL vs. MIA | Under 0.5 Ketel Marte Singles PIT vs. ARI,,Baseball,MLB
69fa03585ee57660eb08b0d2,Betr Picks,parlay,SETTLED_LOSS,6,,,10,-10.00,05/05/2026 14:48:56 GMT,05/06/2026 03:20:41 GMT,2026-05-05T14:48:56.174Z,2026-05-06T03:20:41.365Z,Over 10.5 Chet Holmgren AST+REB LAL vs. OKC | Over 2.5 Duncan Robinson 3PT Made CLE vs. DET | Over 35.5 Shai Gilgeous-Alexander PTS+AST LAL vs. OKC,,Basketball,NBA
69fa02bfc09eb53797640349,Betr Picks,parlay,SETTLED_LOSS,6,,,10,-10.00,05/05/2026 14:46:23 GMT,05/06/2026 03:20:38 GMT,2026-05-05T14:46:23.420Z,2026-05-06T03:20:38.462Z,Over 35.5 Cade Cunningham PTS+AST CLE vs. DET | Over 3.5 Ajay Mitchell Assists LAL vs. OKC | Over 12.5 Jarrett Allen PTS+AST CLE vs. DET,,Basketball,NBA
c59281d8-d405-4b82-9be4-fd7bfb6e6955,Underdog,parlay,SETTLED_LOSS,6.5,,,8.25,-8.25,05/05/2026 14:22:44 GMT,05/06/2026 03:10:00 GMT,2026-05-05T14:22:44.000Z,2026-05-06T03:10:00.000Z,Higher 6.5 James Harden Assists O/U CLE @ DET | Higher 0.5 Freddie Freeman Runs O/U LAD @ HOU | Higher 1.5 William Contreras Hits + Runs + RBIs O/U MIL @ STL (Game 1),,Basketball | Baseball,NBA | MLB
69f9fc4112cf66ffc6878e31,Betr Picks,parlay,SETTLED_LOSS,6,,,15,-15.00,05/05/2026 14:18:41 GMT,05/06/2026 03:20:10 GMT,2026-05-05T14:18:41.768Z,2026-05-06T03:20:10.567Z,Under 18.5 Cristopher Sánchez Total Outs Pitched ATH vs. PHI | Over 7.5 Deandre Ayton Rebounds LAL vs. OKC | Over 4.5 Gavin Williams Pitching Strikeouts CLE vs. KC,,Baseball | Basketball,MLB | NBA
69f9ac1e22c049f100f3954d,Betr Picks,parlay,SETTLED_LOSS,50,,,5,-5.00,05/05/2026 08:36:46 GMT,05/06/2026 04:30:31 GMT,2026-05-05T08:36:46.082Z,2026-05-06T04:30:31.263Z,Over 1.5 Xavier Edwards Hits + Runs + Runs Batted In BAL vs. MIA | Over 0.5 Jazz Chisholm Jr. Hits TEX vs. NYY | Over 1.5 Juan Soto Total Bases NYM vs. COL | Over 1.5 Dillon Dingler Hits + Runs + Runs Batted In BOS vs. DET | Over 1.5 Josh Naylor Hits + Runs + Runs Batted In ATL vs. SEA | Over 0.5 Jac Caglianone Hits CLE vs. KC,,Baseball,MLB
69f9729cda29bcae4849f09b,Betr Picks,parlay,SETTLED_WIN,6,,,5,25.00,05/05/2026 04:31:24 GMT,05/06/2026 03:20:36 GMT,2026-05-05T04:31:24.077Z,2026-05-06T03:20:36.150Z,Over 7.5 Isaiah Hartenstein Points LAL vs. OKC | Under 7.5 Cason Wallace Points LAL vs. OKC | Under 1.5 Junior Caminero Total Bases TOR vs. TB,,Basketball | Baseball,NBA | MLB
69f933bed499ed45a5c4c98c,Betr Picks,parlay,SETTLED_LOSS,10,,,5,-5.00,05/05/2026 00:03:10 GMT,05/05/2026 04:25:42 GMT,2026-05-05T00:03:10.667Z,2026-05-05T04:25:42.700Z,Under 6.5 Devin Vassell AST+REB MIN vs. SA | Under 4.5 Jaden McDaniels Rebounds MIN vs. SA | Over 0.5 Cam Smith Hits LAD vs. HOU | Over 24.5 Julius Randle PTS+REB MIN vs. SA,,Basketball | Baseball,NBA | MLB
bPwrWwW,DK Pick6,round_robin_3,SETTLED_LOSS,6,,,10,-10.00,05/05/2026 00:00:00 GMT,05/05/2026 04:43:12 GMT,2026-05-05T00:00:00.000Z,2026-05-05T04:43:12.000Z,Under 25.5 Tyrese Maxey Points Philadelphia 76ers vs. New York Knicks | Under 10.5 Mike Conley Pts + Rebs + Asts Minnesota Timberwolves vs. San Antonio Spurs | Under 43.5 Victor Wembanyama Pts + Rebs + Asts Minnesota Timberwolves vs. San Antonio Spurs,,Basketball,NBA
drBw8qb,DK Pick6,round_robin_3,SETTLED_LOSS,5.964,,,10,-10.00,05/05/2026 00:00:00 GMT,05/05/2026 03:13:39 GMT,2026-05-05T00:00:00.000Z,2026-05-05T03:13:39.000Z,Under 21.5 Rudy Gobert Pts + Rebs + Asts Minnesota Timberwolves vs. San Antonio Spurs | Over 5.5 Jordan Clarkson Points Philadelphia 76ers vs. New York Knicks | Over 29.5 Stephon Castle Pts + Rebs + Asts Minnesota Timberwolves vs. San Antonio Spurs,,Basketball,NBA
Vn7BwKL,DK Pick6,round_robin_3,SETTLED_WIN,5.934,,,10,49.34,05/05/2026 00:00:00 GMT,05/05/2026 04:43:12 GMT,2026-05-05T00:00:00.000Z,2026-05-05T04:43:12.000Z,Over 1.5 Naz Reid 3-Pointers Made Minnesota Timberwolves vs. San Antonio Spurs | Over 0.5 Victor Wembanyama Points Minnesota Timberwolves vs. San Antonio Spurs | Over 12.5 Devin Vassell Points Minnesota Timberwolves vs. San Antonio Spurs,,Basketball,NBA
pgNLGrG,DK Pick6,round_robin_3,SETTLED_LOSS,5.976,,,7,-7.00,05/05/2026 00:00:00 GMT,05/05/2026 03:13:39 GMT,2026-05-05T00:00:00.000Z,2026-05-05T03:13:39.000Z,Under 10.5 Kelly Oubre Jr. Points Philadelphia 76ers vs. New York Knicks | Over 4.5 Mitchell Robinson Points Philadelphia 76ers vs. New York Knicks | Under 10.5 Mike Conley Pts + Rebs + Asts Minnesota Timberwolves vs. San Antonio Spurs,,Basketball,NBA
1357173649743810560,Sleeper,parlay,SETTLED_LOSS,5.45,,,10,-10.00,05/04/2026 23:38:42 GMT,05/05/2026 02:38:42 GMT,2026-05-04T23:38:42.468Z,2026-05-05T02:38:42.468Z,O 24.5 Jalen Brunson Points PHI @ NYK | O 1.5 Yordan Alvarez Hits Runs Rbis LAD @ HOU | O 1.5 Naz Reid Assists MIN @ SAS,,Basketball | Baseball,NBA | MLB
1602645156,PrizePicks,round_robin_3,SETTLED_LOSS,6,,,5,-5.00,05/04/2026 23:04:47 GMT,05/05/2026 03:10:00 GMT,2026-05-04T23:04:47.049Z,2026-05-05T03:10:00.000Z,Over 5 Joel Embiid Assists PHI vs. NYK | Under 1.5 Rafael Devers Hits+Runs+RBIs SF vs. SD | Over 1.5 Jaden McDaniels Blks+Stls MIN vs. SAS,,Basketball | Baseball,NBA | MLB
bb461f3d-c56c-430c-9782-31763de02cde,Underdog,parlay,SETTLED_LOSS,3.5,,,7.1,-7.10,05/04/2026 22:49:56 GMT,05/05/2026 04:38:00 GMT,2026-05-04T22:49:56.000Z,2026-05-05T04:38:00.000Z,Higher 0.5 Tristan Peters Hits + Runs + RBIs O/U CWS @ LAA | Higher 0.5 Sean Murphy Hits O/U ATL @ SEA,,Baseball,MLB
69f920c63182ccb736f6bb36,Betr Picks,parlay,SETTLED_LOSS,6,,,10,-10.00,05/04/2026 22:42:14 GMT,05/05/2026 04:09:51 GMT,2026-05-04T22:42:14.958Z,2026-05-05T04:09:51.911Z,Over 0.5 Travis d'Arnaud Hits CHW vs. LAA | Over 5.5 José Soriano Pitching Strikeouts CHW vs. LAA | Over 15.5 Karl-Anthony Towns AST+REB PHI vs. NY,,Baseball | Basketball,MLB | NBA
1602529063,PrizePicks,round_robin_3,SETTLED_LOSS,6,,,5,-5.00,05/04/2026 22:15:57 GMT,05/05/2026 04:40:00 GMT,2026-05-04T22:15:57.823Z,2026-05-05T04:40:00.000Z,Over 1.5 Naz Reid Assists MIN vs. SAS | Under 10.5 Mike Conley Pts+Rebs+Asts MIN vs. SAS | Over 1.5 Jasson Domínguez Hits+Runs+RBIs NYY vs. BAL,,Basketball | Baseball,NBA | MLB
69f913dd5c0b0f17c40efcd2,Betr Picks,parlay,SETTLED_LOSS,6,,,5,-5.00,05/04/2026 21:47:09 GMT,05/05/2026 04:35:38 GMT,2026-05-04T21:47:09.694Z,2026-05-05T04:35:38.971Z,Over 0.5 Garrett Stubbs Total Bases PHI vs. MIA | Over 0.5 Garrett Mitchell Singles MIL vs. STL | Over 0.5 Mike Yastrzemski Hits + Runs + Runs Batted In ATL vs. SEA,,Baseball,MLB
69f9124f6eb54198548b8a20,Betr Picks,parlay,SETTLED_WIN,6,,,5,10.00,05/04/2026 21:40:31 GMT,05/05/2026 04:09:41 GMT,2026-05-04T21:40:31.560Z,2026-05-05T04:09:41.334Z,Under 2.5 Davis Martin Pitching Earned Runs CHW vs. LAA | Over 0.5 Patrick Bailey Hits SD vs. SF | Over 0.5 Andruw Monasterio Total Bases BOS vs. DET,,Baseball,MLB
1602437150,PrizePicks,round_robin_6,SETTLED_LOSS,37.5,,,5,-5.00,05/04/2026 21:32:12 GMT,05/05/2026 00:40:00 GMT,2026-05-04T21:32:12.481Z,2026-05-05T00:40:00.000Z,Over 1.5 MJ Melendez Hits+Runs+RBIs NYM vs. COL | Over 3.5 Nick Martinez Pitcher Strikeouts TB vs. TOR | Over 1.5 Yordan Alvarez Hits+Runs+RBIs HOU vs. LAD | Under 26.5 Anthony Edwards Pts+Rebs MIN vs. SAS | Under 8.5 VJ Edgecombe Rebs+Asts PHI vs. NYK | Over 1.5 Garrett Mitchell Hits+Runs+RBIs MIL vs. STL,,Baseball | Basketball,MLB | NBA
019df4dd-2591-72c4-842a-3fcd35fd39d0,Dabble,parlay,SETTLED_LOSS,6,,,5,-5.00,05/04/2026 21:20:26 GMT,05/05/2026 01:08:36 GMT,2026-05-04T21:20:26.963Z,2026-05-05T01:08:36.003Z,Under 14.5 Devin Vassell assists + points Minnesota Timberwolves @ San Antonio Spurs | Under 2.5 Jackson Chourio hits + runs + rbis Milwaukee Brewers @ St. Louis Cardinals | Under 0.5 Myles Straw singles Toronto Blue Jays @ Tampa Bay Rays,,Basketball | Baseball,NBA | MLB
69f90cbd8bc95ae06ab9c309,Betr Picks,parlay,SETTLED_LOSS,6,,,10,-10.00,05/04/2026 21:16:45 GMT,05/05/2026 04:25:39 GMT,2026-05-04T21:16:45.143Z,2026-05-05T04:25:39.607Z,Over 36.5 Victor Wembanyama PTS+REB MIN vs. SA | Over 1.5 Teoscar Hernández Hits + Runs + Runs Batted In LAD vs. HOU | Over 0.5 Colson Montgomery Hits CHW vs. LAA,,Basketball | Baseball,NBA | MLB
a5ce3546-7194-4bee-955e-8563970c55e6,Underdog,parlay,SETTLED_LOSS,6.5,,,5,-5.00,05/04/2026 21:15:09 GMT,05/05/2026 03:10:00 GMT,2026-05-04T21:15:09.000Z,2026-05-05T03:10:00.000Z,Higher 1.5 JJ Wetherholt Hits + Runs + RBIs O/U MIL @ STL | Higher 1.5 Jake Bauers Hits + Runs + RBIs O/U MIL @ STL | Higher 1.5 Max Muncy Hits + Runs + RBIs O/U LAD @ HOU,,Baseball,MLB
1602375764,PrizePicks,round_robin_3,SETTLED_LOSS,6,,,5,-5.00,05/04/2026 21:00:33 GMT,05/05/2026 00:40:00 GMT,2026-05-04T21:00:33.968Z,2026-05-05T00:40:00.000Z,Over 1.5 MJ Melendez Hits+Runs+RBIs NYM vs. COL | Over 3.5 Nick Martinez Pitcher Strikeouts TB vs. TOR | Over 1.5 Yordan Alvarez Hits+Runs+RBIs HOU vs. LAD,,Baseball,MLB
1602109805,PrizePicks,round_robin_3,SETTLED_LOSS,6,,,5,-5.00,05/04/2026 17:36:39 GMT,05/05/2026 00:40:00 GMT,2026-05-04T17:36:39.056Z,2026-05-05T00:40:00.000Z,Under 5.5 Michael Wacha Hits Allowed KC vs. CLE | Over 1.5 TJ Rumfield Hits+Runs+RBIs COL vs. NYM | Over 1.5 Garrett Mitchell Hits+Runs+RBIs MIL vs. STL,,Baseball,MLB
69f8d868da29bcae4849e51a,Betr Picks,parlay,SETTLED_WIN,6,,,10,50.00,05/04/2026 17:33:28 GMT,05/05/2026 04:34:44 GMT,2026-05-04T17:33:28.457Z,2026-05-05T04:34:44.840Z,Over 31.5 Jalen Brunson PTS+AST PHI vs. NY | Over 5.5 Naz Reid Rebounds MIN vs. SA | Over 4.5 Logan Gilbert Pitching Hits Allowed ATL vs. SEA,,Basketball | Baseball,NBA | MLB
6aa956d6-b861-48b8-9232-c6abcaeb9ba8,Underdog,parlay,SETTLED_WIN,8.15,,,5,35.75,05/04/2026 17:22:09 GMT,05/05/2026 04:38:00 GMT,2026-05-04T17:22:09.000Z,2026-05-05T04:38:00.000Z,Higher 1.5 JJ Wetherholt Hits + Runs + RBIs O/U MIL @ STL | Higher 9.5 Kelly Oubre Points O/U PHI @ NYK | Higher 0.5 Travis d'Arnaud Hits O/U CWS @ LAA,,Baseball | Basketball,MLB | NBA
69f8c12e12cf66ffc6877a5d,Betr Picks,parlay,SETTLED_LOSS,6,,,20,-20.00,05/04/2026 15:54:22 GMT,05/05/2026 04:09:25 GMT,2026-05-04T15:54:22.024Z,2026-05-05T04:09:25.201Z,Over 5.5 José Soriano Pitching Strikeouts CHW vs. LAA | Over 1.5 Juan Soto Total Bases NYM vs. COL | Over 1.5 Alec Burleson Hits + Runs + Runs Batted In MIL vs. STL,,Baseball,MLB
WnYBQB4,DK Pick6,round_robin_3,SETTLED_WIN,6,,,10,56.36,05/03/2026 19:30:00 GMT,05/04/2026 02:42:55 GMT,2026-05-03T19:30:00.000Z,2026-05-04T02:42:55.000Z,Over 10.5 Jarrett Allen Points Toronto Raptors vs. Cleveland Cavaliers | Over 14.5 Duncan Robinson Pts + Rebs + Asts Orlando Magic vs. Detroit Pistons | Over 3.5 Max Strus Rebounds Toronto Raptors vs. Cleveland Cavaliers,,Basketball,NBA
1356746948480094208,Sleeper,parlay,SETTLED_WIN,5.26,,,10,42.60,05/03/2026 19:23:08 GMT,05/03/2026 22:23:08 GMT,2026-05-03T19:23:08.958Z,2026-05-03T22:23:08.958Z,O 19.5 RJ Barrett Points TOR @ CLE | O 1.5 Manny Machado Hits Runs Rbis CWS @ SD | O 5.5 Sam Merrill Points TOR @ CLE,,Basketball | Baseball,NBA | MLB
019def45-0e36-72fd-a984-16c9e162582a,Dabble,parlay,SETTLED_LOSS,6,,,5,-5.00,05/03/2026 19:16:13 GMT,05/03/2026 22:48:51 GMT,2026-05-03T19:16:13.451Z,2026-05-03T22:48:51.267Z,Over 1.5 Griffin Canning earned-runs Chicago White Sox @ San Diego Padres | Over 5.5 Sam Merrill points Toronto Raptors @ Cleveland Cavaliers | Over 31.5 Paolo Banchero points + rebounds Orlando Magic @ Detroit Pistons,,Baseball | Basketball,MLB | NBA
69f78dc99ab129f3031a5b84,Betr Picks,parlay,SETTLED_LOSS,6,,,5,-5.00,05/03/2026 18:02:49 GMT,05/04/2026 02:06:28 GMT,2026-05-03T18:02:49.550Z,2026-05-04T02:06:28.027Z,Under 1.5 Josh Jung Total Bases TEX vs. DET | Under 0.5 Brent Rooker Singles CLE vs. ATH | Over 0.5 Ildemaro Vargas Singles ARI vs. CHC,,Baseball,MLB
1600605326,PrizePicks,round_robin_3,SETTLED_LOSS,6,,,5,-5.00,05/03/2026 18:01:57 GMT,05/03/2026 22:42:00 GMT,2026-05-03T18:01:57.079Z,2026-05-03T22:42:00.000Z,Under 1.5 Paolo Banchero 3-PT Made ORL vs. DET | Over 19.5 Tobias Harris Pts+Asts DET vs. ORL | Over 1.5 Griffin Canning Earned Runs Allowed SD vs. CWS,,Basketball | Baseball,NBA | MLB
69f78d411d1e61d9c5727d13,Betr Picks,parlay,SETTLED_LOSS,6,,,5,-5.00,05/03/2026 18:00:33 GMT,05/04/2026 02:38:56 GMT,2026-05-03T18:00:33.592Z,2026-05-04T02:38:56.371Z,Under 0.5 Zach Neto Singles NYM vs. LAA | Under 10.5 Max Strus PTS+AST TOR vs. CLE | Under 5.5 Matthew Boyd Pitching Hits Allowed ARI vs. CHC,,Baseball | Basketball,MLB | NBA
4da54102-0d8c-41e2-9dcb-14cc85a27d5e,Underdog,parlay,SETTLED_LOSS,3.5,,,5,-5.00,05/03/2026 17:52:55 GMT,05/03/2026 23:10:00 GMT,2026-05-03T17:52:55.000Z,2026-05-03T23:10:00.000Z,Higher 31.5 Paolo Banchero Points + Rebounds O/U ORL @ DET | Higher 1.5 Julio Rodriguez Hits + Runs + RBIs O/U KC @ SEA,,Basketball | Baseball,NBA | MLB
1600578025,PrizePicks,round_robin_3,SETTLED_LOSS,5.75,,,5,-5.00,05/03/2026 17:51:42 GMT,05/03/2026 22:42:00 GMT,2026-05-03T17:51:42.240Z,2026-05-03T22:42:00.000Z,Over 5.5 Jamal Shead Assists TOR vs. CLE | Under 1.5 Paolo Banchero 3-PT Made ORL vs. DET | Over 8.5 Jarrett Allen Rebs+Asts CLE vs. TOR,,Basketball,NBA
96a4e8db-6a65-4ddb-b7f2-b990d9d9bcc7,Underdog,parlay,SETTLED_LOSS,6.5,,,5,-5.00,05/03/2026 17:45:56 GMT,05/03/2026 21:15:00 GMT,2026-05-03T17:45:56.000Z,2026-05-03T21:15:00.000Z,Lower 17.5 Justin Wrobleski Pitching Outs O/U LAD @ STL | Higher 1.5 Jalen Suggs Steals O/U ORL @ DET | Higher 0.5 Austin Hedges Hits O/U CLE @ ATH,,Baseball | Basketball,MLB | NBA
1600559727,PrizePicks,round_robin_3,SETTLED_WIN,6,,,10,50.00,05/03/2026 17:44:37 GMT,05/04/2026 02:40:00 GMT,2026-05-03T17:44:37.049Z,2026-05-04T02:40:00.000Z,Over 3.5 RJ Barrett Assists TOR vs. CLE | Over 0.5 Donovan Mitchell Points CLE vs. TOR | Over 17.5 Tobias Harris Points DET vs. ORL,,Basketball,NBA
NzbMbLZ,DK Pick6,round_robin_4,SETTLED_WIN,13,,,5,60.00,05/03/2026 16:45:00 GMT,05/03/2026 23:11:12 GMT,2026-05-03T16:45:00.000Z,2026-05-03T23:11:12.000Z,Under 1.5 Teoscar Hernandez Total Bases (From Hits) Los Angeles Dodgers vs. St. Louis Cardinals | Over 3.5 Kyle Freeland Strikeouts Thrown Atlanta Braves vs. Colorado Rockies | Under 1.5 Hunter Goodman Total Bases (From Hits) Atlanta Braves vs. Colorado Rockies | Over 1.5 Manny Machado Hits + Runs + RBIs Chicago White Sox vs. San Diego Padres,,Baseball,MLB
1600261971,PrizePicks,round_robin_3,SETTLED_LOSS,6.6,,,7.5,-7.50,05/03/2026 16:04:14 GMT,05/03/2026 22:42:00 GMT,2026-05-03T16:04:14.643Z,2026-05-03T22:42:00.000Z,Over 6.5 Chase Burns Pitcher Strikeouts CIN vs. PIT | Over 4.5 Dean Wade Points CLE vs. TOR | Over 5.5 Tristan da Silva Points ORL vs. DET,,Baseball | Basketball,MLB | NBA
69f77195e293361cd8d15a48,Betr Picks,parlay,SETTLED_LOSS,6,,,20,-20.00,05/03/2026 16:02:29 GMT,05/04/2026 04:00:31 GMT,2026-05-03T16:02:29.668Z,2026-05-04T04:00:31.594Z,Over 3.5 Nathan MacKinnon Shots on goal MIN vs. COL | Over 3.5 Dean Wade Rebounds TOR vs. CLE | Over 14.5 Cade Cunningham AST+REB ORL vs. DET,,Ice Hockey | Basketball,NHL | NBA
69f76e85da29bcae4849cc00,Betr Picks,parlay,SETTLED_LOSS,6,,,10,0.00,05/03/2026 15:49:25 GMT,05/03/2026 22:28:27 GMT,2026-05-03T15:49:25.821Z,2026-05-03T22:28:27.377Z,Over 1.5 Trent Grisham Hits + Runs + Runs Batted In BAL vs. NYY | Over 1.5 Gary Sánchez Hits + Runs + Runs Batted In MIL vs. WSH | Over 35.5 Cade Cunningham PTS+AST ORL vs. DET,,Baseball | Basketball,MLB | NBA
69f76e30e1868b69b3f49f0e,Betr Picks,parlay,SETTLED_WIN,7,,,10,60.00,05/03/2026 15:48:00 GMT,05/03/2026 22:33:58 GMT,2026-05-03T15:48:00.467Z,2026-05-03T22:33:58.544Z,Over 4.5 Spencer Strider Pitching Strikeouts ATL vs. COL | Over 15.5 Braxton Ashcraft Total Outs Pitched CIN vs. PIT | Over 1.5 Max Muncy Hits + Runs + Runs Batted In LAD vs. STL,,Baseball,MLB
69f75a6a74e603d550a17475,Betr Picks,parlay,SETTLED_LOSS,6,,,10,0.00,05/03/2026 14:23:38 GMT,05/04/2026 02:44:12 GMT,2026-05-03T14:23:38.786Z,2026-05-04T02:44:12.922Z,Over 26.5 Scottie Barnes PTS+AST TOR vs. CLE | Over 8.5 Collin Murray-Boyles AST+REB TOR vs. CLE | Over 11.5 Evan Mobley AST+REB TOR vs. CLE,,Basketball,NBA
69f734ac5f70e550119a8de6,Betr Picks,parlay,SETTLED_LOSS,7.5,,,5,-5.00,05/03/2026 11:42:36 GMT,05/04/2026 02:38:40 GMT,2026-05-03T11:42:36.699Z,2026-05-04T02:38:40.559Z,Over 1.5 RJ Barrett 3PT Made TOR vs. CLE | Over 0.5 Ildemaro Vargas Singles ARI vs. CHC | Over 4.5 Braxton Ashcraft Pitching Hits Allowed CIN vs. PIT,,Basketball | Baseball,NBA | MLB
69f6572d50f81b2d9e825a57,Betr Picks,parlay,SETTLED_LOSS,6,,,10,0.00,05/02/2026 19:57:33 GMT,05/03/2026 01:57:52 GMT,2026-05-02T19:57:33.316Z,2026-05-03T01:57:52.220Z,Over 0.5 Nasim Nuñez Hits MIL vs. WSH | Over 24.5 vora  Kills map 1+2 KRÜ Esports vs. 100 Thieves | Over 1.5 Keider Montero Pitching Walks TEX vs. DET,,Baseball | other,MLB | other
a2992353-62cf-4fdd-911e-67c42e2a00d6,Underdog,parlay,SETTLED_WIN,3.42,,,5,12.10,05/02/2026 19:45:37 GMT,05/03/2026 02:30:00 GMT,2026-05-02T19:45:37.000Z,2026-05-03T02:30:00.000Z,Higher 13.5 Joel Embiid Rebounds + Assists O/U PHI @ BOS | Higher 22.5 Payton Pritchard Pts + Rebs + Asts O/U PHI @ BOS,,Basketball,NBA
1598884940,PrizePicks,round_robin_3,SETTLED_LOSS,6.6,,,5,-5.00,05/02/2026 19:40:09 GMT,05/03/2026 02:15:00 GMT,2026-05-02T19:40:09.501Z,2026-05-03T02:15:00.000Z,Under 5.5 Seth Lugo Pitcher Strikeouts KC vs. SEA | Over 3.5 Tyrese Maxey Rebounds PHI vs. BOS | Over 0.5 Danny Jansen Total Bases TEX vs. DET,,Baseball | Basketball,MLB | NBA
019dea32-46c7-71c8-ab71-8501d9473a37,Dabble,parlay,SETTLED_LOSS,6,,,5,-5.00,05/02/2026 19:37:36 GMT,05/03/2026 00:49:49 GMT,2026-05-02T19:37:36.664Z,2026-05-03T00:49:49.723Z,Over 1.5 Keider Montero walks Texas Rangers @ Detroit Tigers | Over 17.5 Landen Roupp outs San Francisco Giants @ Tampa Bay Rays | Under 15.5 Andrew Painter outs Philadelphia Phillies @ Miami Marlins,,Baseball,MLB
019de9e1-146e-7495-9eb9-5457656c89bc,Dabble,parlay,SETTLED_LOSS,6,,,5,-5.00,05/02/2026 18:08:55 GMT,05/03/2026 02:10:40 GMT,2026-05-02T18:08:55.351Z,2026-05-03T02:10:40.165Z,Over 13.5 Payton Pritchard points Philadelphia 76ers @ Boston Celtics | Over 10.5 VJ Edgecombe points Philadelphia 76ers @ Boston Celtics | Over 0.5 Ronald Acuña Jr. batter-walks Atlanta Braves @ Colorado Rockies,,Basketball | Baseball,NBA | MLB
1598696792,PrizePicks,round_robin_3,SETTLED_WIN,5.75,,,10,47.50,05/02/2026 17:59:08 GMT,05/03/2026 02:40:00 GMT,2026-05-02T17:59:08.770Z,2026-05-03T02:40:00.000Z,Over 0.5 Tyrese Maxey Points PHI vs. BOS | Over 7.5 Payton Pritchard Rebs+Asts BOS vs. PHI | Over 1.5 Alec Burleson Hits+Runs+RBIs STL vs. LAD,,Basketball | Baseball,NBA | MLB
69f63a4b7214c9f56de45839,Betr Picks,parlay,SETTLED_WIN,6,,,20,40.00,05/02/2026 17:54:19 GMT,05/03/2026 03:22:40 GMT,2026-05-02T17:54:19.589Z,2026-05-03T03:22:40.380Z,Over 7.5 Neemias Queta Rebounds PHI vs. BOS | Over 4.5 Michael King Pitching Strikeouts CHW vs. SD | Over 3.5 Nikola Vučević Rebounds PHI vs. BOS,,Basketball | Baseball,NBA | MLB
QnV5ND8,DK Pick6,round_robin_3,SETTLED_LOSS,6,,,5,-5.00,05/02/2026 17:35:00 GMT,05/02/2026 20:38:45 GMT,2026-05-02T17:35:00.000Z,2026-05-02T20:38:45.000Z,Over 5.5 Kyle Bradish Strikeouts Thrown Baltimore Orioles vs. New York Yankees | Over 1.5 Max Muncy Hits + Runs + RBIs Los Angeles Dodgers vs. St. Louis Cardinals | Over 1.5 Oneil Cruz Hits + Runs + RBIs Cincinnati Reds vs. Pittsburgh Pirates,,Baseball,MLB
69f62aa0d1f931678c4d3f3b,Betr Picks,parlay,SETTLED_WIN,6,,,10,50.00,05/02/2026 16:47:28 GMT,05/03/2026 03:06:40 GMT,2026-05-02T16:47:28.206Z,2026-05-03T03:06:40.518Z,Over 20.5 Tyrese Maxey Points PHI vs. BOS | Under 2.5 Chris Sale Pitching Earned Runs ATL vs. COL | Over 1.5 William Contreras Hits + Runs + Runs Batted In MIL vs. WSH,,Basketball | Baseball,NBA | MLB
23007021-7b72-4cd4-aed3-77f9db2169a0,Underdog,parlay,SETTLED_LOSS,3.5,,,7.5,-7.50,05/02/2026 16:45:08 GMT,05/02/2026 23:05:00 GMT,2026-05-02T16:45:08.000Z,2026-05-02T23:05:00.000Z,Higher 1.5 Sal Stewart Hits + Runs + RBIs O/U CIN @ PIT | Higher 1.5 Bobby Witt Jr. Hits + Runs + RBIs O/U KC @ SEA,,Baseball,MLB
69f62990ce308c54407e63b3,Betr Picks,parlay,SETTLED_LOSS,6,,,10,-10.00,05/02/2026 16:42:56 GMT,05/03/2026 04:48:48 GMT,2026-05-02T16:42:56.698Z,2026-05-03T04:48:48.489Z,Over 5.5 Nolan McLean Pitching Strikeouts NYM vs. LAA | Over 1.5 Josh Jung Hits + Runs + Runs Batted In TEX vs. DET | Over 1.5 Juan Soto Hits + Runs + Runs Batted In NYM vs. LAA,,Baseball,MLB
1597810269,PrizePicks,round_robin_3,SETTLED_LOSS,6,,,5,-5.00,05/02/2026 01:41:02 GMT,05/02/2026 05:15:00 GMT,2026-05-02T01:41:02.751Z,2026-05-02T05:15:00.000Z,Over 2.5 Carter Hart Goals Allowed VGK vs. UTA | Under 1.5 Ivan Barbashev Shots On Goal VGK vs. UTA | Over 1.5 Fernando Tatis Jr. Hits+Runs+RBIs SD vs. CWS,,Ice Hockey | Baseball,NHL | MLB
019de657-ad76-72ff-a026-3627f350d12c,Dabble,parlay,SETTLED_LOSS,6,,,5,-5.00,05/02/2026 01:39:58 GMT,05/02/2026 04:55:08 GMT,2026-05-02T01:39:58.713Z,2026-05-02T04:55:08.846Z,Over 0.5 Michael Massey hits + runs + rbis Kansas City Royals @ Seattle Mariners | Under 1.5 Barrett Hayton shots Vegas Golden Knights @ Utah Mammoth | Under 0.5 Jacob Wilson runs Cleveland Guardians @ Athletics,,Baseball | Ice Hockey,MLB | NHL
69f554b4e4d734b3373d1b19,Betr Picks,parlay,SETTLED_WIN,6,,,15,75.00,05/02/2026 01:34:44 GMT,05/02/2026 04:42:53 GMT,2026-05-02T01:34:44.626Z,2026-05-02T04:42:53.760Z,Over 5.5 Cole Ragans Pitching Strikeouts KC vs. SEA | Over 0.5 Randy Arozarena Hits KC vs. SEA | Over 1.5 Mike Trout Hits + Runs + Runs Batted In NYM vs. LAA,,Baseball,MLB
mj7BWgp,DK Pick6,round_robin_3,SETTLED_LOSS,5.88,,,5,-5.00,05/01/2026 23:00:00 GMT,05/02/2026 02:41:07 GMT,2026-05-01T23:00:00.000Z,2026-05-02T02:41:07.000Z,Under 16.5 Evan Mobley Points Cleveland Cavaliers vs. Toronto Raptors | Over 20.5 Scottie Barnes Points Cleveland Cavaliers vs. Toronto Raptors | Over 3.5 Dean Wade Points Cleveland Cavaliers vs. Toronto Raptors,,Basketball,NBA
bPwyPqV,DK Pick6,round_robin_3,SETTLED_WIN,6,,,5,25.00,05/01/2026 23:00:00 GMT,05/02/2026 04:48:34 GMT,2026-05-01T23:00:00.000Z,2026-05-02T04:48:34.000Z,Over 16.5 Tobias Harris Points Detroit Pistons vs. Orlando Magic | Under 11.5 Wendell Carter Jr. Points Detroit Pistons vs. Orlando Magic | Over 21.5 LeBron James Points Los Angeles Lakers vs. Houston Rockets,,Basketball,NBA
1597428133,PrizePicks,round_robin_3,SETTLED_LOSS,6,,,5,-5.00,05/01/2026 22:50:21 GMT,05/02/2026 04:40:00 GMT,2026-05-01T22:50:21.274Z,2026-05-02T04:40:00.000Z,Over 15.5 Mike Burrows Pitching Outs HOU vs. BOS | Over 0.5 Drew Romo Hits CWS vs. SD | Under 0.5 Yordan Alvarez Walks HOU vs. BOS,,Baseball,MLB
69f52978ce829198e1e71dfd,Betr Picks,parlay,SETTLED_LOSS,7.5,,,5,-5.00,05/01/2026 22:30:16 GMT,05/02/2026 04:42:41 GMT,2026-05-01T22:30:16.707Z,2026-05-02T04:42:41.482Z,Over 1.5 Ben Rice Hits + Runs + Runs Batted In BAL vs. NYY | Over 0.5 Randy Arozarena Hits KC vs. SEA | Over 4.5 Zack Wheeler Pitching Hits Allowed PHI vs. MIA,,Baseball,MLB
69f50984d7399e91e3fdc6dc,Betr Picks,parlay,SETTLED_LOSS,6,,,10,-10.00,05/01/2026 20:13:56 GMT,05/02/2026 02:43:51 GMT,2026-05-01T20:13:56.392Z,2026-05-02T02:43:51.984Z,Under 7.5 Scottie Barnes Rebounds CLE vs. TOR | Over 13.5 Paolo Banchero AST+REB DET vs. ORL | Over 8.5 Jarrett Allen AST+REB CLE vs. TOR,,Basketball,NBA
ee056829-ec2f-4e04-9d07-96708f1078a1,Underdog,parlay,SETTLED_LOSS,6.5,,,10,-10.00,05/01/2026 19:38:51 GMT,05/02/2026 02:30:00 GMT,2026-05-01T19:38:51.000Z,2026-05-02T02:30:00.000Z,Higher 8.5 Jalen Suggs Rebounds + Assists O/U DET @ ORL | Higher 5.5 Jakob Poeltl Rebounds O/U CLE @ TOR | Higher 1.5 Sam Merrill 3-Pointers Made O/U CLE @ TOR,,Basketball,NBA
cc7967cd-7565-44d0-bab9-81e20e6ebdd5,Underdog,parlay,SETTLED_LOSS,3.5,,,7.5,-7.50,05/01/2026 19:25:34 GMT,05/02/2026 01:45:00 GMT,2026-05-01T19:25:34.000Z,2026-05-02T01:45:00.000Z,Higher 1.5 Jake Bauers Hits + Runs + RBIs O/U MIL @ WSH | Higher 1.5 Ben Rice Hits + Runs + RBIs O/U BAL @ NYY,,Baseball,MLB
69f4f9fe4f31700b22037a16,Betr Picks,parlay,SETTLED_LOSS,6,,,15,-15.00,05/01/2026 19:07:42 GMT,05/02/2026 04:42:28 GMT,2026-05-01T19:07:42.491Z,2026-05-02T04:42:28.200Z,Over 5.5 Cole Ragans Pitching Strikeouts KC vs. SEA | Under 2.5 MacKenzie Gore Pitching Walks TEX vs. DET | Over 1.5 Andy Pages Hits + Runs + Runs Batted In LAD vs. STL,,Baseball,MLB
69f4f705fe8c24fb355dfc59,Betr Picks,parlay,SETTLED_LOSS,6,,,10,-10.00,05/01/2026 18:55:01 GMT,05/03/2026 02:18:47 GMT,2026-05-01T18:55:01.669Z,2026-05-03T02:18:47.333Z,Over 29.5 Paolo Banchero PTS+REB DET vs. ORL | Over 4.5 Joel Embiid Assists PHI vs. BOS | Under 10.5 Jaylen Brown AST+REB PHI vs. BOS,,Basketball,NBA
1596926432,PrizePicks,round_robin_3,SETTLED_LOSS,6,,,5,-5.00,05/01/2026 18:26:41 GMT,05/02/2026 02:14:00 GMT,2026-05-01T18:26:41.329Z,2026-05-02T02:14:00.000Z,Over 2.5 Carter Hart Goals Allowed VGK vs. UTA | Over 2.5 Andrei Vasilevskiy Goals Allowed TB vs. MTL | Under 1.5 Anthony Cirelli Shots On Goal TB vs. MTL,,Ice Hockey,NHL
zL2N2M9,DK Pick6,round_robin_4,SETTLED_LOSS,10,,,10,-10.00,05/01/2026 18:20:00 GMT,05/02/2026 03:41:28 GMT,2026-05-01T18:20:00.000Z,2026-05-02T03:41:28.000Z,Over 0.5 Aaron Judge Total Bases (From Hits) Baltimore Orioles vs. New York Yankees | Under 0.5 Victor Scott II Hits Los Angeles Dodgers vs. St. Louis Cardinals | Under 1.5 Mauricio Dubon Total Bases (From Hits) Atlanta Braves vs. Colorado Rockies | Under 1.5 Hunter Goodman Total Bases (From Hits) Atlanta Braves vs. Colorado Rockies,,Baseball,MLB
n8YBYLK,DK Pick6,round_robin_3,SETTLED_LOSS,6,,,10,-10.00,05/01/2026 18:20:00 GMT,05/02/2026 03:15:57 GMT,2026-05-01T18:20:00.000Z,2026-05-02T03:15:57.000Z,Over 0.5 Shohei Ohtani Total Bases (From Hits) Los Angeles Dodgers vs. St. Louis Cardinals | Over 1.5 Oneil Cruz Hits + Runs + RBIs Cincinnati Reds vs. Pittsburgh Pirates | Over 1.5 Mike Trout Hits + Runs + RBIs New York Mets vs. Los Angeles Angels,,Baseball,MLB
69f4ee8c36897f6d26c0d74c,Betr Picks,parlay,SETTLED_LOSS,6,,,10,-10.00,05/01/2026 18:18:52 GMT,05/03/2026 02:17:22 GMT,2026-05-01T18:18:52.348Z,2026-05-03T02:17:22.551Z,Over 24.5 Jaylen Brown Points PHI vs. BOS | Under 7.5 Derrick White AST+REB PHI vs. BOS | Over 26.5 LeBron James PTS+REB LAL vs. HOU,,Basketball,NBA
019de46f-b18c-70b5-9750-c90e4a0f713b,Dabble,parlay,SETTLED_LOSS,6,,,5,-5.00,05/01/2026 16:46:58 GMT,05/02/2026 01:43:42 GMT,2026-05-01T16:46:58.401Z,2026-05-02T01:43:42.847Z,Over 19.5 Anthony Black assists + points + rebounds Detroit Pistons @ Orlando Magic | Over 22.5 Austin Reaves points Los Angeles Lakers @ Houston Rockets | Over 4.5 Cade Povich hits-allowed Baltimore Orioles @ New York Yankees,,Basketball | Baseball,NBA | MLB
69f4d8057e89903159fe9216,Betr Picks,parlay,SETTLED_WIN,7,,,10,60.00,05/01/2026 16:42:45 GMT,05/02/2026 04:28:38 GMT,2026-05-01T16:42:45.659Z,2026-05-02T04:28:38.175Z,Over 11.5 Rui Hachimura Points LAL vs. HOU | Over 22.5 Tobias Harris PTS+REB DET vs. ORL | Over 0.5 Donovan Mitchell PTS+AST CLE vs. TOR,,Basketball,NBA
a931193c-28c2-46a1-9cac-8ea204909e85,Underdog,parlay,SETTLED_WIN,3.5,,,5,12.50,05/01/2026 16:37:13 GMT,05/02/2026 03:40:00 GMT,2026-05-01T16:37:13.000Z,2026-05-02T03:40:00.000Z,Higher 4.5 Patrick Corbin Hits Allowed O/U TOR @ MIN | Higher 0.5 Austin Riley Runs O/U ATL @ COL,,Baseball,MLB
1596760730,PrizePicks,round_robin_3,SETTLED_LOSS,6,,,5,-5.00,05/01/2026 16:34:00 GMT,05/02/2026 02:10:00 GMT,2026-05-01T16:34:00.017Z,2026-05-02T02:10:00.000Z,Under 2.5 Robbie Ray Earned Runs Allowed SF vs. TB | Over 1.5 Ryan O'Hearn Hits+Runs+RBIs PIT vs. CIN | Under 6.5 Zack Wheeler Pitcher Strikeouts PHI vs. MIA,,Baseball,MLB
Lygbm2W,DK Pick6,round_robin_3,SETTLED_LOSS,6,,,5,-5.00,04/30/2026 23:00:00 GMT,05/01/2026 03:13:11 GMT,2026-04-30T23:00:00.000Z,2026-05-01T03:13:11.000Z,Under 4.5 Jonathan Kuminga Rebounds New York Knicks vs. Atlanta Hawks | Under 11.5 Christian Braun Points Denver Nuggets vs. Minnesota Timberwolves | Under 8.5 Joel Embiid Rebounds Boston Celtics vs. Philadelphia 76ers,,Basketball,NBA
2jrbzQL,DK Pick6,round_robin_3,SETTLED_LOSS,6,,,5,-5.00,04/30/2026 23:00:00 GMT,05/01/2026 02:13:03 GMT,2026-04-30T23:00:00.000Z,2026-05-01T02:13:03.000Z,Under 1.5 Julius Randle 3-Pointers Made Denver Nuggets vs. Minnesota Timberwolves | Under 6.5 Jalen Brunson Assists New York Knicks vs. Atlanta Hawks | Under 18.5 Jaden McDaniels Points Denver Nuggets vs. Minnesota Timberwolves,,Basketball,NBA
jKP85rn,DK Pick6,round_robin_3,SETTLED_LOSS,5.826,,,10,-10.00,04/30/2026 23:00:00 GMT,05/01/2026 04:45:28 GMT,2026-04-30T23:00:00.000Z,2026-05-01T04:45:28.000Z,Under 9.5 Rudy Gobert Points Denver Nuggets vs. Minnesota Timberwolves | Under 37.5 Jalen Brunson Pts + Rebs + Asts New York Knicks vs. Atlanta Hawks | Under 11.5 Mike Conley Pts + Rebs + Asts Denver Nuggets vs. Minnesota Timberwolves,,Basketball,NBA
1595760706,PrizePicks,round_robin_3,SETTLED_LOSS,6,,,5,-5.00,04/30/2026 22:47:28 GMT,05/01/2026 03:10:00 GMT,2026-04-30T22:47:28.933Z,2026-05-01T03:10:00.000Z,Under 7.5 Payton Pritchard Rebs+Asts BOS vs. PHI | Under 5.5 Kevin Gausman Pitcher Strikeouts TOR vs. MIN | Under 36.5 Tyrese Maxey Pts+Rebs+Asts PHI vs. BOS,,Basketball | Baseball,NBA | MLB
019de090-cff3-7140-a807-05072daf35c1,Dabble,parlay,SETTLED_WIN,6,,,5,10.00,04/30/2026 22:44:40 GMT,05/01/2026 04:31:44 GMT,2026-04-30T22:44:40.004Z,2026-05-01T04:31:44.773Z,Over 7.5 Naz Reid assists + rebounds Denver Nuggets @ Minnesota Timberwolves | Under 4.5 Ayo Dosunmu rebounds Denver Nuggets @ Minnesota Timberwolves | Over 12.5 Mikal Bridges assists + points + rebounds New York Knicks @ Atlanta Hawks,,Basketball,NBA
69f3d8f43c9dddfbf6261131,Betr Picks,parlay,SETTLED_LOSS,6,,,10,0.00,04/30/2026 22:34:28 GMT,05/01/2026 04:38:12 GMT,2026-04-30T22:34:28.418Z,2026-05-01T04:38:12.534Z,Over 11.5 Dyson Daniels AST+REB NY vs. ATL | Over 7.5 Neemias Queta Points BOS vs. PHI | Over 51.5 Nikola Jokić Pts+Rebs+Asst DEN vs. MIN,,Basketball,NBA
9e8289f0-8e67-435f-a01c-2898ddb86b0c,Underdog,parlay,SETTLED_WIN,3.5,,,5,12.50,04/30/2026 22:29:53 GMT,05/01/2026 05:00:00 GMT,2026-04-30T22:29:53.000Z,2026-05-01T05:00:00.000Z,Higher 12.5 Naz Reid Points O/U DEN @ MIN | Lower 2.5 Zach Hyman Shots on Goal O/U EDM @ ANA,,Basketball | Ice Hockey,NBA | NHL
019de01d-b0a3-717f-bb56-25cf713ebbb2,Dabble,parlay,SETTLED_WIN,6,,,5,25.00,04/30/2026 20:38:55 GMT,05/01/2026 04:28:48 GMT,2026-04-30T20:38:55.347Z,2026-05-01T04:28:48.844Z,Under 2.5 Payton Pritchard three-made Boston Celtics @ Philadelphia 76ers | Under 2.5 Mikko Rantanen shots Dallas Stars @ Minnesota Wild | Under 2.5 Nikola Jokic blocks + steals Denver Nuggets @ Minnesota Timberwolves,,Basketball | Ice Hockey,NBA | NHL
1595493571,PrizePicks,round_robin_3,SETTLED_WIN,6,,,5,25.00,04/30/2026 20:36:12 GMT,05/01/2026 03:10:00 GMT,2026-04-30T20:36:12.008Z,2026-05-01T03:10:00.000Z,Over 5.5 Jalen Johnson Assists ATL vs. NYK | Over 1.5 George Springer Hits+Runs+RBIs TOR vs. MIN | Over 5.5 VJ Edgecombe Rebounds PHI vs. BOS,,Basketball | Baseball,NBA | MLB
69f3afc09eda19fac9707bf4,Betr Picks,parlay,SETTLED_LOSS,6,,,10,-10.00,04/30/2026 19:38:40 GMT,05/01/2026 02:45:25 GMT,2026-04-30T19:38:40.090Z,2026-05-01T02:45:25.321Z,Over 5.5 Jalen Johnson Assists NY vs. ATL | Over 3.5 Mitchell Robinson Points NY vs. ATL | Over 33.5 Joel Embiid PTS+REB BOS vs. PHI,,Basketball,NBA
69f38b28673719da557bf04c,Betr Picks,parlay,SETTLED_LOSS,6,,,20,0.00,04/30/2026 17:02:32 GMT,05/01/2026 02:25:28 GMT,2026-04-30T17:02:32.050Z,2026-05-01T02:25:28.915Z,Over 4.5 Kevin Gausman Pitching Strikeouts TOR vs. MIN | Over 0.5 James Wood Total Bases WSH vs. NYM | Under 2.5 Mikko Rantanen Shots on goal DAL vs. MIN,,Baseball | Ice Hockey,MLB | NHL
69f38ab31261a747b3263ed4,Betr Picks,parlay,SETTLED_LOSS,6,,,10,0.00,04/30/2026 17:00:35 GMT,05/01/2026 01:55:53 GMT,2026-04-30T17:00:35.486Z,2026-05-01T01:55:53.477Z,Over 11.5 Dyson Daniels AST+REB NY vs. ATL | Over 31.5 Jalen Brunson PTS+AST NY vs. ATL | Under 3.5 CJ McCollum Assists NY vs. ATL,,Basketball,NBA
2ec7b608-6e00-4ef0-ae6c-b0885bd2694a,Underdog,parlay,SETTLED_LOSS,8.17,,,10,-10.00,04/30/2026 15:47:54 GMT,05/01/2026 02:00:00 GMT,2026-04-30T15:47:54.000Z,2026-05-01T02:00:00.000Z,Higher 11.5 Dyson Daniels Rebounds + Assists O/U NYK @ ATL | Higher 7.5 Neemias Queta Points O/U BOS @ PHI | Lower 4.5 Ayo Dosunmu Rebounds O/U DEN @ MIN,,Basketball,NBA
1594940479,PrizePicks,round_robin_3,SETTLED_LOSS,6,,,5,-5.00,04/30/2026 13:44:24 GMT,04/30/2026 19:35:00 GMT,2026-04-30T13:44:24.145Z,2026-04-30T19:35:00.000Z,Under 3.5 Bruce Brown Rebounds DEN vs. MIN | Over 10.5 Tyrese Maxey Rebs+Asts PHI vs. BOS | Under 1.5 Dustin Harris Hits+Runs+RBIs HOU vs. BAL,,Basketball | Baseball,NBA | MLB
fb0d9ec0-8b25-4483-b4b2-994fa42b0730,Kalshi,parlay,SETTLED_LOSS,2.7327382036800874,,,54.89,-54.89,04/30/2026 01:26:35 GMT,04/30/2026 06:10:24 GMT,2026-04-30T01:26:35.904Z,2026-04-30T06:10:24.001Z,Los Angeles L Houston at Los Angeles L Game 5 | Cleveland Toronto at Cleveland Game 5,,Basketball,NBA
019ddbf2-de4f-752b-bdd9-0a53a3e4fb8c,Dabble,parlay,SETTLED_LOSS,6,,,10,-10.00,04/30/2026 01:13:40 GMT,04/30/2026 05:06:47 GMT,2026-04-30T01:13:40.122Z,2026-04-30T05:06:47.204Z,Over 0.5 Salvador Perez singles Kansas City Royals @ Athletics | Over 31.5 LeBron James assists + points Houston Rockets @ Los Angeles Lakers | Under 15.5 Alperen Sengun assists + rebounds Houston Rockets @ Los Angeles Lakers,,Baseball | Basketball,MLB | NBA
drBp5V9,DK Pick6,round_robin_3,SETTLED_WIN,6,,,10,50.00,04/29/2026 23:00:00 GMT,04/30/2026 05:18:45 GMT,2026-04-29T23:00:00.000Z,2026-04-30T05:18:45.000Z,Over 7.5 Paolo Banchero Rebounds Orlando Magic vs. Detroit Pistons | Over 1.5 Marcus Smart 3-Pointers Made Houston Rockets vs. Los Angeles Lakers | Under 7.5 LeBron James Rebounds Houston Rockets vs. Los Angeles Lakers,,Basketball,NBA
drB8Z8w,DK Pick6,round_robin_4,SETTLED_LOSS,9.97,,,10,-10.00,04/29/2026 23:00:00 GMT,04/30/2026 05:18:45 GMT,2026-04-29T23:00:00.000Z,2026-04-30T05:18:45.000Z,Under 7.5 LeBron James Rebounds Houston Rockets vs. Los Angeles Lakers | Over 3.5 Luke Kennard Rebounds Houston Rockets vs. Los Angeles Lakers | Over 1.5 Jabari Smith Jr. Assists Houston Rockets vs. Los Angeles Lakers | Over 18.5 Alperen Sengun Points Houston Rockets vs. Los Angeles Lakers,,Basketball,NBA
xz2qVg5,DK Pick6,round_robin_4,SETTLED_LOSS,10,,,10,-10.00,04/29/2026 23:00:00 GMT,04/30/2026 02:09:17 GMT,2026-04-29T23:00:00.000Z,2026-04-30T02:09:17.000Z,Under 10.5 Ausar Thompson Points Orlando Magic vs. Detroit Pistons | Under 29.5 Cade Cunningham Points Orlando Magic vs. Detroit Pistons | Over 23.5 Donovan Mitchell Points Toronto Raptors vs. Cleveland Cavaliers | Under 13.5 Tari Eason Points Houston Rockets vs. Los Angeles Lakers,,Basketball,NBA
4gw8YZZ,DK Pick6,round_robin_3,SETTLED_LOSS,5.838,,,10,-10.00,04/29/2026 23:00:00 GMT,04/30/2026 02:09:17 GMT,2026-04-29T23:00:00.000Z,2026-04-30T02:09:17.000Z,Over 7.5 LeBron James Assists Houston Rockets vs. Los Angeles Lakers | Over 9.5 Jalen Duren Rebounds Orlando Magic vs. Detroit Pistons | Over 18.5 Alperen Sengun Points Houston Rockets vs. Los Angeles Lakers,,Basketball,NBA
1593881007,PrizePicks,round_robin_3,SETTLED_WIN,6,,,5,25.00,04/29/2026 22:17:54 GMT,04/30/2026 05:20:00 GMT,2026-04-29T22:17:54.572Z,2026-04-30T05:20:00.000Z,Over 14.5 Duncan Robinson Pts+Rebs+Asts DET vs. ORL | Over 4.5 Jamal Shead Assists TOR vs. CLE | Under 8.5 LeBron James Assists LAL vs. HOU,,Basketball,NBA
69f27654a3eac05898efe02a,Betr Picks,parlay,SETTLED_WIN,6,,,7.5,37.50,04/29/2026 21:21:24 GMT,04/30/2026 05:00:40 GMT,2026-04-29T21:21:24.726Z,2026-04-30T05:00:40.335Z,Over 1.5 Bobby Witt Jr. Total Bases KC vs. ATH | Over 7.5 Deandre Ayton Rebounds HOU vs. LAL | Over 8.5 Jabari Smith Jr. AST+REB HOU vs. LAL,,Baseball | Basketball,MLB | NBA
019ddb15-d5ef-7363-9e1b-941d8ea678fa,Dabble,parlay,SETTLED_LOSS,6,,,5,-5.00,04/29/2026 21:12:14 GMT,04/30/2026 01:48:56 GMT,2026-04-29T21:12:14.534Z,2026-04-30T01:48:56.319Z,Over 26.5 Paolo Banchero assists + points Orlando Magic @ Detroit Pistons | Over 0.5 Brandon Marsh singles San Francisco Giants @ Philadelphia Phillies | Over 0.5 Nolan Gorman hits St. Louis Cardinals @ Pittsburgh Pirates,,Basketball | Baseball,NBA | MLB
1593674933,PrizePicks,round_robin_3,SETTLED_WIN,6,,,5,25.00,04/29/2026 20:44:41 GMT,04/30/2026 05:20:00 GMT,2026-04-29T20:44:41.600Z,2026-04-30T05:20:00.000Z,Under 7.5 LeBron James Rebounds LAL vs. HOU | Over 4.5 Dean Wade Points CLE vs. TOR | Under 12.5 Jamal Cain Pts+Rebs ORL vs. DET,,Basketball,NBA
69f26a572e886a4a3c387d99,Betr Picks,parlay,SETTLED_WIN,6,,,10,50.00,04/29/2026 20:30:15 GMT,04/30/2026 02:31:39 GMT,2026-04-29T20:30:15.651Z,2026-04-30T02:31:39.817Z,Under 8.5 Brandon Ingram AST+REB TOR vs. CLE | Under 8.5 Jamal Cain Points ORL vs. DET | Over 34.5 Cade Cunningham PTS+AST ORL vs. DET,,Basketball,NBA
e7761c8e-460c-4852-9457-53c1012a7344,Underdog,parlay,SETTLED_LOSS,6.5,,,5,-5.00,04/29/2026 19:46:46 GMT,04/30/2026 01:40:00 GMT,2026-04-29T19:46:46.000Z,2026-04-30T01:40:00.000Z,Higher 1.5 Ryan O'Hearn Hits + Runs + RBIs O/U STL @ PIT | Higher 9.5 Duncan Robinson Points O/U ORL @ DET | Higher 1.5 Bryce Harper Hits + Runs + RBIs O/U SF @ PHI (Game 2),,Baseball | Basketball,MLB | NBA
69f252d01490d73b1093981f,Betr Picks,parlay,SETTLED_WIN,6,,,10,20.00,04/29/2026 18:49:52 GMT,04/30/2026 05:01:28 GMT,2026-04-29T18:49:52.905Z,2026-04-30T05:01:28.073Z,Over 0.5 LeBron James PTS+AST HOU vs. LAL | Under 12.5 Jarrett Allen Points TOR vs. CLE | Over 0.5 Pedro Pagés Total Bases STL vs. PIT,,Basketball | Baseball,NBA | MLB
019dda91-c80e-7379-b40e-cae468605647,Dabble,parlay,SETTLED_LOSS,6,,,5,-5.00,04/29/2026 18:48:00 GMT,04/30/2026 02:40:53 GMT,2026-04-29T18:48:00.225Z,2026-04-30T02:40:53.021Z,Over 0.5 Jung Hoo Lee singles San Francisco Giants @ Philadelphia Phillies | Under 5.5 Tarik Skubal hits-allowed Detroit Tigers @ Atlanta Braves | Under 2.5 Eduardo Rodriguez walks Arizona Diamondbacks @ Milwaukee Brewers,,Baseball,MLB
41283272-941b-427f-b601-8ce8aec605cf,Underdog,parlay,SETTLED_LOSS,3.5,,,5,-5.00,04/29/2026 18:39:37 GMT,04/30/2026 05:00:00 GMT,2026-04-29T18:39:37.000Z,2026-04-30T05:00:00.000Z,Lower 21.5 Wendell Carter Jr. Pts + Rebs + Asts O/U ORL @ DET | Lower 2.5 Alperen Sengun Blocks + Steals O/U HOU @ LAL,,Basketball,NBA
1593287459,PrizePicks,round_robin_3,SETTLED_WIN,6,,,10,50.00,04/29/2026 17:23:18 GMT,04/30/2026 05:20:00 GMT,2026-04-29T17:23:18.338Z,2026-04-30T05:20:00.000Z,Over 5.5 Gavin Williams Pitcher Strikeouts CLE vs. TB | Over 8.5 RJ Barrett Rebs+Asts TOR vs. CLE | Over 0.5 LeBron James Points LAL vs. HOU,,Baseball | Basketball,MLB | NBA
70b10daf-f027-42ec-8518-86c073fc60d3,Underdog,parlay,SETTLED_LOSS,6.5,,,10,-10.00,04/29/2026 17:19:33 GMT,04/29/2026 23:10:00 GMT,2026-04-29T17:19:33.000Z,2026-04-29T23:10:00.000Z,Lower 4.5 Tyler Glasnow Hits Allowed O/U MIA @ LAD | Higher 1.5 Moises Ballesteros Hits + Runs + RBIs O/U CHC @ SD | Higher 1.5 Logan Webb Walks Allowed O/U SF @ PHI (Game 2),,Baseball,MLB
69f23c9aa6080b5747b2dde8,Betr Picks,parlay,SETTLED_LOSS,6,,,10,-10.00,04/29/2026 17:15:06 GMT,04/30/2026 02:47:53 GMT,2026-04-29T17:15:06.959Z,2026-04-30T02:47:53.228Z,Over 5.5 Tarik Skubal Pitching Strikeouts DET vs. ATL | Over 0.5 Freddie Freeman Singles MIA vs. LAD | Over 1.5 Ketel Marte Hits + Runs + Runs Batted In ARI vs. MIL,,Baseball,MLB
yx2jGVw,DK Pick6,round_robin_3,SETTLED_LOSS,3,,,5,-5.00,04/29/2026 17:10:00 GMT,04/29/2026 20:40:47 GMT,2026-04-29T17:10:00.000Z,2026-04-29T20:40:47.000Z,Under 1.5 Ryan Jeffers Hits + Runs + RBIs Seattle Mariners vs. Minnesota Twins | Under 1.5 Jacob Wilson Total Bases (From Hits) Kansas City Royals vs. Sacramento Athletics | Over 1.5 Trea Turner Hits + Runs + RBIs San Francisco Giants vs. Philadelphia Phillies,,Baseball,MLB
69f218f1b40ad4a5513af253,Betr Picks,parlay,SETTLED_LOSS,6,,,10,-10.00,04/29/2026 14:42:57 GMT,04/30/2026 05:01:13 GMT,2026-04-29T14:42:57.641Z,2026-04-30T05:01:13.137Z,Over 1.5 Mike Trout Hits + Runs + Runs Batted In LAA vs. CHW | Over 5.5 Amen Thompson Assists HOU vs. LAL | Over 21.5 RJ Barrett PTS+REB TOR vs. CLE,,Baseball | Basketball,MLB | NBA
d116694d-0cd2-49f4-b420-e095f3f55e34,Kalshi,straight,SETTLED_LOSS,8.4,,,5,-5.00,04/29/2026 02:44:26 GMT,04/29/2026 03:03:34 GMT,2026-04-29T02:44:26.144Z,2026-04-29T03:03:34.036Z,Texas Winner NYY at TEX,,Baseball,MLB
1592422817,PrizePicks,round_robin_3,SETTLED_LOSS,6,,,10,-10.00,04/28/2026 23:25:53 GMT,04/29/2026 02:40:00 GMT,2026-04-28T23:25:53.750Z,2026-04-29T02:40:00.000Z,Over 5.5 Logan Gilbert Pitcher Strikeouts SEA vs. MIN | Under 17.5 Cam Schlittler Pitching Outs NYY vs. TEX | Over 16.5 Deni Avdija Points POR vs. SAS,,Baseball | Basketball,MLB | NBA
zL8dPMb,DK Pick6,round_robin_3,SETTLED_WIN,6,,,10,50.00,04/28/2026 23:00:00 GMT,04/29/2026 04:30:00 GMT,2026-04-28T23:00:00.000Z,2026-04-29T04:30:00.000Z,Under 7.5 Onyeka Okongwu Rebounds Atlanta Hawks vs. New York Knicks | Over 22.5 Joel Embiid Points Philadelphia 76ers vs. Boston Celtics | Under 19.5 Scoot Henderson Pts + Rebs + Asts Portland Trail Blazers vs. San Antonio Spurs,,Basketball,NBA
87d3e56a-721c-4f78-9474-a3d94878ff3b,Underdog,parlay,SETTLED_LOSS,9.25,,,15,-15.00,04/28/2026 22:41:11 GMT,04/29/2026 02:40:00 GMT,2026-04-28T22:41:11.000Z,2026-04-29T02:40:00.000Z,Higher 1.5 Zach Neto Hits + Runs + RBIs O/U LAA @ CWS | Higher 5.5 De'Aaron Fox Assists O/U POR @ SAS | Higher 0.5 Bobby Witt Jr. Runs O/U KC @ ATH,,Baseball | Basketball,MLB | NBA
1592046112,PrizePicks,round_robin_3,SETTLED_LOSS,6,,,10,-10.00,04/28/2026 20:54:45 GMT,04/29/2026 02:15:00 GMT,2026-04-28T20:54:45.982Z,2026-04-29T02:15:00.000Z,Over 7.5 Neemias Queta Rebs+Asts BOS vs. PHI | Over 1.5 Drake Baldwin Hits+Runs+RBIs ATL vs. DET | Over 19.5 Jaylen Brown Points BOS vs. PHI,,Basketball | Baseball,NBA | MLB
69f11808e1ce0d787086b435,Betr Picks,parlay,SETTLED_LOSS,6,,,10,-10.00,04/28/2026 20:26:48 GMT,04/29/2026 02:58:54 GMT,2026-04-28T20:26:48.548Z,2026-04-29T02:58:54.289Z,Over 29.5 Karl-Anthony Towns PTS+REB ATL vs. NY | Under 9.5 Jalen Johnson Rebounds ATL vs. NY | Over 4.5 Josh Hart Assists ATL vs. NY,,Basketball,NBA
69f101fe9f471aa0003e1b27,Betr Picks,parlay,SETTLED_LOSS,6,,,10,-10.00,04/28/2026 18:52:46 GMT,04/29/2026 04:41:24 GMT,2026-04-28T18:52:46.585Z,2026-04-29T04:41:24.339Z,Over 35.5 Victor Wembanyama PTS+REB POR vs. SA | Under 8.5 Derrick White AST+REB PHI vs. BOS | Over 14.5 Onyeka Okongwu PTS+AST ATL vs. NY,,Basketball,NBA
1591862003,PrizePicks,round_robin_3,SETTLED_LOSS,6,,,10,-10.00,04/28/2026 18:43:44 GMT,04/28/2026 22:00:00 GMT,2026-04-28T18:43:44.896Z,2026-04-28T22:00:00.000Z,Under 36.5 Jaylen Brown Pts+Rebs+Asts BOS vs. PHI | Under 24.5 Nickeil Alexander-Walker Pts+Rebs+Asts ATL vs. NYK | Over 1.5 Manuel Neuer Goalie Saves Bayern München vs. Paris SG,,Basketball | Soccer,NBA | UEFA Champions League
69f0e8ca6355af6b6a8e68a3,Betr Picks,parlay,SETTLED_LOSS,6,,,15.25,0.00,04/28/2026 17:05:14 GMT,04/29/2026 05:11:50 GMT,2026-04-28T17:05:14.314Z,2026-04-29T05:11:50.889Z,Under 16.5 Aaron Civale Total Outs Pitched KC vs. ATH | Over 1.5 Carlos Correa Hits + Runs + Runs Batted In HOU vs. BAL | Over 2.5 Connor McDavid Shots on goal ANA vs. EDM,,Baseball | Ice Hockey,MLB | NHL
1591649558,PrizePicks,round_robin_4,SETTLED_LOSS,10,,,5,-5.00,04/28/2026 15:47:19 GMT,04/29/2026 02:15:00 GMT,2026-04-28T15:47:19.444Z,2026-04-29T02:15:00.000Z,Over 1.5 Miles McBride Assists NYK vs. ATL | Under 0.5 Dalton Rushing Runs LAD vs. MIA | Under 12.5 Anastasia Potapova Total Games Won Anastasia Potapova vs. Karolina Pliskova | Over 30.5 Jayson Tatum Pts+Asts BOS vs. PHI,,Basketball | Baseball | Tennis,NBA | MLB | TENNIS
69f0d5734264f3e8b7646a87,Betr Picks,parlay,SETTLED_LOSS,30,,,5,-5.00,04/28/2026 15:42:43 GMT,04/29/2026 04:45:52 GMT,2026-04-28T15:42:43.253Z,2026-04-29T04:45:52.089Z,Over 3.5 Walker Buehler Pitching Strikeouts CHC vs. SD | Over 1.5 Nick Martinez Pitching Walks TB vs. CLE | Over 4.5 Josh Hart Assists ATL vs. NY | Over 1.5 Carlos Correa Hits + Runs + Runs Batted In HOU vs. BAL | Over 17.5 José Soriano Total Outs Pitched LAA vs. CHW,,Baseball | Basketball,MLB | NBA
69f0c8181121917682c5f933,Betr Picks,parlay,SETTLED_LOSS,6,,,10,-10.00,04/28/2026 14:45:44 GMT,04/29/2026 05:02:44 GMT,2026-04-28T14:45:44.151Z,2026-04-29T05:02:44.710Z,Over 0.5 Alek Thomas Total Bases ARI vs. MIL | Under 15.5 Janson Junk Total Outs Pitched MIA vs. LAD | Over 28.5 Jayson Tatum PTS+AST PHI vs. BOS,,Baseball | Basketball,MLB | NBA
e3723b21-e975-4547-9a20-e4a333f56d3e,Kalshi,straight,SETTLED_WIN,1.7692307692307694,,,13,10.00,04/28/2026 04:18:18 GMT,04/28/2026 05:31:58 GMT,2026-04-28T04:18:18.742Z,2026-04-28T05:31:58.942Z,VGK Golden Knights Vegas at Utah Game 4,,Ice Hockey,NHL
b555dde3-7e32-4930-b407-5a0c0a0083d8,Kalshi,parlay,SETTLED_LOSS,3.3639143730886847,,,9.81,-9.81,04/28/2026 00:29:50 GMT,04/28/2026 04:37:08 GMT,2026-04-28T00:29:50.777Z,2026-04-28T04:37:08.780Z,Texas Winner NYY at TEX | Detroit +3.5 points Spread Detroit at Orlando,,Baseball | Basketball,MLB | NBA
NzmYDdG,DK Pick6,round_robin_3,SETTLED_LOSS,100,,,5,-5.00,04/28/2026 00:00:00 GMT,04/28/2026 05:30:00 GMT,2026-04-28T00:00:00.000Z,2026-04-28T05:30:00.000Z,Over 4.5 Jamal Murray Rebounds Minnesota Timberwolves vs. Denver Nuggets | Over 2.5 Jaden McDaniels Assists Minnesota Timberwolves vs. Denver Nuggets | Over 0.5 Rudy Gobert 3-Pointers Made Minnesota Timberwolves vs. Denver Nuggets,,Basketball,NBA
95z2dq8,DK Pick6,round_robin_3,SETTLED_LOSS,5.928,,,10,-10.00,04/28/2026 00:00:00 GMT,04/28/2026 05:30:00 GMT,2026-04-28T00:00:00.000Z,2026-04-28T05:30:00.000Z,Over 10.5 Cameron Johnson Points Minnesota Timberwolves vs. Denver Nuggets | Over 26.5 Chet Holmgren Pts + Rebs + Asts Oklahoma City Thunder vs. Phoenix Suns | Over 12.5 Naz Reid Points Minnesota Timberwolves vs. Denver Nuggets,,Basketball,NBA
019dd10b-e03d-727c-b228-cb05c9ac32b1,Dabble,parlay,SETTLED_LOSS,10,,,5,-5.00,04/27/2026 22:25:09 GMT,04/28/2026 03:04:56 GMT,2026-04-27T22:25:09.617Z,2026-04-28T03:04:56.099Z,Under 6.5 Mike Conley assists + rebounds Minnesota Timberwolves @ Denver Nuggets | Under 9.5 Anthony Black points Detroit Pistons @ Orlando Magic | Under 19.5 Desmond Bane points Detroit Pistons @ Orlando Magic | Over 0.5 Graham Pauley hits + runs + rbis Miami Marlins @ Los Angeles Dodgers,,Basketball | Baseball,NBA | MLB
019dd0dc-749b-705d-bb50-2893b5492214,Dabble,parlay,SETTLED_LOSS,6,,,5,-5.00,04/27/2026 21:33:21 GMT,04/28/2026 02:30:22 GMT,2026-04-27T21:33:21.901Z,2026-04-28T02:30:22.202Z,Over 5.5 Oso Ighodaro points Oklahoma City Thunder @ Phoenix Suns | Over 0.5 Josh Naylor singles Seattle Mariners @ Minnesota Twins | Over 9.5 Rudy Gobert points Minnesota Timberwolves @ Denver Nuggets,,Basketball | Baseball,NBA | MLB
019dd0ab-d5db-705a-b3e0-b7e8a6e0dfa9,Dabble,parlay,SETTLED_LOSS,6,,,5,-5.00,04/27/2026 20:40:15 GMT,04/28/2026 03:00:39 GMT,2026-04-27T20:40:15.540Z,2026-04-28T03:00:39.700Z,Over 0.5 Evan Carter hits + runs + rbis New York Yankees @ Texas Rangers | Under 2.5 Erik Karlsson shots Philadelphia Flyers @ Pittsburgh Penguins | Under 55.5 Nikola Jokic assists + points + rebounds Minnesota Timberwolves @ Denver Nuggets,,Baseball | Ice Hockey | Basketball,MLB | NHL | NBA
1590585843,PrizePicks,round_robin_3,SETTLED_LOSS,6,,,5,-5.00,04/27/2026 20:16:34 GMT,04/28/2026 03:08:00 GMT,2026-04-27T20:16:34.991Z,2026-04-28T03:08:00.000Z,Over 4.5 Julius Randle Assists MIN vs. DEN | Under 8.5 Paolo Banchero Rebounds ORL vs. DET | Over 0.5 Jalen Duren Double-Double DET vs. ORL,,Basketball,NBA
b8b678c4-9469-4e71-8020-ea5542e4d7ea,Underdog,parlay,SETTLED_LOSS,64.67,,,5,-5.00,04/27/2026 20:12:02 GMT,04/28/2026 02:40:00 GMT,2026-04-27T20:12:02.000Z,2026-04-28T02:40:00.000Z,Lower 1.5 Luke Keaschall Hits + Runs + RBIs O/U SEA @ MIN | Higher 9.5 Isaiah Stewart Pts + Rebs + Asts O/U DET @ ORL | Higher 0.5 Sam Haggerty Home Runs O/U NYY @ TEX,,Baseball | Basketball,MLB | NBA
1354576327516102656,Sleeper,parlay,SETTLED_LOSS,5.42,,,10,-10.00,04/27/2026 19:37:52 GMT,04/27/2026 22:37:52 GMT,2026-04-27T19:37:52.593Z,2026-04-27T22:37:52.593Z,O 24.5 Cade Cunningham Points DET @ ORL | O 3.5 Jaylin Williams Rebounds OKC @ PHX | O 10.5 Christian Braun Points MIN @ DEN,,Basketball,NBA
1354575771280105472,Sleeper,parlay,SETTLED_PUSH,5.48,,,10,0.00,04/27/2026 19:35:39 GMT,04/27/2026 20:20:41 GMT,2026-04-27T19:35:39.976Z,2026-04-27T20:20:41.796Z,O 24.5 Cade Cunningham Points DET @ ORL | O 10.5 Christian Braun Points MIN @ DEN | O 3.5 Jaylin Williams Rebounds OKC @ PHX,,Basketball,NBA
1354563912363696128,Sleeper,parlay,SETTLED_LOSS,4.9399999999999995,,,10,-10.00,04/27/2026 18:48:32 GMT,04/27/2026 21:48:32 GMT,2026-04-27T18:48:32.590Z,2026-04-27T21:48:32.590Z,O 5.5 Jack Leiter Strike Outs NYY @ TEX | O 31.5 Paytyn Johnson Kills Maps 1 2 Chicken Coop Esports @ Voca | U 1.5 Jaden McDaniels Threes Made MIN @ DEN,,Baseball | other | Basketball,MLB | other | NBA
69efad9da7713dc6fc8f4d46,Betr Picks,parlay,SETTLED_LOSS,6,,,10,-10.00,04/27/2026 18:40:29 GMT,04/28/2026 05:38:42 GMT,2026-04-27T18:40:29.317Z,2026-04-28T05:38:42.194Z,Over 24.5 Jamal Murray Points MIN vs. DEN | Over 9.5 Rudy Gobert Points MIN vs. DEN | Over 24.5 Tobias Harris Pts+Rebs+Asst DET vs. ORL,,Basketball,NBA
2965d27b-772a-43d4-8c3a-7f0bbfcdb0c6,Underdog,parlay,SETTLED_LOSS,3.5,,,5,-5.00,04/27/2026 18:21:51 GMT,04/28/2026 04:03:02 GMT,2026-04-27T18:21:51.000Z,2026-04-28T04:03:02.978Z,Lower 7.5 Ajay Mitchell Rebounds + Assists O/U OKC @ PHX | Higher 1.5 Randy Vasquez Walks Allowed O/U CHC @ SD,,Basketball | Baseball,NBA | MLB
51d9134f-ee89-46ba-a33a-75543494bfc1,Kalshi,parlay,SETTLED_LOSS,5.220883534136545,4.941089965934685,0.0566,4.98,-4.98,04/27/2026 17:57:37 GMT,04/28/2026 02:43:58 GMT,2026-04-27T17:57:37.797Z,2026-04-28T02:43:58.762Z,Seattle Winner SEA at MIN | Pittsburgh Winner STL at PIT | Los Angeles D -1.5 runs Spread Miami vs Los Angeles D,,Baseball,MLB
b063a97a-b939-4126-b361-bc5beed684c5,Underdog,parlay,SETTLED_LOSS,3.5,,,5,-5.00,04/27/2026 17:51:51 GMT,04/28/2026 04:30:00 GMT,2026-04-27T17:51:51.000Z,2026-04-28T04:30:00.000Z,Lower 2.5 Anthony Kay Walks Allowed O/U LAA @ CWS | Higher 9.5 Isaiah Joe Pts + Rebs + Asts O/U OKC @ PHX,,Baseball | Basketball,MLB | NBA
b628af47-f460-47a7-9bc6-0dcd67b5c009,Kalshi,parlay,SETTLED_LOSS,4.385964912280701,,,11.4,-11.40,04/27/2026 17:48:31 GMT,04/28/2026 03:56:48 GMT,2026-04-27T17:48:31.814Z,2026-04-28T03:56:48.777Z,Los Angeles A Winner LAA at CWS | Denver Minnesota at Denver Game 5 | Over 214.5 points scored Detroit at Orlando Game 4,,Baseball | Basketball,MLB | NBA
1590441368,PrizePicks,round_robin_3,SETTLED_LOSS,6,,,5,-5.00,04/27/2026 17:43:57 GMT,04/28/2026 02:08:00 GMT,2026-04-27T17:43:57.611Z,2026-04-28T02:08:00.000Z,Under 17.5 Ranger Suarez Pitching Outs BOS vs. TOR | Under 16.5 Randy Vásquez Pitching Outs SD vs. CHC | Under 0.5 Kyle Tucker Runs LAD vs. MIA,,Baseball,MLB
69efa002eacd83b3af003baf,Betr Picks,parlay,SETTLED_WIN,7.5,,,5,32.50,04/27/2026 17:42:26 GMT,04/28/2026 05:48:28 GMT,2026-04-27T17:42:26.153Z,2026-04-28T05:48:28.509Z,Over 1.5 Cal Raleigh Hits + Runs + Runs Batted In SEA vs. MIN | Over 1.5 Munetaka Murakami Hits + Runs + Runs Batted In LAA vs. CHW | Over 1.5 Ben Rice Hits + Runs + Runs Batted In NYY vs. TEX,,Baseball,MLB
1354546822277758976,Sleeper,parlay,SETTLED_LOSS,6.5649999999999995,,,10,-10.00,04/27/2026 17:40:37 GMT,04/27/2026 20:40:37 GMT,2026-04-27T17:40:37.995Z,2026-04-27T20:40:37.995Z,U 0.5 Jo Adell Runs LAA @ CWS | U 8.5 Isaiah Hartenstein Rebounds OKC @ PHX | U 14.5 Nikola Jokić Rebounds MIN @ DEN,,Baseball | Basketball,MLB | NBA
69ef9ec056cd783791e8342d,Betr Picks,parlay,SETTLED_WIN,6,,,5,25.00,04/27/2026 17:37:04 GMT,04/28/2026 03:08:42 GMT,2026-04-27T17:37:04.145Z,2026-04-28T03:08:42.767Z,Under 1.5 Josh Naylor Total Bases SEA vs. MIN | Under 2.5 Cade Cunningham STL+BLK DET vs. ORL | Under 1.5 Konnor Griffin Hits + Runs + Runs Batted In STL vs. PIT,,Baseball | Basketball,MLB | NBA
fa8a59d6-6e7c-46c7-9734-7106daca5829,Underdog,parlay,SETTLED_LOSS,8.15,,,10,-10.00,04/27/2026 17:31:44 GMT,04/28/2026 03:05:00 GMT,2026-04-27T17:31:44.000Z,2026-04-28T03:05:00.000Z,Higher 1.5 Ryan O'Hearn Hits + Runs + RBIs O/U STL @ PIT | Lower 4.5 Jack Leiter Hits Allowed O/U NYY @ TEX | Lower 4.5 Jaylin Williams Points O/U OKC @ PHX,,Baseball | Basketball,MLB | NBA
69ef9939bd1a21c4512ab8f6,Betr Picks,parlay,SETTLED_LOSS,7.5,,,5,-5.00,04/27/2026 17:13:29 GMT,04/28/2026 05:48:21 GMT,2026-04-27T17:13:29.227Z,2026-04-28T05:48:21.205Z,Over 1.5 Colson Montgomery Hits + Runs + Runs Batted In LAA vs. CHW | Over 1.5 Ben Rice Hits + Runs + Runs Batted In NYY vs. TEX | Over 1.5 Byron Buxton Hits + Runs + Runs Batted In SEA vs. MIN,,Baseball,MLB
69ef95ebcd5155c44d22ff99,Betr Picks,parlay,SETTLED_LOSS,6,,,20,-20.00,04/27/2026 16:59:23 GMT,04/28/2026 05:40:31 GMT,2026-04-27T16:59:23.353Z,2026-04-28T05:40:31.471Z,Over 5.5 Yoshinobu Yamamoto Pitching Strikeouts MIA vs. LAD | Over 3.5 Mike Conley Assists MIN vs. DEN | Under 2.5 Jack Leiter Pitching Walks NYY vs. TEX,,Baseball | Basketball,MLB | NBA
1590403270,PrizePicks,round_robin_3,SETTLED_WIN,6,,,5,25.00,04/27/2026 16:54:21 GMT,04/28/2026 04:40:00 GMT,2026-04-27T16:54:21.996Z,2026-04-28T04:40:00.000Z,Under 19.5 Jalen Suggs Pts+Asts ORL vs. DET | Over 1.5 Byron Buxton Hits+Runs+RBIs MIN vs. SEA | Under 16.5 Randy Vásquez Pitching Outs SD vs. CHC,,Basketball | Baseball,NBA | MLB
845f6417-65d8-41e8-a485-e6e1c2b859d1,Underdog,parlay,SETTLED_LOSS,5.91,,,5,-5.00,04/27/2026 16:38:39 GMT,04/28/2026 03:00:00 GMT,2026-04-27T16:38:39.000Z,2026-04-28T03:00:00.000Z,Higher 0.5 Jalen Duren Double Doubles O/U DET @ ORL | Lower 4.5 Jack Leiter Hits Allowed O/U NYY @ TEX | Lower 2.5 Nikola Jokic Blocks + Steals O/U MIN @ DEN,,Basketball | Baseball,NBA | MLB
019dcfcd-9955-71f2-827d-25646230b9fb,Dabble,parlay,SETTLED_LOSS,6,,,5,-5.00,04/27/2026 16:37:31 GMT,04/28/2026 00:43:28 GMT,2026-04-27T16:37:31.042Z,2026-04-28T00:43:28.482Z,Under 5.5 Cameron Johnson assists + rebounds Minnesota Timberwolves @ Denver Nuggets | Under 1.5 Myles Straw hits + runs + rbis Boston Red Sox @ Toronto Blue Jays | Over 1.5 Junior Caminero hits + runs + rbis Tampa Bay Rays @ Cleveland Guardians,,Basketball | Baseball,NBA | MLB
69ef904256cd783791e83351,Betr Picks,parlay,SETTLED_LOSS,10,,,10,-10.00,04/27/2026 16:35:14 GMT,04/28/2026 05:48:18 GMT,2026-04-27T16:35:14.109Z,2026-04-28T05:48:18.323Z,Over 29.5 Shai Gilgeous-Alexander Points OKC vs. PHO | Over 1.5 Colson Montgomery Hits + Runs + Runs Batted In LAA vs. CHW | Over 1.5 Cal Raleigh Hits + Runs + Runs Batted In SEA vs. MIN | Under 8.5 Collin Gillespie Points OKC vs. PHO,,Basketball | Baseball,NBA | MLB
ac1fe96a-b889-4445-8e7a-bf01b8deef59,Kalshi,straight,SETTLED_WIN,7.7272727272727275,,,6.6,44.40,04/27/2026 15:31:58 GMT,04/27/2026 16:23:39 GMT,2026-04-27T15:31:58.469Z,2026-04-27T16:23:39.899Z,Coco Noskova — No Will Coco Gauff win the : Round Of 16 match Noskova at Gauff,,Tennis,TENNIS
4dc8063d-9ee7-4693-8e9d-e5bc125ef4e8,Kalshi,straight,SETTLED_LOSS,2.55,,,20,-20.00,04/27/2026 14:53:50 GMT,04/27/2026 16:23:39 GMT,2026-04-27T14:53:50.802Z,2026-04-27T16:23:39.899Z,Coco Gauff Will Coco Gauff win the : Round Of 16 match Noskova at Gauff,,Tennis,TENNIS
69ef6fa9133d0e68c2750ddb,Betr Picks,parlay,SETTLED_LOSS,6,,,10,-10.00,04/27/2026 14:16:09 GMT,04/28/2026 05:03:44 GMT,2026-04-27T14:16:09.300Z,2026-04-28T05:03:44.854Z,Over 32.5 Paolo Banchero Pts+Rebs+Asst DET vs. ORL | Over 0.5 Dansby Swanson Total Bases CHC vs. SD | Under 5.5 Parker Messick Pitching Hits Allowed TB vs. CLE,,Basketball | Baseball,NBA | MLB
1354261239617822720,Sleeper,parlay,SETTLED_LOSS,8.719999999999999,,,10,-10.00,04/26/2026 22:45:49 GMT,04/27/2026 01:45:49 GMT,2026-04-26T22:45:49.784Z,2026-04-27T01:45:49.784Z,U 20.5 Payton Pritchard Pts Reb Ast BOS @ PHI | U 17.5 Kelly Oubre Pts Reb Ast BOS @ PHI | O 5.5 Joel Embiid Rebounds BOS @ PHI | O 3.5 VJ Edgecombe Assists BOS @ PHI,,Basketball,NBA
247d7685-9085-4e90-99f0-26c9157cdc75,Underdog,parlay,SETTLED_WIN,3.5,,,10,25.00,04/26/2026 22:23:18 GMT,04/27/2026 02:00:00 GMT,2026-04-26T22:23:18.000Z,2026-04-27T02:00:00.000Z,Higher 8.5 Joel Embiid Rebounds + Assists O/U BOS @ PHI | Higher 1.5 Ryan McDonagh Blocked Shots O/U TB @ MTL,,Basketball | Ice Hockey,NBA | NHL
69ee90289d8337a3e602ba9d,Betr Picks,parlay,SETTLED_LOSS,3,,,25,-25.00,04/26/2026 22:22:32 GMT,04/27/2026 04:36:06 GMT,2026-04-26T22:22:32.092Z,2026-04-27T04:36:06.024Z,Under 8.5 Paul George AST+REB BOS vs. PHI | Over 7.5 Marcus Smart AST+REB LAL vs. HOU,,Basketball,NBA
1354250445173821440,Sleeper,parlay,SETTLED_LOSS,6.305,,,10,-10.00,04/26/2026 22:02:56 GMT,04/27/2026 01:02:56 GMT,2026-04-26T22:02:56.188Z,2026-04-27T01:02:56.188Z,U 9.5 Deandre Ayton Rebounds & Assists LAL @ HOU | O 10.5 Jaylen Brown Rebounds & Assists BOS @ PHI | U 6.5 Tyrese Maxey Assists BOS @ PHI,,Basketball,NBA
34be7b40-4ceb-4604-8a50-4556bdb9068b,Underdog,parlay,SETTLED_LOSS,5.9,,,10,-10.00,04/26/2026 21:56:46 GMT,04/27/2026 02:00:00 GMT,2026-04-26T21:56:46.000Z,2026-04-27T02:00:00.000Z,Higher 3.5 VJ Edgecombe Assists O/U BOS @ PHI | Lower 8.5 Derrick White Rebounds + Assists O/U BOS @ PHI | Higher 28.5 Alperen Sengun Points + Assists O/U LAL @ HOU,,Basketball,NBA
69ee89e7a914d945bf4cedd5,Betr Picks,parlay,SETTLED_LOSS,6,,,15,-15.00,04/26/2026 21:55:51 GMT,04/27/2026 05:04:08 GMT,2026-04-26T21:55:51.824Z,2026-04-27T05:04:08.830Z,Over 2.5 Leo Carlsson Shots on goal EDM vs. ANA | Over 4.5 Reed Sheppard Assists LAL vs. HOU | Under 7.5 Jabari Smith Jr. Rebounds LAL vs. HOU,,Ice Hockey | Basketball,NHL | NBA
c359a1b2-ffef-4d78-abff-0feaa6d0dc07,Kalshi,parlay,SETTLED_LOSS,4.215618521078093,,,28.939999999999998,-28.94,04/26/2026 19:56:48 GMT,04/27/2026 04:46:29 GMT,2026-04-26T19:56:48.858Z,2026-04-27T04:46:29.947Z,Boston Boston at Philadelphia Game 4 | Los Angeles L Los Angeles L at Houston Game 4 | San Antonio San Antonio at Portland Game 4,,Basketball,NBA
1354210231428612096,Sleeper,parlay,SETTLED_LOSS,5.52,,,10,-10.00,04/26/2026 19:23:08 GMT,04/26/2026 22:23:08 GMT,2026-04-26T19:23:08.484Z,2026-04-26T22:23:08.484Z,U 27.5 Anton Forsberg Saves COL @ LA | O 23.5 Jaylen Brown Points BOS @ PHI | O 3.5 Reed Sheppard Assists LAL @ HOU,,Ice Hockey | Basketball,NHL | NBA
019dcb39-42ac-7128-a55e-689195b6fe80,Dabble,parlay,SETTLED_LOSS,6,,,10,-10.00,04/26/2026 19:17:00 GMT,04/27/2026 04:24:02 GMT,2026-04-26T19:17:00.673Z,2026-04-27T04:24:02.895Z,Over 3.5 Jaxson Hayes rebounds Los Angeles Lakers @ Houston Rockets | Over 9.5 Kevin Durant assists + rebounds Los Angeles Lakers @ Houston Rockets | Over 2.5 Reed Sheppard three-made Los Angeles Lakers @ Houston Rockets,,Basketball,NBA
b5554a01-b981-4aad-ba55-5c1b6905063e,Kalshi,parlay,SETTLED_LOSS,6.419257773319961,,,9.969999999999999,-9.97,04/26/2026 18:18:35 GMT,04/26/2026 21:02:19 GMT,2026-04-26T18:18:35.795Z,2026-04-26T21:02:19.921Z,Cleveland Cleveland at Toronto Game 4 | Los Angeles L Los Angeles L at Houston Game 4 | San Antonio San Antonio at Portland Game 4,,Basketball,NBA
019dcaf5-455c-7364-b77a-b07ef27f4c47,Dabble,parlay,SETTLED_LOSS,6.6,,,10,-10.00,04/26/2026 18:02:44 GMT,04/27/2026 01:49:05 GMT,2026-04-26T18:02:44.893Z,2026-04-27T01:49:05.504Z,Over 11.5 Reed Sheppard points Los Angeles Lakers @ Houston Rockets | Over 5.5 Jaxson Hayes points Los Angeles Lakers @ Houston Rockets | Over 5.5 VJ Edgecombe rebounds Boston Celtics @ Philadelphia 76ers,,Basketball,NBA
69ee4d832f9fd0f1cc18d6b4,Betr Picks,parlay,SETTLED_LOSS,6,,,10,-10.00,04/26/2026 17:38:11 GMT,04/27/2026 04:32:45 GMT,2026-04-26T17:38:11.803Z,2026-04-27T04:32:45.342Z,Over 26.5 Alperen Sengün PTS+REB LAL vs. HOU | Over 0.5 Gary Sánchez Total Bases PIT vs. MIL | Over 1.5 Xavier Edwards Hits + Runs + Runs Batted In MIA vs. SF,,Basketball | Baseball,NBA | MLB
95zy4mD,DK Pick6,round_robin_4,SETTLED_LOSS,10,,,15,-15.00,04/26/2026 17:00:00 GMT,04/27/2026 02:06:43 GMT,2026-04-26T17:00:00.000Z,2026-04-27T02:06:43.000Z,Under 13.5 Payton Pritchard Points Boston Celtics vs. Philadelphia 76ers | Over 19.5 Deni Avdija Points San Antonio Spurs vs. Portland Trail Blazers | Under 7.5 Quentin Grimes Points Boston Celtics vs. Philadelphia 76ers | Under 10.5 Jayson Tatum Rebounds Boston Celtics vs. Philadelphia 76ers,,Basketball,NBA
7MWY9w4,DK Pick6,round_robin_3,SETTLED_LOSS,6,,,10,-10.00,04/26/2026 17:00:00 GMT,04/27/2026 02:06:43 GMT,2026-04-26T17:00:00.000Z,2026-04-27T02:06:43.000Z,Under 3.5 Brandon Ingram Assists Cleveland Cavaliers vs. Toronto Raptors | Over 19.5 LeBron James Points Los Angeles Lakers vs. Houston Rockets | Under 7.5 Neemias Queta Rebounds Boston Celtics vs. Philadelphia 76ers,,Basketball,NBA
69ee443fe9f158f1376afdd4,Betr Picks,parlay,SETTLED_LOSS,6,,,10,-10.00,04/26/2026 16:58:39 GMT,04/27/2026 02:06:45 GMT,2026-04-26T16:58:39.346Z,2026-04-27T02:06:45.182Z,Over 1.5 Aaron Nola Pitching Walks PHI vs. ATL | Over 27.5 Stephon Castle Pts+Rebs+Asst SA vs. POR | Under 3.5 Nikita Kucherov Shots on goal TB vs. MON,,Baseball | Basketball | Ice Hockey,MLB | NBA | NHL
9d2a033e-6299-4b9d-bd61-745dedc65b1a,Underdog,parlay,SETTLED_LOSS,23.46,,,5,-5.00,04/26/2026 16:55:14 GMT,04/26/2026 20:40:00 GMT,2026-04-26T16:55:14.000Z,2026-04-26T20:40:00.000Z,Lower 24.5 RJ Barrett Points + Assists O/U CLE @ TOR | Higher 1.5 Jonathan Aranda Hits + Runs + RBIs O/U MIN @ TB | Higher 0.5 Cedric Mullins Stolen Bases O/U MIN @ TB,,Basketball | Baseball,NBA | MLB
019dcab6-7dd0-70c8-9f22-48b08b0d0679,Dabble,parlay,SETTLED_LOSS,6,,,10,-10.00,04/26/2026 16:54:10 GMT,04/27/2026 01:41:20 GMT,2026-04-26T16:54:10.569Z,2026-04-27T01:41:20.273Z,Under 9.5 Quentin Grimes assists + points Boston Celtics @ Philadelphia 76ers | Under 17.5 Aaron Nola outs Philadelphia Phillies @ Atlanta Braves | Over 34.5 Alperen Sengun assists + points + rebounds Los Angeles Lakers @ Houston Rockets,,Basketball | Baseball,NBA | MLB
1588869339,PrizePicks,round_robin_3,SETTLED_WIN,6,,,6.8,34.00,04/26/2026 16:30:34 GMT,04/27/2026 02:12:00 GMT,2026-04-26T16:30:34.348Z,2026-04-27T02:12:00.000Z,Under 5.5 Justin Wrobleski Hits Allowed LAD vs. CHC | Over 1.5 Jaylen Brown 3-PT Made BOS vs. PHI | Under 3.5 Nikita Kucherov Shots On Goal TB vs. MTL,,Baseball | Basketball | Ice Hockey,MLB | NBA | NHL
69ee3a5cb123bf8786aec40f,Betr Picks,parlay,SETTLED_LOSS,6,,,10,-10.00,04/26/2026 16:16:28 GMT,04/26/2026 20:52:51 GMT,2026-04-26T16:16:28.530Z,2026-04-26T20:52:51.170Z,Over 0.5 Donovan Mitchell PTS+REB CLE vs. TOR | Over 2.5 James Harden 3PT Made CLE vs. TOR | Over 0.5 Ben Rice Runs NYY vs. HOU,,Basketball | Baseball,NBA | MLB
69ee3796f819536f7df89dd7,Betr Picks,parlay,SETTLED_LOSS,10,,,15,-15.00,04/26/2026 16:04:38 GMT,04/27/2026 05:02:20 GMT,2026-04-26T16:04:38.857Z,2026-04-27T05:02:20.893Z,Over 1.5 Randy Arozarena Hits + Runs + Runs Batted In SEA vs. STL | Over 1.5 Cody Bellinger Hits + Runs + Runs Batted In NYY vs. HOU | Over 0.5 William Contreras Singles PIT vs. MIL | Over 2.5 Leo Carlsson Shots on goal EDM vs. ANA,,Baseball | Ice Hockey,MLB | NHL
fa97021a-8ebd-4ea4-8e0f-7213771cd93c,Kalshi,parlay,SETTLED_LOSS,3.472931562819203,,,9.790000000000001,-9.79,04/26/2026 00:47:06 GMT,04/26/2026 01:52:29 GMT,2026-04-26T00:47:06.934Z,2026-04-26T01:52:29.926Z,Denver Denver at Minnesota Game 4 | DAL Stars Dallas at Minnesota Game 4,,Basketball | Ice Hockey,NBA | NHL
3854b615-36c0-4136-bd44-601bbaed0474,Underdog,parlay,SETTLED_LOSS,6.5,,,10,-10.00,04/25/2026 20:56:45 GMT,04/26/2026 02:15:00 GMT,2026-04-25T20:56:45.000Z,2026-04-26T02:15:00.000Z,Lower 2.5 Jacob Misiorowski Walks Allowed O/U PIT @ MIL | Higher 1.5 Ronald Acuna Jr. Hits + Runs + RBIs O/U PHI @ ATL | Lower 11.5 Jamal Murray Rebounds + Assists O/U DEN @ MIN,,Baseball | Basketball,MLB | NBA
69ed2a00ab874d7ffd03bfc8,Betr Picks,parlay,SETTLED_LOSS,6,,,10,-10.00,04/25/2026 20:54:24 GMT,04/26/2026 01:53:59 GMT,2026-04-25T20:54:24.955Z,2026-04-26T01:53:59.354Z,Over 0.5 Evan Carter Hits ATH vs. TEX | Under 3.5 Corbin Carroll Hits + Runs + Runs Batted In SD vs. ARI | Under 6.5 Mitchell Robinson Rebounds NY vs. ATL,,Baseball | Basketball,MLB | NBA
69ed152c3f6a06e28b8394d0,Betr Picks,parlay,SETTLED_LOSS,6,,,10,-10.00,04/25/2026 19:25:32 GMT,04/26/2026 03:40:30 GMT,2026-04-25T19:25:32.790Z,2026-04-26T03:40:30.596Z,Over 1.5 Corey Seager Hits + Runs + Runs Batted In ATH vs. TEX | Under 7.5 Alex Caruso Points OKC vs. PHO | Over 42.5 Nikola Jokić PTS+REB DEN vs. MIN,,Baseball | Basketball,MLB | NBA
095cbcc5-81be-49f1-bdc8-973836d95b92,Underdog,parlay,SETTLED_LOSS,3.15,,,13.4,-13.40,04/25/2026 19:16:17 GMT,04/25/2026 22:30:00 GMT,2026-04-25T19:16:17.000Z,2026-04-25T22:30:00.000Z,Higher 6.5 Cason Wallace Points O/U OKC @ PHX | Higher 4.5 Jeffrey Springs Hits Allowed O/U ATH @ TEX,,Basketball | Baseball,NBA | MLB
019dc609-2e01-70b1-9e44-360bd5080de1,Dabble,parlay,SETTLED_LOSS,6.6,,,10,-10.00,04/25/2026 19:06:23 GMT,04/26/2026 01:36:59 GMT,2026-04-25T19:06:23.559Z,2026-04-26T01:36:59.135Z,Under 2.5 Ryan Hartman shots Dallas Stars @ Minnesota Wild | Under 5.5 Cameron Johnson assists + rebounds Denver Nuggets @ Minnesota Timberwolves | Over 7.5 Jalen Green assists + rebounds Oklahoma City Thunder @ Phoenix Suns,,Ice Hockey | Basketball,NHL | NBA
1587426928,PrizePicks,round_robin_3,SETTLED_WIN,6,,,12.8,64.00,04/25/2026 18:41:13 GMT,04/26/2026 03:48:00 GMT,2026-04-25T18:41:13.733Z,2026-04-26T03:48:00.000Z,Under 0.5 Rudy Gobert Double-Double MIN vs. DEN | Over 7 Collin Gillespie Rebs+Asts PHX vs. OKC | Under 13.5 Mikal Bridges Pts+Asts NYK vs. ATL,,Basketball,NBA
6773362a-483b-4fa9-9b77-3f1b8920fe3a,Kalshi,straight,SETTLED_LOSS,2.04,,,25,-25.00,04/25/2026 18:35:45 GMT,04/25/2026 19:55:00 GMT,2026-04-25T18:35:45.559Z,2026-04-25T19:55:00.154Z,Detroit Detroit at Orlando Game 3,,Basketball,NBA
69ed07d3184b3b07c1f91900,Betr Picks,parlay,SETTLED_LOSS,6,,,10,-10.00,04/25/2026 18:28:35 GMT,04/26/2026 01:04:00 GMT,2026-04-25T18:28:35.949Z,2026-04-26T01:04:00.837Z,Under 7.5 Ajay Mitchell AST+REB OKC vs. PHO | Over 14.5 Karl-Anthony Towns AST+REB NY vs. ATL | Over 20.5 Devin Booker Points OKC vs. PHO,,Basketball,NBA
882f5b57-6098-4453-869d-ce3c42f25628,Kalshi,straight,SETTLED_WIN,1.6666666666666665,,,15,10.00,04/25/2026 17:46:11 GMT,04/25/2026 18:20:49 GMT,2026-04-25T17:46:11.142Z,2026-04-25T18:20:49.858Z,Detroit wins the 1H by over 1.5 points First Half Spread Detroit vs Orlando,,Basketball,NBA
019dc5bd-45ae-76ab-9196-79b1717cc837,Dabble,parlay,SETTLED_LOSS,6,,,10,-10.00,04/25/2026 17:43:28 GMT,04/26/2026 00:56:23 GMT,2026-04-25T17:43:28.897Z,2026-04-26T00:56:23.708Z,Over 1.5 Onyeka Okongwu three-made New York Knicks @ Atlanta Hawks | Over 11.5 Alex Caruso assists + points + rebounds Oklahoma City Thunder @ Phoenix Suns | Over 10.5 Josh Hart points New York Knicks @ Atlanta Hawks,,Basketball,NBA
69d8c239-e0c8-4ab1-a387-b79b839bc8d6,Underdog,parlay,SETTLED_LOSS,6.14,,,10,-10.00,04/25/2026 17:41:17 GMT,04/26/2026 01:00:00 GMT,2026-04-25T17:41:17.000Z,2026-04-26T01:00:00.000Z,Lower 2.5 Mouhamed Gueye Points O/U NYK @ ATL | Higher 6.5 Jalen Brunson Assists O/U NYK @ ATL | Higher 15.5 Toumani Camara Pts + Rebs + Asts O/U SAS @ POR,,Basketball,NBA
1353821762525073408,Sleeper,parlay,SETTLED_LOSS,5.32,,,10,-10.00,04/25/2026 17:39:30 GMT,04/25/2026 20:39:30 GMT,2026-04-25T17:39:30.280Z,2026-04-25T20:39:30.280Z,O 22.5 Anthony Edwards Points DEN @ MIN | U 14.5 Nikola Jokić Rebounds DEN @ MIN | O 15.5 Jalen Johnson Rebounds & Assists NYK @ ATL,,Basketball,NBA
019dc5b2-1ae2-73fb-acd1-a2460cac6946,Dabble,parlay,SETTLED_LOSS,5.4,,,10,-10.00,04/25/2026 17:31:17 GMT,04/26/2026 01:01:21 GMT,2026-04-25T17:31:17.036Z,2026-04-26T01:01:21.267Z,Over 13.5 Josh Hart assists + rebounds New York Knicks @ Atlanta Hawks | Over 6.5 Scottie Barnes assists Cleveland Cavaliers @ Toronto Raptors | Over 0.5 Spencer Horwitz hits Pittsburgh Pirates @ Milwaukee Brewers,,Basketball | Baseball,NBA | MLB
69ecf9671db02264f1b6d578,Betr Picks,parlay,SETTLED_LOSS,6,,,10,-10.00,04/25/2026 17:27:03 GMT,04/26/2026 02:51:20 GMT,2026-04-25T17:27:03.337Z,2026-04-26T02:51:20.332Z,Over 0.5 Dansby Swanson Hits CHC vs. LAD | Over 0.5 Josh Naylor Singles SEA vs. STL | Over 27.5 Jalen Johnson PTS+REB NY vs. ATL,,Baseball | Basketball,MLB | NBA
03f13b71-4cd8-4dbd-b32c-db1aa7b1166d,Underdog,parlay,SETTLED_LOSS,48.42,,,5,-5.00,04/25/2026 17:25:01 GMT,04/25/2026 22:07:00 GMT,2026-04-25T17:25:01.000Z,2026-04-25T22:07:00.000Z,Higher 0.5 Brayan Rocchio Stolen Bases O/U CLE @ TOR | Higher 17.5 Dillon Brooks Points O/U OKC @ PHX | Lower 1.5 Zac Gallen Walks Allowed O/U SD @ AZ,,Baseball | Basketball,MLB | NBA
gpxdpqK,DK Pick6,round_robin_3,SETTLED_LOSS,7.8,,,10,-10.00,04/25/2026 16:05:00 GMT,04/25/2026 23:10:37 GMT,2026-04-25T16:05:00.000Z,2026-04-25T23:10:37.000Z,Under 7.5 Jacob Misiorowski Strikeouts Thrown Pittsburgh Pirates vs. Milwaukee Brewers | Over 1.5 Bryce Harper Hits + Runs + RBIs Philadelphia Phillies vs. Atlanta Braves | Over 1.5 Andrew Benintendi Hits + Runs + RBIs Washington Nationals vs. Chicago White Sox,,Baseball,MLB
3398dce8-7e63-4593-a665-ac788ae55c77,Kalshi,straight,SETTLED_WIN,1.9333333333333333,,,15,14.00,04/25/2026 00:45:26 GMT,04/25/2026 03:12:10 GMT,2026-04-25T00:45:26.913Z,2026-04-25T03:12:10.059Z,Los Angeles L wins by over 1.5 points Los Angeles L at Houston Game 3,,Basketball,NBA
019dc1c0-ad7e-74eb-bc76-2a2a4e46dfc6,Dabble,parlay,SETTLED_LOSS,6,,,10,-10.00,04/24/2026 23:08:43 GMT,04/25/2026 03:06:19 GMT,2026-04-24T23:08:43.202Z,2026-04-25T03:06:19.015Z,Under 8.5 Deandre Ayton rebounds Los Angeles Lakers @ Houston Rockets | Under 5.5 Rui Hachimura assists + rebounds Los Angeles Lakers @ Houston Rockets | Over 26.5 Jabari Smith Jr. assists + points + rebounds Los Angeles Lakers @ Houston Rockets,,Basketball,NBA
BxVGQd5,DK Pick6,round_robin_3,SETTLED_LOSS,6,,,5,-5.00,04/24/2026 23:00:00 GMT,04/25/2026 03:09:22 GMT,2026-04-24T23:00:00.000Z,2026-04-25T03:09:22.000Z,Under 4.5 Keldon Johnson Rebounds San Antonio Spurs vs. Portland Trail Blazers | Under 12.5 Marcus Smart Points Los Angeles Lakers vs. Houston Rockets | Under 14.5 Luke Kennard Points Los Angeles Lakers vs. Houston Rockets,,Basketball,NBA
bPjZNV9,DK Pick6,round_robin_4,SETTLED_LOSS,12.909,,,10,-10.00,04/24/2026 23:00:00 GMT,04/25/2026 02:12:57 GMT,2026-04-24T23:00:00.000Z,2026-04-25T02:12:57.000Z,Over 8.5 Alperen Sengun Rebounds Los Angeles Lakers vs. Houston Rockets | Under 8.5 LeBron James Assists Los Angeles Lakers vs. Houston Rockets | Over 25.5 Jaylen Brown Points Boston Celtics vs. Philadelphia 76ers | Over 24.5 VJ Edgecombe Pts + Rebs + Asts Boston Celtics vs. Philadelphia 76ers,,Basketball,NBA
61dd204c-b1e6-4760-b838-dcb361448b57,Underdog,parlay,SETTLED_LOSS,8.25,,,10,-10.00,04/24/2026 22:57:38 GMT,04/25/2026 02:00:00 GMT,2026-04-24T22:57:38.000Z,2026-04-25T02:00:00.000Z,Lower 14.5 Nikola Vucevic Pts + Rebs + Asts O/U BOS @ PHI | Lower 7.5 Marcus Smart Rebounds + Assists O/U LAL @ HOU | Higher 0.5 Josh Okogie 3-Pointers Made O/U LAL @ HOU,,Basketball,NBA
ca043b30-268c-4dd9-adcc-5cf5e5c75602,Underdog,parlay,SETTLED_LOSS,8.7,,,10,-10.00,04/24/2026 22:45:44 GMT,04/25/2026 03:00:00 GMT,2026-04-24T22:45:44.000Z,2026-04-25T03:00:00.000Z,Lower 4.5 Rui Hachimura Rebounds O/U LAL @ HOU | Lower 7.5 Reed Sheppard Rebounds + Assists O/U LAL @ HOU | Higher 20.5 Jrue Holiday Points + Rebounds O/U SAS @ POR,,Basketball,NBA
2jYyryG,DK Pick6,round_robin_4,SETTLED_LOSS,10,,,10,-10.00,04/24/2026 22:40:00 GMT,04/25/2026 05:15:40 GMT,2026-04-24T22:40:00.000Z,2026-04-25T05:15:40.000Z,Over 6.5 Freddy Peralta Strikeouts Thrown Colorado Rockies vs. New York Mets | Under 4.5 Andrew Abbott Strikeouts Thrown Detroit Tigers vs. Cincinnati Reds | Over 1.5 Jo Adell Hits + Runs + RBIs Los Angeles Angels vs. Kansas City Royals | Over 0.5 Shohei Ohtani Total Bases (From Hits) Chicago Cubs vs. Los Angeles Dodgers,,Baseball,MLB
wZx4PdK,DK Pick6,round_robin_3,SETTLED_LOSS,6,,,10,-10.00,04/24/2026 22:40:00 GMT,04/25/2026 01:52:41 GMT,2026-04-24T22:40:00.000Z,2026-04-25T01:52:41.000Z,Over 1.5 Sal Stewart Hits + Runs + RBIs Detroit Tigers vs. Cincinnati Reds | Over 5.5 Paul Skenes Strikeouts Thrown Pittsburgh Pirates vs. Milwaukee Brewers | Over 1.5 Luis Arraez Hits + Runs + RBIs Miami Marlins vs. San Francisco Giants,,Baseball,MLB
69ebf0d27ab5660bf3b0b4f2,Betr Picks,parlay,SETTLED_LOSS,6,,,10,-10.00,04/24/2026 22:38:10 GMT,04/25/2026 05:35:01 GMT,2026-04-24T22:38:10.655Z,2026-04-25T05:35:01.280Z,Over 22.5 De'Aaron Fox PTS+AST SA vs. POR | Under 4.5 Brandon Woodruff Pitching Hits Allowed PIT vs. MIL | Over 1.5 Trent Grisham Hits + Runs + Runs Batted In NYY vs. HOU,,Basketball | Baseball,NBA | MLB
1353524224706252800,Sleeper,parlay,SETTLED_LOSS,5.39,,,10,-10.00,04/24/2026 21:57:11 GMT,04/25/2026 00:57:11 GMT,2026-04-24T21:57:11.736Z,2026-04-25T00:57:11.736Z,O 16.5 De'Aaron Fox Points SAS @ POR | O 1.5 Toumani Camara Assists SAS @ POR | O 1.5 Shohei Ohtani Total Bases CHC @ LAD,,Basketball | Baseball,NBA | MLB
19826d5e-a64b-41e8-997a-d3ea9f84f2fd,Underdog,parlay,SETTLED_LOSS,16.9,,,20,-20.00,04/24/2026 20:23:45 GMT,04/25/2026 02:00:00 GMT,2026-04-24T20:23:45.000Z,2026-04-25T02:00:00.000Z,Higher 15.5 VJ Edgecombe Points O/U BOS @ PHI | Higher 23.5 Kevin Durant Points O/U LAL @ HOU | Lower 17.5 Dylan Harper Pts + Rebs + Asts O/U SAS @ POR | Higher 17.5 Toumani Camara Pts + Rebs + Asts O/U SAS @ POR,,Basketball,NBA
019dc11e-f7aa-75ad-b482-5d30a5222f07,Dabble,parlay,SETTLED_LOSS,6,,,10,-10.00,04/24/2026 20:12:05 GMT,04/25/2026 03:03:35 GMT,2026-04-24T20:12:05.348Z,2026-04-25T03:03:35.976Z,Over 1.5 Ben Rice hits + runs + rbis New York Yankees @ Houston Astros | Over 6.5 Luke Kornet rebounds San Antonio Spurs @ Portland Trail Blazers | Over 1.5 J.P. Crawford hits + runs + rbis Seattle Mariners @ St. Louis Cardinals,,Baseball | Basketball,MLB | NBA
1585545044,PrizePicks,round_robin_3,SETTLED_LOSS,6,,,5,-5.00,04/24/2026 19:27:03 GMT,04/25/2026 02:10:00 GMT,2026-04-24T19:27:03.745Z,2026-04-25T02:10:00.000Z,Over 6.5 Toumani Camara Rebs+Asts POR vs. SAS | Under 5.5 Kelly Oubre Rebounds PHI vs. BOS | Under 2.5 Nathan Eovaldi Earned Runs Allowed TEX vs. ATH,,Basketball | Baseball,NBA | MLB
1585436559,PrizePicks,round_robin_3,SETTLED_WIN,6,,,5,25.00,04/24/2026 18:16:43 GMT,04/25/2026 05:15:00 GMT,2026-04-24T18:16:43.830Z,2026-04-25T05:15:00.000Z,Under 6.5 Tyrese Maxey Assists PHI vs. BOS | Under 0.5 Ian Happ Walks CHC vs. LAD | Over 17.5 Paul Skenes Pitching Outs PIT vs. MIL,,Basketball | Baseball,NBA | MLB
019dc065-61a1-772a-a75a-8a8ddc52e8fb,Dabble,parlay,SETTLED_LOSS,18,,,11,-11.00,04/24/2026 16:49:22 GMT,04/25/2026 01:56:08 GMT,2026-04-24T16:49:22.791Z,2026-04-25T01:56:08.263Z,Over 1.5 Munetaka Murakami hits + runs + rbis Washington Nationals @ Chicago White Sox | Under 12.5 Sam Hauser points + rebounds Boston Celtics @ Philadelphia 76ers | Over 0.5 Tyler Heineman hits + runs + rbis Cleveland Guardians @ Toronto Blue Jays | Over 25.5 Jrue Holiday assists + points + rebounds San Antonio Spurs @ Portland Trail Blazers | Over 15.5 Brayan Bello outs Boston Red Sox @ Baltimore Orioles,,Baseball | Basketball,MLB | NBA
69eb9dde989fc74c38873e9d,Betr Picks,parlay,SETTLED_LOSS,6,,,10,-10.00,04/24/2026 16:44:14 GMT,04/25/2026 05:37:59 GMT,2026-04-24T16:44:14.790Z,2026-04-25T05:37:59.925Z,Over 21.5 Devin Vassell Pts+Rebs+Asst SA vs. POR | Over 29.5 Jaylen Brown PTS+REB BOS vs. PHI | Over 5.5 Amen Thompson Assists LAL vs. HOU,,Basketball,NBA
1585290164,PrizePicks,round_robin_6,SETTLED_WIN,35,,,5,-2.20,04/24/2026 16:40:34 GMT,04/25/2026 03:09:00 GMT,2026-04-24T16:40:34.520Z,2026-04-25T03:09:00.000Z,Over 1.5 Nikola Vučević Assists BOS vs. PHI | Under 8.5 LeBron James Assists LAL vs. HOU | Over 1.5 Austin Riley Hits+Runs+RBIs ATL vs. PHI | Under 5.5 Nathan Eovaldi Pitcher Strikeouts TEX vs. ATH | Over 0.5 David Hamilton Hits+Runs+RBIs MIL vs. PIT | Under 5.5 Kelly Oubre Rebounds PHI vs. BOS,,Basketball | Baseball,NBA | MLB
69eb9c65735cb38cb7d5dcef,Betr Picks,parlay,SETTLED_LOSS,6,,,15,-15.00,04/24/2026 16:37:57 GMT,04/25/2026 02:29:03 GMT,2026-04-24T16:37:57.414Z,2026-04-25T02:29:03.590Z,Over 1.5 Bryce Harper Hits + Runs + Runs Batted In PHI vs. ATL | Over 1.5 CJ Abrams Hits + Runs + Runs Batted In WSH vs. CHW | Over 5.5 Paul Skenes Pitching Strikeouts PIT vs. MIL,,Baseball,MLB
69eb7c006420567baf4f076b,Betr Picks,parlay,SETTLED_LOSS,6,,,10,-10.00,04/24/2026 14:19:44 GMT,04/25/2026 03:13:57 GMT,2026-04-24T14:19:44.673Z,2026-04-25T03:13:57.688Z,Over 9.5 Reed Sheppard Points LAL vs. HOU | Over 16.5 Jayson Tatum AST+REB BOS vs. PHI | Over 36.5 LeBron James Pts+Rebs+Asst LAL vs. HOU,,Basketball,NBA
69eaa566bd69bc94ce816b75,Betr Picks,parlay,SETTLED_LOSS,6,,,15,-15.00,04/23/2026 23:04:06 GMT,04/24/2026 02:55:04 GMT,2026-04-23T23:04:06.428Z,2026-04-24T02:55:04.490Z,Over 5.5 Jacob deGrom Pitching Strikeouts PIT vs. TEX | Over 8.5 Donovan Mitchell AST+REB CLE vs. TOR | Under 6.5 Jamal Shead Assists CLE vs. TOR,,Baseball | Basketball,MLB | NBA
VnKb7PP,DK Pick6,round_robin_3,SETTLED_LOSS,6,,,10,-10.00,04/23/2026 23:00:00 GMT,04/24/2026 03:09:16 GMT,2026-04-23T23:00:00.000Z,2026-04-24T03:09:16.000Z,Over 11.5 Cameron Johnson Points Denver Nuggets vs. Minnesota Timberwolves | Over 19.5 Brandon Ingram Points Cleveland Cavaliers vs. Toronto Raptors | Over 25.5 Jalen Brunson Points New York Knicks vs. Atlanta Hawks,,Basketball,NBA
gpxbBZ5,DK Pick6,round_robin_4,SETTLED_LOSS,13,,,10,-10.00,04/23/2026 23:00:00 GMT,04/24/2026 02:10:44 GMT,2026-04-23T23:00:00.000Z,2026-04-24T02:10:44.000Z,Under 10.5 Rudy Gobert Points Denver Nuggets vs. Minnesota Timberwolves | Over 20.5 Jalen Johnson Points New York Knicks vs. Atlanta Hawks | Over 27.5 Evan Mobley Pts + Rebs + Asts Cleveland Cavaliers vs. Toronto Raptors | Under 35.5 Karl-Anthony Towns Pts + Rebs + Asts New York Knicks vs. Atlanta Hawks,,Basketball,NBA
03435a2e-c3a9-41d8-9748-ada023caf2d5,Kalshi,parlay,SETTLED_LOSS,3.208955223880597,,,26.8,-26.80,04/23/2026 22:07:59 GMT,04/24/2026 03:08:34 GMT,2026-04-23T22:07:59.794Z,2026-04-24T03:08:34.281Z,Cleveland Cleveland at Toronto Game 3 | New York New York at Atlanta Game 3,,Basketball,NBA
1353123035497906176,Sleeper,parlay,SETTLED_LOSS,5.39,,,10,-10.00,04/23/2026 19:23:00 GMT,04/23/2026 22:23:00 GMT,2026-04-23T19:23:00.775Z,2026-04-23T22:23:00.775Z,O 17.5 Karl-Anthony Towns Points NYK @ ATL | U 1.5 Aaron Gordon Threes Made DEN @ MIN | O 4.5 Jamal Murray Rebounds DEN @ MIN,,Basketball,NBA
bedc9e70-1fa6-4d9a-bf76-78085d194d02,Underdog,parlay,SETTLED_LOSS,3.5,,,5,-5.00,04/23/2026 18:39:49 GMT,04/24/2026 02:00:00 GMT,2026-04-23T18:39:49.000Z,2026-04-24T02:00:00.000Z,Lower 20.5 Karl-Anthony Towns Points O/U NYK @ ATL | Lower 4.5 Anthony Edwards Assists O/U DEN @ MIN,,Basketball,NBA
019dbb99-e7b3-70ad-97f9-c9ed3b7cddcf,Dabble,parlay,SETTLED_LOSS,6,,,10,-10.00,04/23/2026 18:28:38 GMT,04/23/2026 21:55:28 GMT,2026-04-23T18:28:38.903Z,2026-04-23T21:55:28.400Z,Under 15.5 Ryan Feltner outs San Diego Padres @ Colorado Rockies | Over 0.5 Patrick Bailey hits + runs + rbis Los Angeles Dodgers @ San Francisco Giants | Over 21.5 Jarrett Allen assists + points + rebounds Cleveland Cavaliers @ Toronto Raptors,,Baseball | Basketball,MLB | NBA
7ef32538-9a88-4e91-8828-026a2db5215b,Underdog,parlay,SETTLED_LOSS,6.5,,,10,-10.00,04/23/2026 18:24:29 GMT,04/23/2026 22:40:00 GMT,2026-04-23T18:24:29.000Z,2026-04-23T22:40:00.000Z,Lower 1.5 Miguel Vargas Hits + Runs + RBIs O/U CWS @ AZ | Higher 21.5 Jarrett Allen Pts + Rebs + Asts O/U CLE @ TOR | Higher 11.5 Christian Braun Points O/U DEN @ MIN,,Baseball | Basketball,MLB | NBA
dd64b06c-8d01-43b1-9d16-d855189937c0,Underdog,parlay,SETTLED_LOSS,8.15,,,10,-10.00,04/23/2026 18:22:11 GMT,04/24/2026 02:00:00 GMT,2026-04-23T18:22:11.000Z,2026-04-24T02:00:00.000Z,Lower 6.5 Jalen Johnson Assists O/U NYK @ ATL | Higher 2.5 Donte DiVincenzo 3-Pointers Made O/U DEN @ MIN | Higher 14.5 Reed Sheppard Pts + Rebs + Asts O/U LAL @ HOU,,Basketball,NBA
1583867756,PrizePicks,round_robin_3,SETTLED_LOSS,6,,,5,-5.00,04/23/2026 18:15:58 GMT,04/24/2026 04:46:00 GMT,2026-04-23T18:15:58.128Z,2026-04-24T04:46:00.000Z,Under 3.5 Gabe Vincent Points ATL vs. NYK | Over 1.5 Rudy Gobert Assists MIN vs. DEN | Over 2.5 James Harden 3-PT Made CLE vs. TOR,,Basketball,NBA
69ea5f980f4cf017605d2dee,Betr Picks,parlay,SETTLED_LOSS,10,,,10,-10.00,04/23/2026 18:06:16 GMT,04/24/2026 02:49:51 GMT,2026-04-23T18:06:16.655Z,2026-04-24T02:49:51.049Z,Under 1.5 Sam Antonacci Hits + Runs + Runs Batted In CHW vs. ARI | Over 17.5 CJ McCollum Points NY vs. ATL | Under 13.5 Jonathan Kuminga Points NY vs. ATL | Under 9.5 Sandro Mamukelashvili Points CLE vs. TOR,,Baseball | Basketball,MLB | NBA
69ea521d9858f2d2cdd1988c,Betr Picks,parlay,SETTLED_WIN,6,,,5,25.00,04/23/2026 17:08:45 GMT,04/24/2026 01:56:30 GMT,2026-04-23T17:08:45.690Z,2026-04-24T01:56:30.569Z,Over 0.5 Onyeka Okongwu Steals NY vs. ATL | Under 0.5 Kyle Karros Singles SD vs. COL | Over 1.5 Seiya Suzuki Hits + Runs + Runs Batted In PHI vs. CHC,,Basketball | Baseball,NBA | MLB
jKnVQDG,DK Pick6,round_robin_3,SETTLED_LOSS,6,,,5,-5.00,04/23/2026 17:05:00 GMT,04/23/2026 22:40:08 GMT,2026-04-23T17:05:00.000Z,2026-04-23T22:40:08.000Z,Over 5.5 Logan Webb Strikeouts Thrown Los Angeles Dodgers vs. San Francisco Giants | Over 1.5 Freddie Freeman Hits + Runs + RBIs Los Angeles Dodgers vs. San Francisco Giants | Over 1.5 Geraldo Perdomo Hits + Runs + RBIs Chicago White Sox vs. Arizona Diamondbacks,,Baseball,MLB
079fa775-eaea-4c3c-bab3-981655f5b767,Underdog,parlay,SETTLED_LOSS,3.5,,,5,-5.00,04/23/2026 16:55:08 GMT,04/24/2026 01:10:00 GMT,2026-04-23T16:55:08.000Z,2026-04-24T01:10:00.000Z,Higher 1.5 Ben Rice Hits + Runs + RBIs O/U NYY @ BOS | Higher 27.5 RJ Barrett Pts + Rebs + Asts O/U CLE @ TOR,,Baseball | Basketball,MLB | NBA
1583751168,PrizePicks,round_robin_3,SETTLED_LOSS,6,,,5,-5.00,04/23/2026 16:53:19 GMT,04/23/2026 20:10:00 GMT,2026-04-23T16:53:19.132Z,2026-04-23T20:10:00.000Z,Over 0.5 Kevin McGonigle Singles DET vs. MIL | Under 2.5 JR Ritchie Earned Runs Allowed ATL vs. WSH | Over 1.5 Alex Bregman Hits+Runs+RBIs CHC vs. PHI,,Baseball,MLB
69ea4d91ddbb9a4619091122,Betr Picks,parlay,SETTLED_LOSS,6,,,15,-15.00,04/23/2026 16:49:21 GMT,04/24/2026 02:54:52 GMT,2026-04-23T16:49:21.387Z,2026-04-24T02:54:52.378Z,Under 10.5 Jalen Brunson AST+REB NY vs. ATL | Over 5.5 Jacob deGrom Pitching Strikeouts PIT vs. TEX | Over 1.5 Ty France Hits + Runs + Runs Batted In SD vs. COL,,Basketball | Baseball,NBA | MLB
adebde6b-ec20-47aa-b8a0-58a6c6407b12,Underdog,parlay,SETTLED_WIN,35.88,,,5,174.40,04/23/2026 16:39:25 GMT,04/24/2026 02:30:00 GMT,2026-04-23T16:39:25.000Z,2026-04-24T02:30:00.000Z,Higher 0.5 Jazz Chisholm Jr. Home Runs O/U NYY @ BOS | Lower 1.5 Warren Foegele Shots on Goal O/U CAR @ OTT | Lower 2.5 Sebastian Aho Shots on Goal O/U CAR @ OTT,,Baseball | Ice Hockey,MLB | NHL
69ea3f2d39bd57c28840f0a0,Betr Picks,parlay,SETTLED_LOSS,6,,,10,-10.00,04/23/2026 15:47:57 GMT,04/24/2026 02:49:13 GMT,2026-04-23T15:47:57.868Z,2026-04-24T02:49:13.120Z,Over 15.5 OG Anunoby Points NY vs. ATL | Over 29.5 Donovan Mitchell PTS+REB CLE vs. TOR | Over 0.5 Javier Báez Strikeouts MIL vs. DET,,Basketball | Baseball,NBA | MLB
019dbae9-5dbc-75d9-aa6c-3f62efc2e812,Dabble,parlay,SETTLED_LOSS,10,,,10,-10.00,04/23/2026 15:15:49 GMT,04/23/2026 21:23:56 GMT,2026-04-23T15:15:49.247Z,2026-04-23T21:23:56.916Z,Under 1.5 Alek Thomas hits + runs + rbis Chicago White Sox @ Arizona Diamondbacks | Under 1.5 Luke Keaschall hits + runs + rbis Minnesota Twins @ New York Mets | Over 0.5 Kyle Schwarber runs Philadelphia Phillies @ Chicago Cubs | Over 28.5 Nikola Jokic points Denver Nuggets @ Minnesota Timberwolves,,Baseball | Basketball,MLB | NBA
019dbae4-605d-744b-9473-bc12d394f3e8,Dabble,parlay,SETTLED_WIN,6,,,10,50.00,04/23/2026 15:10:22 GMT,04/24/2026 04:08:41 GMT,2026-04-23T15:10:22.219Z,2026-04-24T04:08:41.234Z,Over 7.5 Collin Murray-Boyles assists + rebounds Cleveland Cavaliers @ Toronto Raptors | Over 19.5 Jonathan Kuminga assists + points + rebounds New York Knicks @ Atlanta Hawks | Over 17.5 Donte DiVincenzo assists + points + rebounds Denver Nuggets @ Minnesota Timberwolves,,Basketball,NBA
69ea35e28290eec905e6eeaa,Betr Picks,parlay,SETTLED_LOSS,6,,,10,-10.00,04/23/2026 15:08:18 GMT,04/24/2026 04:33:38 GMT,2026-04-23T15:08:18.857Z,2026-04-24T04:33:38.074Z,Over 1.5 Nikola Jokić 3PT Made DEN vs. MIN | Over 10.5 Donte DiVincenzo Points DEN vs. MIN | Over 31.5 Anthony Edwards PTS+REB DEN vs. MIN,,Basketball,NBA
69ea339f1501bcdb814f56a6,Betr Picks,parlay,SETTLED_LOSS,6,,,5,-5.00,04/23/2026 14:58:39 GMT,04/24/2026 02:50:09 GMT,2026-04-23T14:58:39.304Z,2026-04-24T02:50:09.422Z,Under 4.5 James Harden Rebounds CLE vs. TOR | Under 0.5 Brandon Marsh Singles PHI vs. CHC | Under 2.5 Nikolaj Ehlers Shots on goal CAR vs. OTT,,Basketball | Baseball | Ice Hockey,NBA | MLB | NHL
1583596593,PrizePicks,round_robin_3,SETTLED_LOSS,6,,,5,-5.00,04/23/2026 14:54:19 GMT,04/23/2026 21:20:00 GMT,2026-04-23T14:54:19.061Z,2026-04-23T21:20:00.000Z,Under 4.5 Christian Scott Pitcher Strikeouts NYM vs. MIN | Over 1.5 Kyle Schwarber Hits+Runs+RBIs PHI vs. CHC | Over 6.5 Robert Williams Rebounds POR vs. SAS,,Baseball | Basketball,MLB | NBA
69ea31bf8290eec905e6edbd,Betr Picks,parlay,SETTLED_LOSS,6,,,10,-10.00,04/23/2026 14:50:39 GMT,04/24/2026 04:33:41 GMT,2026-04-23T14:50:39.192Z,2026-04-24T04:33:41.527Z,Over 0.5 Nikola Jokić PTS+REB DEN vs. MIN | Over 1.5 Geraldo Perdomo Hits + Runs + Runs Batted In CHW vs. ARI | Over 1.5 James Wood Hits + Runs + Runs Batted In ATL vs. WSH,,Basketball | Baseball,NBA | MLB
76ff2d24-fa19-4986-a7d8-c4c8ff070d0d,Underdog,parlay,SETTLED_LOSS,16.34,,,10,-10.00,04/23/2026 14:47:34 GMT,04/24/2026 02:00:00 GMT,2026-04-23T14:47:34.000Z,2026-04-24T02:00:00.000Z,Lower 10.5 Jalen Brunson Rebounds + Assists O/U NYK @ ATL | Lower 16.5 Jalen Johnson Rebounds + Assists O/U NYK @ ATL | Lower 1.5 Evan Mobley Blocks O/U CLE @ TOR | Lower 12.5 Rudy Gobert Rebounds + Assists O/U DEN @ MIN,,Basketball,NBA
9b27ca46-b327-43f6-90c2-1e2daabb8cf8,Kalshi,straight,SETTLED_WIN,4.2,,,5,16.00,04/23/2026 03:35:05 GMT,04/23/2026 06:02:13 GMT,2026-04-23T03:35:05.285Z,2026-04-23T06:02:13.176Z,DAL Stars Dallas at Minnesota Game 3,,Ice Hockey,NHL
1352845377778229249,Sleeper,parlay,SETTLED_LOSS,5.39,,,10,-10.00,04/23/2026 00:59:42 GMT,04/23/2026 03:59:42 GMT,2026-04-23T00:59:42.017Z,2026-04-23T03:59:42.017Z,O 22.5 Jake Oettinger Saves DAL @ MIN | U 10.5 Jalen Williams Rebounds & Assists PHX @ OKC | O 14.5 Anthony Kay Outs CWS @ AZ,,Soccer | Basketball | Baseball,MLS | NBA | MLB
jKnLLBV,DK Pick6,round_robin_4,SETTLED_LOSS,12.441,,,10,-10.00,04/22/2026 23:00:00 GMT,04/23/2026 02:13:36 GMT,2026-04-22T23:00:00.000Z,2026-04-23T02:13:36.000Z,Over 9.5 Wendell Carter Jr. Points Orlando Magic vs. Detroit Pistons | Under 23.5 Devin Booker Points Phoenix Suns vs. Oklahoma City Thunder | Under 2.5 Anthony Black Assists Orlando Magic vs. Detroit Pistons | Over 9.5 Cason Wallace Pts + Rebs + Asts Phoenix Suns vs. Oklahoma City Thunder,,Basketball,NBA
69e93781b727fb1fcbdb1bda,Betr Picks,parlay,SETTLED_LOSS,6,,,10,-10.00,04/22/2026 21:02:57 GMT,04/23/2026 04:31:30 GMT,2026-04-22T21:02:57.813Z,2026-04-23T04:31:30.086Z,Over 1.5 Kyle Tucker Hits + Runs + Runs Batted In LAD vs. SF | Under 10.5 Shai Gilgeous-Alexander AST+REB PHO vs. OKC | Over 5.5 Shohei Ohtani Pitching Strikeouts LAD vs. SF,,Baseball | Basketball,MLB | NBA
69e9310a7702691103e60760,Betr Picks,parlay,SETTLED_LOSS,6,,,10,-10.00,04/22/2026 20:35:22 GMT,04/23/2026 04:07:24 GMT,2026-04-22T20:35:22.866Z,2026-04-23T04:07:24.737Z,Over 26.5 Paolo Banchero PTS+REB ORL vs. DET | Over 2.5 Ramón Laureano Hits + Runs + Runs Batted In SD vs. COL | Under 9.5 Anthony Black Points ORL vs. DET,,Basketball | Baseball,NBA | MLB
1352774614849159168,Sleeper,parlay,SETTLED_LOSS,5.26,,,10,-10.00,04/22/2026 20:18:30 GMT,04/22/2026 23:18:30 GMT,2026-04-22T20:18:30.818Z,2026-04-22T23:18:30.818Z,O 0.5 Shai Gilgeous-Alexander Points PHX @ OKC | O 17.5 Ausar Thompson Pts Reb Ast ORL @ DET | O 9.5 Wendell Carter Points ORL @ DET,,Basketball,NBA
c10865af-111f-446f-a4ba-b5e6d80fed47,Underdog,parlay,SETTLED_LOSS,7.27,,,11,-11.00,04/22/2026 20:05:17 GMT,04/23/2026 02:00:00 GMT,2026-04-22T20:05:17.000Z,2026-04-23T02:00:00.000Z,Lower 26.5 Franz Wagner Pts + Rebs + Asts O/U ORL @ DET | Higher 9.5 Wendell Carter Jr. Points O/U ORL @ DET | Lower 27.5 Chet Holmgren Pts + Rebs + Asts O/U PHX @ OKC,,Basketball,NBA
1582472857,PrizePicks,round_robin_3,SETTLED_LOSS,5.75,,,5,-5.00,04/22/2026 19:59:44 GMT,04/23/2026 02:13:00 GMT,2026-04-22T19:59:44.663Z,2026-04-23T02:13:00.000Z,Under 1.5 Shai Gilgeous-Alexander 3-PT Made OKC vs. PHX | Over 10.5 Jalen Duren Rebounds DET vs. ORL | Over 7.5 Jalen Green Rebs+Asts PHX vs. OKC,,Basketball,NBA
69e8fcea8a68232123662e6d,Betr Picks,parlay,SETTLED_WIN,6,,,10,50.00,04/22/2026 16:52:58 GMT,04/23/2026 01:35:43 GMT,2026-04-22T16:52:58.843Z,2026-04-23T01:35:43.853Z,Over 0.5 Mike Trout Hits + Runs + Runs Batted In TOR vs. LAA | Over 1.5 Michael Harris II Hits + Runs + Runs Batted In ATL vs. WSH | Over 1.5 Yordan Alvarez Hits + Runs + Runs Batted In HOU vs. CLE,,Baseball,MLB
019db5e8-7963-73e7-be2f-08f31a528b70,Dabble,parlay,SETTLED_LOSS,6,,,10,-10.00,04/22/2026 15:56:44 GMT,04/23/2026 01:52:02 GMT,2026-04-22T15:56:44.675Z,2026-04-23T01:52:02.197Z,Over 16.5 Dillon Brooks points Phoenix Suns @ Oklahoma City Thunder | Under 4.5 Duncan Robinson assists + rebounds Orlando Magic @ Detroit Pistons | Over 28.5 Jalen Williams assists + points + rebounds Phoenix Suns @ Oklahoma City Thunder,,Basketball,NBA
78f7ac43-0885-4b4a-8858-efda238ed507,Kalshi,straight,SETTLED_WIN,2.6,,,15,24.00,04/22/2026 01:22:11 GMT,04/22/2026 02:43:23 GMT,2026-04-22T01:22:11.060Z,2026-04-22T02:43:23.272Z,Portland Portland at San Antonio Game 2,,Basketball,NBA
1581361714,PrizePicks,parlay,SETTLED_LOSS,6,,,10,-10.00,04/22/2026 00:12:18 GMT,04/22/2026 04:30:00 GMT,2026-04-22T00:12:18.479Z,2026-04-22T04:30:00.000Z,Over 33.5 LeBron James Pts+Rebs+Asts LAL vs. HOU | Under 7.5 Amen Thompson Rebounds HOU vs. LAL | Over 1.5 Kyle Tucker Hits+Runs+RBIs LAD vs. SF,,Basketball | Baseball,NBA | MLB
BxVRr7V,DK Pick6,round_robin_4,SETTLED_LOSS,13,,,5,-5.00,04/21/2026 23:00:00 GMT,04/22/2026 05:27:19 GMT,2026-04-21T23:00:00.000Z,2026-04-22T05:27:19.379Z,Over 4.5 Toumani Camara Rebounds Portland Trail Blazers vs. San Antonio Spurs | Under 7.5 Amen Thompson Rebounds Houston Rockets vs. Los Angeles Lakers | Under 8.5 Alperen Sengun Rebounds Houston Rockets vs. Los Angeles Lakers | Under 6.5 Deni Avdija Assists Portland Trail Blazers vs. San Antonio Spurs,,Basketball,NBA
xzx9VL9,DK Pick6,round_robin_4,SETTLED_LOSS,9.97,,,10,-10.00,04/21/2026 23:00:00 GMT,04/22/2026 03:07:05 GMT,2026-04-21T23:00:00.000Z,2026-04-22T03:07:05.000Z,Under 43.5 Victor Wembanyama Pts + Rebs + Asts Portland Trail Blazers vs. San Antonio Spurs | Under 6.5 Robert Williams Points Portland Trail Blazers vs. San Antonio Spurs | Over 20.5 LeBron James Points Houston Rockets vs. Los Angeles Lakers | Under 4.5 Derrick White Rebounds Philadelphia 76ers vs. Boston Celtics,,Basketball,NBA
bPjRQQ7,DK Pick6,round_robin_4,SETTLED_WIN,6,,,10,50.00,04/21/2026 23:00:00 GMT,04/22/2026 03:07:05 GMT,2026-04-21T23:00:00.000Z,2026-04-22T03:07:05.000Z,Over 14.5 VJ Edgecombe Points Philadelphia 76ers vs. Boston Celtics | Under 5.5 Paul George Rebounds Philadelphia 76ers vs. Boston Celtics | Over 20.5 Donovan Clingan Pts + Rebs + Asts Portland Trail Blazers vs. San Antonio Spurs | Over 23.5 Victor Wembanyama Points Portland Trail Blazers vs. San Antonio Spurs,,Basketball,NBA
n8xQwdq,DK Pick6,round_robin_3,SETTLED_LOSS,6,,,10,-10.00,04/21/2026 23:00:00 GMT,04/22/2026 03:07:05 GMT,2026-04-21T23:00:00.000Z,2026-04-22T03:07:05.000Z,Over 2.5 Marcus Smart Rebounds Houston Rockets vs. Los Angeles Lakers | Over 6.5 Deni Avdija Assists Portland Trail Blazers vs. San Antonio Spurs | Over 22.5 Jaylen Brown Points Philadelphia 76ers vs. Boston Celtics,,Basketball,NBA
1352451073628971008,Sleeper,parlay,SETTLED_WIN,4.98,,,10,39.80,04/21/2026 22:52:52 GMT,04/22/2026 01:52:52 GMT,2026-04-21T22:52:52.580Z,2026-04-22T01:52:52.580Z,O 22.5 Tyrese Maxey Points PHI @ BOS | O 4.5 Sam Hauser Rebounds & Assists PHI @ BOS | O 6.5 LeBron James Rebounds HOU @ LAL,,Basketball,NBA
69e7f99a4593ffdf631a7562,Betr Picks,parlay,SETTLED_LOSS,6,,,5,-5.00,04/21/2026 22:26:34 GMT,04/22/2026 04:19:00 GMT,2026-04-21T22:26:34.663Z,2026-04-22T04:19:00.039Z,Over 1.5 Jackson Merrill Total Bases SD vs. COL | Over 0.5 Mickey Moniak Singles SD vs. COL | Under 1.5 Vaughn Grissom Hits + Runs + Runs Batted In TOR vs. LAA,,Baseball,MLB
1c78d3e5-9e6f-403a-84a7-526f5bd04399,Underdog,parlay,SETTLED_LOSS,9.25,,,10,-10.00,04/21/2026 22:24:25 GMT,04/22/2026 03:00:00 GMT,2026-04-21T22:24:25.000Z,2026-04-22T03:00:00.000Z,Lower 24.5 Derrick White Pts + Rebs + Asts O/U PHI @ BOS | Lower 18.5 Toumani Camara Pts + Rebs + Asts O/U POR @ SAS | Higher 14.5 Jabari Smith Jr. Points O/U HOU @ LAL,,Basketball,NBA
wZx7449,DK Pick6,round_robin_3,SETTLED_LOSS,6,,,5,-5.00,04/21/2026 22:10:00 GMT,04/22/2026 01:45:40 GMT,2026-04-21T22:10:00.000Z,2026-04-22T01:45:40.000Z,Over 1.5 Matt Olson Hits + Runs + RBIs Atlanta Braves vs. Washington Nationals | Over 1.5 Zach Neto Hits + Runs + RBIs Toronto Blue Jays vs. Los Angeles Angels | Under 5.5 Yoshinobu Yamamoto Strikeouts Thrown Los Angeles Dodgers vs. San Francisco Giants,,Baseball,MLB
mjxKb9Z,DK Pick6,round_robin_3,SETTLED_LOSS,6,,,10,-10.00,04/21/2026 22:10:00 GMT,04/22/2026 01:10:22 GMT,2026-04-21T22:10:00.000Z,2026-04-22T01:10:22.000Z,Under 0.5 Brice Matthews Hits Houston Astros vs. Cleveland Guardians | Under 4.5 Luis Gil Strikeouts Thrown New York Yankees vs. Boston Red Sox | Under 1.5 Taylor Ward Total Bases (From Hits) Baltimore Orioles vs. Kansas City Royals,,Baseball,MLB
1580861842,PrizePicks,parlay,SETTLED_LOSS,6,,,5,-5.00,04/21/2026 20:58:11 GMT,04/22/2026 01:10:00 GMT,2026-04-21T20:58:11.294Z,2026-04-22T01:10:00.000Z,Under 3.5 Ryan Weiss Pitcher Strikeouts HOU vs. CLE | Under 5.5 Stephon Castle Rebounds SAS vs. POR | Over 15.5 LeBron James Rebs+Asts LAL vs. HOU,,Baseball | Basketball,MLB | NBA
69e7e2b1936da5b7dd3f5e23,Betr Picks,parlay,SETTLED_LOSS,6,,,5,-5.00,04/21/2026 20:48:49 GMT,04/22/2026 04:53:27 GMT,2026-04-21T20:48:49.742Z,2026-04-22T04:53:27.103Z,Over 0.5 Carson Benge Hits MIN vs. NYM | Under 15.5 Randy Vásquez Total Outs Pitched SD vs. COL | Over 0.5 Cole Young Hits ATH vs. SEA,,Baseball,MLB
7535660b-dbba-4901-9754-523975152ba1,Underdog,parlay,SETTLED_LOSS,6.5,,,5,-5.00,04/21/2026 20:39:05 GMT,04/22/2026 01:45:00 GMT,2026-04-21T20:39:05.000Z,2026-04-22T01:45:00.000Z,Higher 1.5 Matt Olson Hits + Runs + RBIs O/U ATL @ WSH | Higher 1.5 Pete Alonso Hits + Runs + RBIs O/U BAL @ KC | Higher 0.5 Manny Machado Runs O/U SD @ COL,,Baseball,MLB
019db1c3-b63a-72f8-a7ff-fca88f9085d8,Dabble,parlay,SETTLED_WIN,6,,,5,25.00,04/21/2026 20:38:06 GMT,04/22/2026 03:23:13 GMT,2026-04-21T20:38:06.601Z,2026-04-22T03:23:13.836Z,Under 7.5 Stephon Castle assists Portland Trail Blazers @ San Antonio Spurs | Over 9.5 Scoot Henderson points Portland Trail Blazers @ San Antonio Spurs | Over 0.5 Pete Crow-Armstrong hits Philadelphia Phillies @ Chicago Cubs,,Basketball | Baseball,NBA | MLB
1580811701,PrizePicks,parlay,SETTLED_LOSS,6,,,10,-10.00,04/21/2026 20:29:25 GMT,04/22/2026 03:05:00 GMT,2026-04-21T20:29:25.835Z,2026-04-22T03:05:00.000Z,Over 4 Yoshinobu Yamamoto Pitcher Strikeouts LAD vs. SF | Over 7.5 Payton Pritchard Rebs+Asts BOS vs. PHI | Under 4.5 Carmen Mlodzinski Pitcher Strikeouts PIT vs. TEX,,Baseball | Basketball,MLB | NBA
69e7db67a212a869e8cf5b21,Betr Picks,parlay,SETTLED_LOSS,6,,,10,-10.00,04/21/2026 20:17:43 GMT,04/22/2026 03:05:17 GMT,2026-04-21T20:17:43.474Z,2026-04-22T03:05:17.011Z,Over 4.5 Derrick White Assists PHI vs. BOS | Over 27.5 Stephon Castle Pts+Rebs+Asst POR vs. SA | Under 6.5 Jaylen Brown Rebounds PHI vs. BOS,,Basketball,NBA
69e7cf9e4593ffdf631a7184,Betr Picks,parlay,SETTLED_LOSS,6,,,10,-10.00,04/21/2026 19:27:26 GMT,04/22/2026 05:35:48 GMT,2026-04-21T19:27:26.071Z,2026-04-22T05:35:48.115Z,Under 3.5 Paul George Assists PHI vs. BOS | Over 4.5 Julian Champagnie Rebounds POR vs. SA | Over 30.5 LeBron James PTS+AST HOU vs. LAL,,Basketball,NBA
39e1b511-6b6b-43e5-b609-381f00c1d3c5,Kalshi,straight,SETTLED_LOSS,4.320987654320987,,,4.86,-4.86,04/21/2026 18:58:16 GMT,04/21/2026 19:43:42 GMT,2026-04-21T18:58:16.641Z,2026-04-21T19:43:42.995Z,Mitchell Antonius — No Will Mitchell Krueger win the : Round Of 32 match Antonius at Krueger,,Tennis,TENNIS
3b951155-c67a-44b0-9fc8-d3b7c555d488,Kalshi,straight,SETTLED_WIN,1.7811704834605595,,,11.790000000000001,9.21,04/21/2026 18:48:43 GMT,04/21/2026 19:43:42 GMT,2026-04-21T18:48:43.938Z,2026-04-21T19:43:42.995Z,Mitchell Krueger Will Mitchell Krueger win the : Round Of 32 match Antonius at Krueger,,Tennis,TENNIS
428693a6-6835-41b6-98ca-e2e900c4ab68,Kalshi,straight,SETTLED_LOSS,2.8138528138528134,,,4.62,-4.62,04/21/2026 17:49:39 GMT,04/21/2026 18:28:22 GMT,2026-04-21T17:49:39.590Z,2026-04-21T18:28:22.988Z,Sloane Stephens Will Sloane Stephens win the : Qualification Round 2 match Stephens at Kalinina,,Tennis,TENNIS
5f0d0ad1-6b79-4192-804b-eee7cc0258a8,Kalshi,straight,SETTLED_LOSS,2.2,,,5,-5.00,04/21/2026 17:44:57 GMT,04/21/2026 18:28:22 GMT,2026-04-21T17:44:57.693Z,2026-04-21T18:28:22.988Z,Sloane Stephens Will Sloane Stephens win the : Qualification Round 2 match Stephens at Kalinina,,Tennis,TENNIS
0bd133c7-0bbe-4ff5-9c4c-3956dbc987fd,Kalshi,straight,SETTLED_LOSS,1.7293997965412005,,,9.83,-9.83,04/21/2026 17:38:33 GMT,04/21/2026 18:28:22 GMT,2026-04-21T17:38:33.679Z,2026-04-21T18:28:22.988Z,Sloane Stephens Will Sloane Stephens win the : Qualification Round 2 match Stephens at Kalinina,,Tennis,TENNIS
69e7b1fb2cad3d7be9262e37,Betr Picks,parlay,SETTLED_LOSS,4,,,10,-10.00,04/21/2026 17:20:59 GMT,04/22/2026 05:38:27 GMT,2026-04-21T17:20:59.340Z,2026-04-22T05:38:27.489Z,Over 17.5 Neemias Queta PTS+REB PHI vs. BOS | Over 30.5 Jayson Tatum PTS+REB PHI vs. BOS | Over 13.5 Rui Hachimura Points HOU vs. LAL,,Basketball,NBA
1580442280,PrizePicks,round_robin_3,SETTLED_LOSS,3,,,10,-10.00,04/21/2026 16:20:46 GMT,04/22/2026 03:10:00 GMT,2026-04-21T16:20:46.625Z,2026-04-22T03:10:00.000Z,Over 23.5 Victor Wembanyama Points SAS vs. POR | Over 19.5 Marcus Smart Pts+Rebs+Asts LAL vs. HOU | Over 13.5 Deni Avdija Rebs+Asts POR vs. SAS,,Basketball,NBA
1580382348,PrizePicks,parlay,SETTLED_LOSS,6,,,5,-5.00,04/21/2026 15:12:30 GMT,04/22/2026 02:10:00 GMT,2026-04-21T15:12:30.344Z,2026-04-22T02:10:00.000Z,Over 1.5 Nikola Vučević Assists BOS vs. PHI | Over 4.5 Merrill Kelly Pitcher Strikeouts AZ vs. CWS | Over 17.5 Dillon Brooks Pts+Asts PHX vs. OKC,,Basketball | Baseball,NBA | MLB
69e7911c144a48fb0e594718,Betr Picks,parlay,SETTLED_WIN,6,,,15,75.00,04/21/2026 15:00:44 GMT,04/22/2026 04:30:29 GMT,2026-04-21T15:00:44.010Z,2026-04-22T04:30:29.693Z,Over 0.5 Josh Smith Hits PIT vs. TEX | Over 4.5 Yoshinobu Yamamoto Pitching Strikeouts LAD vs. SF | Under 0.5 Marcus Semien Total Bases MIN vs. NYM,,Baseball,MLB
019db08b-a0d1-747b-9d8e-075e0fd51510,Dabble,parlay,SETTLED_LOSS,6.6,,,5,-5.00,04/21/2026 14:57:13 GMT,04/22/2026 01:41:32 GMT,2026-04-21T14:57:13.894Z,2026-04-22T01:41:32.445Z,Over 3.5 Luke Kornet rebounds Portland Trail Blazers @ San Antonio Spurs | Over 1.5 VJ Edgecombe three-made Philadelphia 76ers @ Boston Celtics | Over 8.5 Paul George assists + rebounds Philadelphia 76ers @ Boston Celtics,,Basketball,NBA
019dad2d-d726-7532-bc70-4c9078aa93b9,Dabble,parlay,SETTLED_LOSS,6,,,10,-10.00,04/20/2026 23:15:55 GMT,04/21/2026 05:31:59 GMT,2026-04-20T23:15:55.756Z,2026-04-21T05:31:59.023Z,Under 4.5 Jaden McDaniels rebounds Minnesota Timberwolves @ Denver Nuggets | Over 3.5 Cameron Johnson rebounds Minnesota Timberwolves @ Denver Nuggets | Under 17.5 Donte DiVincenzo assists + points + rebounds Minnesota Timberwolves @ Denver Nuggets,,Basketball,NBA
69e6b2d8d958f12f46a7a7b1,Betr Picks,parlay,SETTLED_LOSS,6,,,5,-5.00,04/20/2026 23:12:24 GMT,04/21/2026 05:39:47 GMT,2026-04-20T23:12:24.462Z,2026-04-21T05:39:47.777Z,Over 7.5 Josh Hart Rebounds ATL vs. NY | Over 14.5 Jaden McDaniels Points MIN vs. DEN | Over 11.5 Karl-Anthony Towns Rebounds ATL vs. NY,,Basketball,NBA
qrxVyQr,DK Pick6,round_robin_3,SETTLED_LOSS,6,,,10,-10.00,04/20/2026 23:00:00 GMT,04/21/2026 03:09:41 GMT,2026-04-20T23:00:00.000Z,2026-04-21T03:09:41.000Z,Under 2.5 Jalen Brunson 3-Pointers Made Atlanta Hawks vs. New York Knicks | Under 1.5 Karl-Anthony Towns 3-Pointers Made Atlanta Hawks vs. New York Knicks | Under 10.5 Tim Hardaway Jr. Points Minnesota Timberwolves vs. Denver Nuggets,,Basketball,NBA
DRPMBKK,DK Pick6,round_robin_3,SETTLED_LOSS,6,,,5,-5.00,04/20/2026 23:00:00 GMT,04/21/2026 02:13:02 GMT,2026-04-20T23:00:00.000Z,2026-04-21T02:13:02.000Z,Under 1.5 Ja'Kobe Walter 3-Pointers Made Toronto Raptors vs. Cleveland Cavaliers | Under 27.5 Jalen Brunson Points Atlanta Hawks vs. New York Knicks | Under 42.5 Nikola Jokic Points + Rebounds Minnesota Timberwolves vs. Denver Nuggets,,Basketball,NBA
WnQM49n,DK Pick6,round_robin_4,SETTLED_LOSS,13,,,10,-10.00,04/20/2026 23:00:00 GMT,04/21/2026 02:13:02 GMT,2026-04-20T23:00:00.000Z,2026-04-21T02:13:02.000Z,Over 1.5 RJ Barrett 3-Pointers Made Toronto Raptors vs. Cleveland Cavaliers | Under 24.5 Dyson Daniels Pts + Rebs + Asts Atlanta Hawks vs. New York Knicks | Over 8.5 Max Strus Points Toronto Raptors vs. Cleveland Cavaliers | Under 4.5 Jamal Murray Rebounds Minnesota Timberwolves vs. Denver Nuggets,,Basketball,NBA
VnKQ5Dr,DK Pick6,round_robin_3,SETTLED_LOSS,9.9,,,10,-10.00,04/20/2026 23:00:00 GMT,04/21/2026 02:13:02 GMT,2026-04-20T23:00:00.000Z,2026-04-21T02:13:02.000Z,Under 11.5 Dyson Daniels Points Atlanta Hawks vs. New York Knicks | Under 11.5 Rudy Gobert Rebounds Minnesota Timberwolves vs. Denver Nuggets | Under 29.5 Evan Mobley Pts + Rebs + Asts Toronto Raptors vs. Cleveland Cavaliers,,Basketball,NBA
019dac8e-9757-7742-9f29-ffe8168d1bb1,Dabble,parlay,SETTLED_LOSS,6,,,5,-5.00,04/20/2026 20:21:59 GMT,04/21/2026 01:43:08 GMT,2026-04-20T20:21:59.189Z,2026-04-21T01:43:08.020Z,Under 17.5 Dylan Cease outs Toronto Blue Jays @ Los Angeles Angels | Over 14.5 Jakob Poeltl points + rebounds Toronto Raptors @ Cleveland Cavaliers | Under 4.5 Julius Randle assists Minnesota Timberwolves @ Denver Nuggets,,Baseball | Basketball,MLB | NBA
1579160010,PrizePicks,parlay,SETTLED_LOSS,6,,,5,-5.00,04/20/2026 20:19:36 GMT,04/21/2026 01:45:00 GMT,2026-04-20T20:19:36.964Z,2026-04-21T01:45:00.000Z,Under 6 Keon Ellis Pts+Rebs+Asts CLE vs. TOR | Over 0.5 Brice Matthews Hits+Runs+RBIs HOU vs. CLE | Under 0.5 Drake Baldwin Runs ATL vs. WSH,,Basketball | Baseball,NBA | MLB
019dac83-3ce0-75bc-bb1f-a13abc7c1b72,Dabble,parlay,SETTLED_LOSS,6,,,5,-5.00,04/20/2026 20:09:35 GMT,04/21/2026 01:16:55 GMT,2026-04-20T20:09:35.151Z,2026-04-21T01:16:55.928Z,Over 0.5 Jorge Mateo hits Atlanta Braves @ Washington Nationals | Under 24.5 Karl-Anthony Towns assists + points Atlanta Hawks @ New York Knicks | Over 0.5 Lawrence Butler hits Athletics @ Seattle Mariners,,Baseball | Basketball,MLB | NBA
32dd2759-3bb0-4311-8602-d655265c2ef6,Underdog,parlay,SETTLED_LOSS,6.5,,,7.1,-7.10,04/20/2026 20:08:02 GMT,04/22/2026 02:00:00 GMT,2026-04-20T20:08:02.000Z,2026-04-22T02:00:00.000Z,Higher 18.5 Christian Braun Pts + Rebs + Asts O/U MIN @ DEN | Higher 6.5 Julius Randle Rebounds O/U MIN @ DEN | Lower 16.5 Andre Drummond Pts + Rebs + Asts O/U PHI @ BOS,,Basketball,NBA
69e68736c932b18d6dd8bf69,Betr Picks,parlay,SETTLED_WIN,6,,,20,100.00,04/20/2026 20:06:14 GMT,04/21/2026 04:40:48 GMT,2026-04-20T20:06:14.186Z,2026-04-21T04:40:48.532Z,Over 1.5 Michael Harris II Hits + Runs + Runs Batted In ATL vs. WSH | Under 0.5 Mikal Bridges Blocks ATL vs. NY | Over 6.5 Dylan Cease Pitching Strikeouts TOR vs. LAA,,Baseball | Basketball,MLB | NBA
69e674a6cae1826cf0c59865,Betr Picks,parlay,SETTLED_LOSS,6,,,10,-10.00,04/20/2026 18:47:02 GMT,04/21/2026 05:39:50 GMT,2026-04-20T18:47:02.976Z,2026-04-21T05:39:50.179Z,Over 9.5 Onyeka Okongwu AST+REB ATL vs. NY | Over 17.5 Jaden McDaniels PTS+AST MIN vs. DEN | Over 29.5 Jamal Murray PTS+AST MIN vs. DEN,,Basketball,NBA
063b9a9b-8cff-4ea5-a18e-259902dd4a93,Underdog,parlay,SETTLED_LOSS,8.63,,,15,-15.00,04/20/2026 18:43:55 GMT,04/21/2026 03:00:00 GMT,2026-04-20T18:43:55.000Z,2026-04-21T03:00:00.000Z,Higher 15.5 OG Anunoby Points O/U ATL @ NYK | Lower 6.5 Jamal Murray Assists O/U MIN @ DEN | Higher 11.5 Rudy Gobert Rebounds O/U MIN @ DEN,,Basketball,NBA
1578998297,PrizePicks,parlay,SETTLED_LOSS,6,,,8,-8.00,04/20/2026 18:27:09 GMT,04/21/2026 02:12:00 GMT,2026-04-20T18:27:09.931Z,2026-04-21T02:12:00.000Z,Over 2.5 Dylan Harper Rebounds SAS vs. POR | Under 6.5 Mikal Bridges Rebs+Asts NYK vs. ATL | Under 32.5 James Harden Pts+Rebs+Asts CLE vs. TOR,,Basketball,NBA
cc1c4f1f-5bce-48d2-9ef3-d29968271b48,Underdog,parlay,SETTLED_LOSS,3.5,,,5,-5.00,04/20/2026 18:24:29 GMT,04/21/2026 03:00:00 GMT,2026-04-20T18:24:29.000Z,2026-04-21T03:00:00.000Z,Higher 3.5 Dean Wade Rebounds O/U TOR @ CLE | Lower 34.5 Jalen Brunson Points + Assists O/U ATL @ NYK,,Basketball,NBA
69e66085c932b18d6dd8bce4,Betr Picks,parlay,SETTLED_LOSS,6,,,10,-10.00,04/20/2026 17:21:09 GMT,04/21/2026 02:59:15 GMT,2026-04-20T17:21:09.685Z,2026-04-21T02:59:15.466Z,Over 12.5 Dyson Daniels AST+REB ATL vs. NY | Over 11.5 Evan Mobley AST+REB TOR vs. CLE | Over 31.5 Jalen Brunson PTS+AST ATL vs. NY,,Basketball,NBA
69e654c913d3e31fd0befc43,Betr Picks,parlay,SETTLED_LOSS,6,,,10,-10.00,04/20/2026 16:31:05 GMT,04/21/2026 05:36:53 GMT,2026-04-20T16:31:05.889Z,2026-04-21T05:36:53.182Z,Over 25.5 James Harden PTS+AST TOR vs. CLE | Over 0.5 Nikola Jokić Triple Doubles MIN vs. DEN | Under 17.5 Michael McGreevy Total Outs Pitched STL vs. MIA,,Basketball | Baseball,NBA | MLB
KQdDWj7,DK Pick6,round_robin_3,SETTLED_LOSS,7.8,,,10,-10.00,04/20/2026 15:10:00 GMT,04/21/2026 01:40:53 GMT,2026-04-20T15:10:00.000Z,2026-04-21T01:40:53.000Z,Under 5.5 Seth Lugo Strikeouts Thrown Baltimore Orioles vs. Kansas City Royals | Under 1.5 Xavier Edwards Total Bases (From Hits) St. Louis Cardinals vs. Miami Marlins | Under 1.5 TJ Rumfield Hits + Runs + RBIs Los Angeles Dodgers vs. Colorado Rockies,,Baseball,MLB
019dab33-e661-77c0-bc40-f33fbc9ff236,Dabble,parlay,SETTLED_WIN,6,,,5,25.00,04/20/2026 14:03:18 GMT,04/21/2026 05:16:47 GMT,2026-04-20T14:03:18.443Z,2026-04-21T05:16:47.909Z,Under 2.5 Spencer Arrighetti earned-runs Houston Astros @ Cleveland Guardians | Under 2.5 Mikko Rantanen shots Minnesota Wild @ Dallas Stars | Under 2.5 J.T. Ginn walks Athletics @ Seattle Mariners,,Baseball | Ice Hockey,MLB | NHL
9707906d-0cc2-4723-b663-bd8bb7e94d62,Kalshi,straight,SETTLED_WIN,2.4,,,5,7.00,04/20/2026 03:46:04 GMT,04/20/2026 05:05:44 GMT,2026-04-20T03:46:04.026Z,2026-04-20T05:05:44.469Z,VGK Golden Knights Utah at Vegas Game 1,,Ice Hockey,NHL
69e54ec537056029620febe0,Betr Picks,parlay,SETTLED_LOSS,6,,,10,-10.00,04/19/2026 21:53:09 GMT,04/20/2026 02:36:30 GMT,2026-04-19T21:53:09.774Z,2026-04-20T02:36:30.576Z,Over 33.5 Cade Cunningham PTS+AST ORL vs. DET | Under 26.5 Paolo Banchero PTS+AST ORL vs. DET | Over 0.5 Ronald Acuña Jr. Singles ATL vs. PHI,,Basketball | Baseball,NBA | MLB
f5e6872c-b252-4293-9a6c-ae8d02af857d,Kalshi,straight,SETTLED_WIN,2.2271714922049,,,8.979999999999999,11.02,04/19/2026 20:20:27 GMT,04/19/2026 23:02:24 GMT,2026-04-19T20:20:27.421Z,2026-04-19T23:02:24.381Z,New York Y -1.5 runs Spread Kansas City vs New York Y,,Baseball,MLB
1577698781,PrizePicks,parlay,SETTLED_LOSS,40,,,5,-5.00,04/19/2026 19:29:16 GMT,04/20/2026 01:35:00 GMT,2026-04-19T19:29:16.384Z,2026-04-20T01:35:00.000Z,Under 28.5 Devin Booker Pts+Asts PHX vs. OKC | Under 26.5 Paolo Banchero Pts+Asts ORL vs. DET | Under 22.5 Jalen Duren Pts+Asts DET vs. ORL | Over 2.5 Anthony Black Rebounds ORL vs. DET | Under 16.5 Keldon Johnson Pts+Rebs+Asts SAS vs. POR | Over 17.5 Jaden McDaniels Pts+Asts MIN vs. DEN,,Basketball,NBA
019da706-bf4f-742e-8d5a-1111e581999b,Dabble,parlay,SETTLED_WIN,6,,,10,20.00,04/19/2026 18:35:30 GMT,04/20/2026 01:22:30 GMT,2026-04-19T18:35:30.459Z,2026-04-20T01:22:30.322Z,Over 7.5 Jordan Goodwin assists + rebounds Phoenix Suns @ Oklahoma City Thunder | Over 10.5 Luguentz Dort assists + points + rebounds Phoenix Suns @ Oklahoma City Thunder | Under 31.5 Jalen Duren points + rebounds Orlando Magic @ Detroit Pistons,,Basketball,NBA
1351659016811454464,Sleeper,parlay,SETTLED_LOSS,5.36,,,10,-10.00,04/19/2026 18:25:31 GMT,04/19/2026 21:25:31 GMT,2026-04-19T18:25:31.520Z,2026-04-19T21:25:31.520Z,O 23.5 Victor Wembanyama Points POR @ SAS | U 7.5 Desmond Bane Rebounds & Assists ORL @ DET | O 7.5 Jalen Green Rebounds & Assists PHX @ OKC,,Basketball,NBA
1351658711696838656,Sleeper,parlay,SETTLED_PUSH,5.29,,,10,0.00,04/19/2026 18:24:18 GMT,04/19/2026 21:24:18 GMT,2026-04-19T18:24:18.774Z,2026-04-19T21:24:18.774Z,O 23.5 Victor Wembanyama Points POR @ SAS | O 2.5 Anthony Black Rebounds ORL @ DET | U 7.5 Desmond Bane Rebounds & Assists ORL @ DET,,Basketball,NBA
69e51d52af55c4d9867ed4b8,Betr Picks,parlay,SETTLED_LOSS,6,,,5,-5.00,04/19/2026 18:22:10 GMT,04/20/2026 01:17:37 GMT,2026-04-19T18:22:10.654Z,2026-04-20T01:17:37.067Z,Under 3.5 Desmond Bane Assists ORL vs. DET | Over 1.5 Devin Booker 3PT Made PHO vs. OKC | Over 0.5 Xander Bogaerts Singles SD vs. LAA,,Basketball | Baseball,NBA | MLB
019da6f8-a7f0-71e8-ac9e-8b67310512c2,Dabble,parlay,SETTLED_LOSS,6,,,10,-10.00,04/19/2026 18:20:06 GMT,04/19/2026 22:36:10 GMT,2026-04-19T18:20:06.980Z,2026-04-19T22:36:10.381Z,Under 6.5 Oso Ighodaro rebounds Phoenix Suns @ Oklahoma City Thunder | Over 11.5 Jerami Grant points Portland Trail Blazers @ San Antonio Spurs | Under 5.5 Ryne Nelson hits-allowed Toronto Blue Jays @ Arizona Diamondbacks,,Basketball | Baseball,NBA | MLB
rYGbmxr,DK Pick6,round_robin_3,SETTLED_LOSS,6,,,5,-5.00,04/19/2026 17:00:00 GMT,04/19/2026 22:46:15 GMT,2026-04-19T17:00:00.000Z,2026-04-19T22:46:15.000Z,Under 15.5 Scoot Henderson Pts + Rebs + Asts Portland Trail Blazers vs. San Antonio Spurs | Under 10.5 Anthony Black Points Orlando Magic vs. Detroit Pistons | Over 8.5 Chet Holmgren Rebounds Phoenix Suns vs. Oklahoma City Thunder,,Basketball,NBA
7MW7dNB,DK Pick6,round_robin_3,SETTLED_WIN,6,,,5,25.00,04/19/2026 17:00:00 GMT,04/20/2026 04:17:50 GMT,2026-04-19T17:00:00.000Z,2026-04-20T04:17:50.000Z,Under 1.5 Jerami Grant 3-Pointers Made Portland Trail Blazers vs. San Antonio Spurs | Under 26.5 Jrue Holiday Pts + Rebs + Asts Portland Trail Blazers vs. San Antonio Spurs | Under 8.5 Neemias Queta Rebounds Philadelphia 76ers vs. Boston Celtics,,Basketball,NBA
YrMZx4p,DK Pick6,round_robin_3,SETTLED_WIN,6,,,10,50.00,04/19/2026 17:00:00 GMT,04/20/2026 04:17:50 GMT,2026-04-19T17:00:00.000Z,2026-04-20T04:17:50.000Z,Under 19.5 Neemias Queta Pts + Rebs + Asts Philadelphia 76ers vs. Boston Celtics | Under 18.5 Ausar Thompson Pts + Rebs + Asts Orlando Magic vs. Detroit Pistons | Under 16.5 Jrue Holiday Points Portland Trail Blazers vs. San Antonio Spurs,,Basketball,NBA
baf39269-2116-42a9-a4f2-3a5a2c329a77,Underdog,parlay,SETTLED_WIN,5.39,,,5,12.50,04/19/2026 15:14:49 GMT,04/19/2026 22:30:00 GMT,2026-04-19T15:14:49.000Z,2026-04-19T22:30:00.000Z,Higher 2.5 Dominick Barlow Rebounds O/U PHI @ BOS | Higher 15.5 Chet Holmgren Points O/U PHX @ OKC | Higher 6.5 Mark Williams Rebounds O/U PHX @ OKC,,Basketball,NBA
1577144831,PrizePicks,round_robin_3,SETTLED_WIN,3.3,,,10,23.00,04/19/2026 15:11:54 GMT,04/19/2026 22:47:00 GMT,2026-04-19T15:11:54.321Z,2026-04-19T22:47:00.000Z,Over 3.5 Devin Booker Rebounds PHX vs. OKC | Over 3.5 Grayson Allen Rebs+Asts PHX vs. OKC | Over 6.5 Nikola Vučević Rebs+Asts BOS vs. PHI,,Basketball,NBA
69e4f044259b52cf30e6e416,Betr Picks,parlay,SETTLED_LOSS,6,,,5,-5.00,04/19/2026 15:09:56 GMT,04/19/2026 23:08:09 GMT,2026-04-19T15:09:56.111Z,2026-04-19T23:08:09.679Z,Over 0.5 Ryan McMahon Hits + Runs + Runs Batted In KC vs. NYY | Over 0.5 Yordan Alvarez Runs STL vs. HOU | Over 15.5 Mike Burrows Total Outs Pitched STL vs. HOU,,Baseball,MLB
69e4ee7ea9b684cdd8bda2be,Betr Picks,parlay,SETTLED_WIN,6,,,10,50.00,04/19/2026 15:02:22 GMT,04/20/2026 03:55:31 GMT,2026-04-19T15:02:22.888Z,2026-04-20T03:55:31.521Z,Over 3.5 Keldon Johnson Rebounds POR vs. SA | Over 9.5 Jayson Tatum Rebounds PHI vs. BOS | Over 25.5 Victor Wembanyama Points POR vs. SA,,Basketball,NBA
4bab62dd-4f1a-4fbe-a0c7-38c744716007,Underdog,parlay,SETTLED_LOSS,8.15,,,15,-15.00,04/19/2026 15:00:23 GMT,04/20/2026 01:26:43 GMT,2026-04-19T15:00:23.000Z,2026-04-20T01:26:43.443Z,Lower 22.5 Paul George Points + Assists O/U PHI @ BOS | Higher 10.5 Shai Gilgeous-Alexander Rebounds + Assists O/U PHX @ OKC | Lower 27.5 Desmond Bane Pts + Rebs + Asts O/U ORL @ DET,,Basketball,NBA
1577125253,PrizePicks,parlay,SETTLED_LOSS,6.6,,,5,-5.00,04/19/2026 14:58:46 GMT,04/19/2026 21:10:00 GMT,2026-04-19T14:58:46.560Z,2026-04-19T21:10:00.000Z,Under 3.5 Shohei Ohtani Hits+Runs+RBIs LAD vs. COL | Over 0.5 Carlos Correa Singles HOU vs. STL | Under 37.5 Deni Avdija Pts+Rebs+Asts POR vs. SAS,,Baseball | Basketball,MLB | NBA
69e4ec297eac2063c6f6401a,Betr Picks,parlay,SETTLED_LOSS,6,,,15,-15.00,04/19/2026 14:52:25 GMT,04/20/2026 03:55:32 GMT,2026-04-19T14:52:25.096Z,2026-04-20T03:55:32.042Z,Over 0.5 Garrett Mitchell Hits MIL vs. MIA | Over 0.5 Dansby Swanson Total Bases NYM vs. CHC | Over 27.5 Deni Avdija PTS+AST POR vs. SA,,Baseball | Basketball,MLB | NBA
69e4eb07e2b23a5cb4e05b52,Betr Picks,parlay,SETTLED_LOSS,6,,,10,-10.00,04/19/2026 14:47:35 GMT,04/20/2026 03:55:56 GMT,2026-04-19T14:47:35.661Z,2026-04-20T03:55:56.067Z,Over 18.5 VJ Edgecombe PTS+REB PHI vs. BOS | Over 5.5 De'Aaron Fox Assists POR vs. SA | Over 9.5 Neemias Queta AST+REB PHI vs. BOS,,Basketball,NBA
69e42633230a2b65351b1835,Betr Picks,parlay,SETTLED_LOSS,8,,,10,-10.00,04/19/2026 00:47:47 GMT,04/19/2026 04:48:00 GMT,2026-04-19T00:47:47.534Z,2026-04-19T04:48:00.964Z,Over 20.5 Gilbert Burns Sig Strikes Burns vs. Malott | Over 0.5 Mike Trout Runs Batted In SD vs. LAA | Over 0.5 Fernando Tatis Jr. Runs Batted In SD vs. LAA,,MMA | Baseball,UFC | MLB
1351376566474522624,Sleeper,parlay,SETTLED_LOSS,5.39,,,10,-10.00,04/18/2026 23:43:10 GMT,04/19/2026 02:43:10 GMT,2026-04-18T23:43:10.111Z,2026-04-19T02:43:10.111Z,O 0.5 LeBron James Points HOU @ LAL | O 4.5 Rui Hachimura Rebounds & Assists HOU @ LAL | O 13.5 Amen Thompson Rebounds & Assists HOU @ LAL,,Basketball,NBA
019da2eb-c9f7-7272-912d-37944d620d7d,Dabble,parlay,SETTLED_LOSS,6,,,15,-15.00,04/18/2026 23:27:34 GMT,04/19/2026 03:28:50 GMT,2026-04-18T23:27:34.857Z,2026-04-19T03:28:50.476Z,Over 15.5 Tari Eason assists + points + rebounds Houston Rockets @ Los Angeles Lakers | Over 35.5 Alperen Sengun assists + points + rebounds Houston Rockets @ Los Angeles Lakers | Over 4.5 Rui Hachimura assists + rebounds Houston Rockets @ Los Angeles Lakers,,Basketball,NBA
1575993125,PrizePicks,parlay,SETTLED_LOSS,5,,,5,0.00,04/18/2026 20:01:39 GMT,04/19/2026 01:11:00 GMT,2026-04-18T20:01:39.343Z,2026-04-19T01:11:00.000Z,Under 0.5 Alperen Sengun Double-Double HOU vs. LAL | Over 1.5 Alec Burleson Hits+Runs+RBIs STL vs. HOU | Under 17.5 Gavin Williams Pitching Outs CLE vs. BAL,,Basketball | Baseball,NBA | MLB
1351319609709428736,Sleeper,parlay,SETTLED_PUSH,10.51,,,10,0.00,04/18/2026 19:56:50 GMT,04/18/2026 22:56:50 GMT,2026-04-18T19:56:50.560Z,2026-04-18T22:56:50.560Z,U 27.5 Nickeil Alexander-Walker Pts Reb Ast ATL @ NYK | O 16.5 Jonathan Kuminga Pts Reb Ast ATL @ NYK | U 22.5 Josh Hart Pts Reb Ast ATL @ NYK | U 32.5 Karl-Anthony Towns Points & Rebounds ATL @ NYK,,Basketball,NBA
69e3e103eb2a5921c3ae2ff3,Betr Picks,parlay,SETTLED_LOSS,6,,,10,-10.00,04/18/2026 19:52:35 GMT,04/19/2026 03:41:53 GMT,2026-04-18T19:52:35.124Z,2026-04-19T03:41:53.963Z,Over 27.5 Kevin Durant PTS+REB HOU vs. LAL | Over 0.5 Taylor Trammell Hits STL vs. HOU | Over 1.5 Deandre Ayton STL+BLK HOU vs. LAL,,Basketball | Baseball,NBA | MLB
1575700388,PrizePicks,round_robin_6,SETTLED_LOSS,20,,,5,-5.00,04/18/2026 17:35:10 GMT,04/19/2026 01:17:00 GMT,2026-04-18T17:35:10.471Z,2026-04-19T01:17:00.000Z,Under 17.5 Jalen Johnson Rebs+Asts ATL vs. NYK | Under 15.5 Josh Hart Pts+Asts NYK vs. ATL | Under 0.5 Will Smith RBIs LAD vs. COL | Under 12.5 Jaxson Hayes Pts+Rebs+Asts LAL vs. HOU | Under 0.5 Alperen Sengun Double-Double HOU vs. LAL | Under 24.5 Devin Booker Points PHX vs. OKC,,Basketball | Baseball,NBA | MLB
1f8a7ad3-494c-4bf7-be55-ffaae01e03d1,Kalshi,parlay,SETTLED_WIN,4.158004158004158,,,4.81,15.19,04/18/2026 17:10:53 GMT,04/19/2026 01:31:24 GMT,2026-04-18T17:10:53.004Z,2026-04-19T01:31:24.322Z,New York Y Winner KC at NYY | New York Atlanta at New York Game 1 | Denver Minnesota at Denver Game 1 | Cleveland Toronto at Cleveland Game 1,,Baseball | Basketball,MLB | NBA
69e3ba2f259b52cf30e6d098,Betr Picks,parlay,SETTLED_WIN,6,,,5,25.00,04/18/2026 17:06:55 GMT,04/19/2026 04:47:40 GMT,2026-04-18T17:06:55.562Z,2026-04-19T04:47:40.982Z,Under 1.5 Chase Meidroth Hits + Runs + Runs Batted In CHW vs. ATH | Over 0.5 Tristan Gray Hits CIN vs. MIN | Under 0.5 Mike Trout Walks SD vs. LAA,,Baseball,MLB
1351276414581612544,Sleeper,parlay,SETTLED_WIN,5.954,,,10,49.54,04/18/2026 17:05:12 GMT,04/18/2026 20:05:12 GMT,2026-04-18T17:05:12.039Z,2026-04-18T20:05:12.039Z,U 0.5 Alperen Sengun Double Double HOU @ LAL | U 15.5 Karl-Anthony Towns Rebounds & Assists ATL @ NYK | O 6.5 Jaden McDaniels Rebounds & Assists MIN @ DEN,,Basketball,NBA
MwWmg7V,DK Pick6,round_robin_4,SETTLED_LOSS,12.375,,,6,-6.00,04/18/2026 17:00:00 GMT,04/19/2026 03:48:12 GMT,2026-04-18T17:00:00.000Z,2026-04-19T03:48:12.000Z,Under 11.5 Tim Hardaway Jr. Points Minnesota Timberwolves vs. Denver Nuggets | Over 14.5 Aaron Gordon Points Minnesota Timberwolves vs. Denver Nuggets | Under 39.5 Jalen Johnson Pts + Rebs + Asts Atlanta Hawks vs. New York Knicks | Under 1.5 Amen Thompson Steals Houston Rockets vs. Los Angeles Lakers,,Basketball,NBA
ZzPznwY,DK Pick6,round_robin_3,SETTLED_LOSS,6,,,10,-10.00,04/18/2026 17:00:00 GMT,04/18/2026 22:41:33 GMT,2026-04-18T17:00:00.000Z,2026-04-18T22:41:33.000Z,Over 28.5 Nikola Jokic Points Minnesota Timberwolves vs. Denver Nuggets | Under 21.5 Nickeil Alexander-Walker Points Atlanta Hawks vs. New York Knicks | Under 3.5 Max Strus Rebounds Toronto Raptors vs. Cleveland Cavaliers,,Basketball,NBA
drxr7nj,DK Pick6,round_robin_3,SETTLED_LOSS,5.886,,,10,-10.00,04/18/2026 17:00:00 GMT,04/19/2026 03:48:12 GMT,2026-04-18T17:00:00.000Z,2026-04-19T03:48:12.000Z,Under 12.5 Reed Sheppard Points Houston Rockets vs. Los Angeles Lakers | Over 0.5 LeBron James Points Houston Rockets vs. Los Angeles Lakers | Under 8.5 Jake LaRavia Points Houston Rockets vs. Los Angeles Lakers,,Basketball,NBA
f8824703-9340-41ed-a185-8d3e4a4a8f6f,Underdog,parlay,SETTLED_LOSS,7.6,,,10,-10.00,04/18/2026 16:17:40 GMT,04/18/2026 22:30:00 GMT,2026-04-18T16:17:40.000Z,2026-04-18T22:30:00.000Z,Lower 24.5 Brandon Ingram Points + Assists O/U TOR @ CLE | Higher 14.5 Tim Hardaway Jr. Pts + Rebs + Asts O/U MIN @ DEN | Lower 1.5 Victor Wembanyama Steals O/U POR @ SAS,,Basketball,NBA
69e3ae0605ad6739f7d9906c,Betr Picks,parlay,SETTLED_LOSS,6,,,9.5,0.00,04/18/2026 16:15:02 GMT,04/19/2026 03:37:46 GMT,2026-04-18T16:15:02.040Z,2026-04-19T03:37:46.063Z,Over 10.5 Jamal Murray AST+REB MIN vs. DEN | Under 17.5 Jalen Johnson AST+REB ATL vs. NY | Under 6.5 Jabari Smith Jr. Rebounds HOU vs. LAL,,Basketball,NBA
69e3a8c9e78a4a845e7d1e40,Betr Picks,parlay,SETTLED_WIN,6,,,10,20.00,04/18/2026 15:52:41 GMT,04/19/2026 03:42:41 GMT,2026-04-18T15:52:41.176Z,2026-04-19T03:42:41.974Z,Over 0.5 LeBron James PTS+AST HOU vs. LAL | Over 0.5 Nick Fortes Hits TB vs. PIT | Over 4.5 Tari Eason Rebounds HOU vs. LAL,,Basketball | Baseball,NBA | MLB
69e3a803c1d7c8d41201e399,Betr Picks,parlay,SETTLED_LOSS,6,,,10,0.00,04/18/2026 15:49:23 GMT,04/19/2026 01:07:41 GMT,2026-04-18T15:49:23.524Z,2026-04-19T01:07:41.863Z,Over 5.5 Aaron Gordon Rebounds MIN vs. DEN | Over 1.5 Ja'Kobe Walter 3PT Made TOR vs. CLE | Over 31.5 Jalen Brunson PTS+AST ATL vs. NY,,Basketball,NBA
019da137-869b-726b-bf4b-171369e14b0b,Dabble,parlay,SETTLED_WIN,6,,,10,50.00,04/18/2026 15:31:03 GMT,04/20/2026 01:18:41 GMT,2026-04-18T15:31:03.907Z,2026-04-20T01:18:41.404Z,Under 0.5 Alperen Sengun double-double Houston Rockets @ Los Angeles Lakers | Over 7.5 Paolo Banchero rebounds Orlando Magic @ Detroit Pistons | Over 14.5 Jaden McDaniels points Minnesota Timberwolves @ Denver Nuggets,,Basketball,NBA
Nz4Gx28,DK Pick6,round_robin_4,SETTLED_LOSS,9.98,,,14,-14.00,04/17/2026 23:30:00 GMT,04/18/2026 04:49:37 GMT,2026-04-17T23:30:00.000Z,2026-04-18T04:49:37.735Z,Under 4.5 Jalen Green Rebounds Golden State Warriors vs. Phoenix Suns | Over 20.5 Gui Santos Pts + Rebs + Asts Golden State Warriors vs. Phoenix Suns | Under 24.5 LaMelo Ball Points Charlotte Hornets vs. Orlando Magic | Over 18.5 Paolo Banchero Points Charlotte Hornets vs. Orlando Magic,,Basketball,NBA
rYQmNwR,DK Pick6,round_robin_3,SETTLED_WIN,5.928,,,10,66.02,04/17/2026 23:30:00 GMT,04/18/2026 05:18:02 GMT,2026-04-17T23:30:00.000Z,2026-04-18T05:18:02.000Z,Over 1.5 Kristaps Porzingis 3-Pointers Made Golden State Warriors vs. Phoenix Suns | Over 20.5 Jalen Green Points Golden State Warriors vs. Phoenix Suns | Over 19.5 LaMelo Ball Points Charlotte Hornets vs. Orlando Magic,,Basketball,NBA
1574522527,PrizePicks,parlay,SETTLED_WIN,6,,,5,25.00,04/17/2026 23:06:39 GMT,04/18/2026 04:56:10 GMT,2026-04-17T23:06:39.555Z,2026-04-18T04:56:10.631Z,Over 7.5 Jalen Green Rebs+Asts PHX vs. GSW | Over 1.5 Jordan Walker Hits+Runs+RBIs STL vs. HOU | Under 0.5 Liam Hicks Singles MIA vs. MIL,,Basketball | Baseball,NBA | MLB
1351004004192120832,Sleeper,parlay,SETTLED_LOSS,5.61,,,10,-10.00,04/17/2026 23:02:44 GMT,04/18/2026 02:02:44 GMT,2026-04-17T23:02:44.341Z,2026-04-18T02:02:44.341Z,O 19.5 Paolo Banchero Points CHA @ ORL | O 0.5 Taylor Trammell Total Bases STL @ HOU | O 1.5 Michael Soroka Walks TOR @ AZ,,Basketball | Baseball,NBA | MLB
019d9d8d-3fe9-71ea-bfe7-9aac473f837e,Dabble,parlay,SETTLED_WIN,6,,,10,50.00,04/17/2026 22:26:13 GMT,04/18/2026 04:40:27 GMT,2026-04-17T22:26:13.025Z,2026-04-18T04:40:27.240Z,Over 2.5 Shohei Ohtani hits + runs + rbis Los Angeles Dodgers @ Colorado Rockies | Over 1.5 Corbin Carroll hits + runs + rbis Toronto Blue Jays @ Arizona Diamondbacks | Under 0.5 Jake Cronenworth batter-walks San Diego Padres @ Los Angeles Angels,,Baseball,MLB
1350983104470192128,Sleeper,parlay,SETTLED_LOSS,5.26,,,10,-10.00,04/17/2026 21:39:41 GMT,04/18/2026 00:39:41 GMT,2026-04-17T21:39:41.460Z,2026-04-18T00:39:41.460Z,U 4.5 Desmond Bane Rebounds CHA @ ORL | O 0.5 Jake Oettinger Saves MIN @ DAL | U 5.5 Brandon Miller Rebounds CHA @ ORL,,Basketball | Ice Hockey,NBA | NHL
89d14303-f843-42a5-b6f5-e36a7ea2c21e,Kalshi,parlay,SETTLED_LOSS,5.5592766242464835,4.708030587624837,0.1808,14.93,-14.93,04/17/2026 20:54:04 GMT,04/18/2026 02:31:59 GMT,2026-04-17T20:54:04.968Z,2026-04-18T02:31:59.829Z,Over 6.5 runs scored Total Runs Milwaukee vs Miami | Over 5.5 runs scored Total Runs Detroit vs Boston | Over 5.5 runs scored Total Runs Texas vs Seattle | Over 7.5 runs scored Total Runs Toronto vs Arizona,,Baseball,MLB
d7e134de-20fc-4cd8-9597-c01e9509212b,Kalshi,parlay,SETTLED_LOSS,3.739754098360655,,,19.520000000000003,-19.52,04/17/2026 20:40:28 GMT,04/18/2026 03:41:04 GMT,2026-04-17T20:40:28.981Z,2026-04-18T03:41:04.404Z,Charlotte Charlotte at Orlando East Play-In | Golden State Golden State at Phoenix West Play-In,,Basketball,NBA
69e2951dc932b18d6dd8749b,Betr Picks,parlay,SETTLED_LOSS,6,,,10,-10.00,04/17/2026 20:16:29 GMT,04/18/2026 05:02:31 GMT,2026-04-17T20:16:29.375Z,2026-04-18T05:02:31.783Z,Over 0.5 Yoán Moncada Total Bases SD vs. LAA | Over 0.5 Nick Allen Hits STL vs. HOU | Over 29.5 Stephen Curry PTS+AST GS vs. PHO,,Baseball | Basketball,MLB | NBA
f3a69e84-1b94-4b08-afb9-18044d6db279,Underdog,parlay,SETTLED_LOSS,3.5,,,5,-5.00,04/17/2026 20:14:24 GMT,04/18/2026 03:10:00 GMT,2026-04-17T20:14:24.000Z,2026-04-18T03:10:00.000Z,Higher 0.5 Yordan Alvarez Batter Walks O/U STL @ HOU | Higher 0.5 Jake McCarthy Hits O/U LAD @ COL,,Baseball,MLB
69e28efbc932b18d6dd87433,Betr Picks,parlay,SETTLED_LOSS,6,,,15,-15.00,04/17/2026 19:50:19 GMT,04/18/2026 05:01:40 GMT,2026-04-17T19:50:19.438Z,2026-04-18T05:01:40.395Z,Over 0.5 Graham Pauley Hits MIL vs. MIA | Over 1.5 Gunnar Henderson Hits + Runs + Runs Batted In BAL vs. CLE | Over 5.5 Jacob deGrom Pitching Strikeouts TEX vs. SEA,,Baseball,MLB
cf12721a-20ed-4818-aee8-64c3a7ac057a,Underdog,parlay,SETTLED_VOID,3.5,,,5,0.00,04/17/2026 15:46:44 GMT,04/18/2026 05:00:00 GMT,2026-04-17T15:46:44.000Z,2026-04-18T05:00:00.000Z,Lower 17.5 Wendell Carter Jr. Pts + Rebs + Asts O/U CHA @ ORL | Lower 14.5 Grayson Allen Pts + Rebs + Asts O/U GSW @ PHX,,Basketball,NBA
277be0f5-0386-4bed-b62b-67b9d3e1c4ab,Kalshi,parlay,SETTLED_LOSS,3.2188841201716736,,,13.98,-13.98,04/17/2026 01:43:36 GMT,04/17/2026 04:31:44 GMT,2026-04-17T01:43:36.990Z,2026-04-17T04:31:44.531Z,Houston Winner COL at HOU | Under 9.5 runs scored Total Runs Colorado vs Houston,,Baseball,MLB
69e16cab9b9c31aad83582c9,Betr Picks,parlay,SETTLED_LOSS,10,,,20,-20.00,04/16/2026 23:11:39 GMT,04/17/2026 03:52:45 GMT,2026-04-16T23:11:39.040Z,2026-04-17T03:52:45.349Z,Over 2.5 Connor McDavid Shots on goal VAN vs. EDM | Under 1.5 Luis Castillo Pitching Walks SEA vs. SD | Over 0.5 Brenton Doyle Total Bases COL vs. HOU | Over 0.5 Yordan Alvarez Walks COL vs. HOU,,Ice Hockey | Baseball,NHL | MLB
1350632055381196800,Sleeper,parlay,SETTLED_LOSS,2.95,,,10,-10.00,04/16/2026 22:24:44 GMT,04/17/2026 01:24:44 GMT,2026-04-16T22:24:44.835Z,2026-04-17T01:24:44.835Z,O 0.5 Luis Castillo Outs SEA @ SD | O 1.5 Carlos Correa Hits Runs Rbis COL @ HOU,,Baseball,MLB
1572843035,PrizePicks,parlay,SETTLED_LOSS,6,,,5,-5.00,04/16/2026 17:42:38 GMT,04/17/2026 01:10:00 GMT,2026-04-16T17:42:38.783Z,2026-04-17T01:10:00.000Z,Over 0.5 Connor McDavid Goals EDM vs. VAN | Over 1.5 Chase DeLauter Hits+Runs+RBIs CLE vs. BAL | Over 0.5 Bobby Witt Jr. Singles KC vs. DET,,Ice Hockey | Baseball,NHL | MLB
019d96f6-7eaa-7038-82f2-9a80ca83616f,Dabble,parlay,SETTLED_LOSS,5.4,,,5,-5.00,04/16/2026 15:43:49 GMT,04/16/2026 22:20:26 GMT,2026-04-16T15:43:49.601Z,2026-04-16T22:20:26.522Z,Over 0.5 Andrew McCutchen hits Texas Rangers @ Athletics | Over 0.5 Spencer Torkelson hits Kansas City Royals @ Detroit Tigers | Over 0.5 Lawrence Butler hits Texas Rangers @ Athletics,,Baseball,MLB
pgbyrLn,DK Pick6,round_robin_3,SETTLED_WIN,5.79,,,5,23.95,04/15/2026 23:30:00 GMT,04/16/2026 05:17:53 GMT,2026-04-15T23:30:00.000Z,2026-04-16T05:17:53.000Z,Under 23.5 Paolo Banchero Points Orlando Magic vs. Philadelphia 76ers | Under 34.5 Tyrese Maxey Points + Rebounds Orlando Magic vs. Philadelphia 76ers | Under 29.5 Kawhi Leonard Points Golden State Warriors vs. Los Angeles Clippers,,Basketball,NBA
QnGYGYb,DK Pick6,round_robin_3,SETTLED_LOSS,7.683,,,10,-10.00,04/15/2026 23:30:00 GMT,04/16/2026 02:40:47 GMT,2026-04-15T23:30:00.000Z,2026-04-16T02:40:47.000Z,Under 14.5 Brandin Podziemski Points Golden State Warriors vs. Los Angeles Clippers | Under 21.5 Kelly Oubre Jr. Pts + Rebs + Asts Orlando Magic vs. Philadelphia 76ers | Under 19.5 Franz Wagner Points Orlando Magic vs. Philadelphia 76ers,,Basketball,NBA
5rM5zwz,DK Pick6,round_robin_3,SETTLED_LOSS,17.622,,,5,-5.00,04/15/2026 23:00:00 GMT,04/16/2026 02:07:45 GMT,2026-04-15T23:00:00.000Z,2026-04-16T02:07:45.000Z,Over 19.5 James Reimer Saves Toronto Maple Leafs vs. Ottawa Senators | Over 21.5 Jake Oettinger Saves Dallas Stars vs. Buffalo Sabres | Over 0.5 Jason Robertson Goals Dallas Stars vs. Buffalo Sabres,,Ice Hockey,NHL
7MLdKj4,DK Pick6,round_robin_3,SETTLED_LOSS,56.34,,,5,-5.00,04/15/2026 23:00:00 GMT,04/16/2026 05:08:48 GMT,2026-04-15T23:00:00.000Z,2026-04-16T05:08:48.000Z,Over 0.5 Ivan Barbashev Points Seattle Kraken vs. Vegas Golden Knights | Over 21.5 Colten Ellis Saves Dallas Stars vs. Buffalo Sabres | Over 0.5 Zach Benson Goals Dallas Stars vs. Buffalo Sabres,,Ice Hockey,NHL
GrGK2p2,DK Pick6,round_robin_3,SETTLED_LOSS,41.1588,,,5,-5.00,04/15/2026 23:00:00 GMT,04/16/2026 03:38:55 GMT,2026-04-15T23:00:00.000Z,2026-04-16T03:38:55.000Z,Over 22.5 Yaroslav Askarov Saves San Jose Sharks vs. Chicago Blackhawks | Over 21.5 Colten Ellis Saves Dallas Stars vs. Buffalo Sabres | Over 0.5 Josh Norris Goals Dallas Stars vs. Buffalo Sabres,,Ice Hockey,NHL
BxGzDZx,DK Pick6,round_robin_3,SETTLED_LOSS,60,,,5,-5.00,04/15/2026 23:00:00 GMT,04/16/2026 02:07:45 GMT,2026-04-15T23:00:00.000Z,2026-04-16T02:07:45.000Z,Over 19.5 James Reimer Saves Toronto Maple Leafs vs. Ottawa Senators | Over 21.5 Colten Ellis Saves Dallas Stars vs. Buffalo Sabres | Over 0.5 Wyatt Johnston Goals Dallas Stars vs. Buffalo Sabres,,Ice Hockey,NHL
69dfd2b4a53bee670a43187e,Betr Picks,parlay,SETTLED_LOSS,6,,,5,-5.00,04/15/2026 18:02:28 GMT,04/16/2026 04:58:52 GMT,2026-04-15T18:02:28.155Z,2026-04-16T04:58:52.294Z,Under 27.5 Kristaps Porzingis Pts+Rebs+Asst GS vs. LAC | Under 10.5 VJ Edgecombe AST+REB ORL vs. PHI | Under 16.5 Brook Lopez PTS+REB GS vs. LAC,,Basketball,NBA
4861724a-57bb-4474-826f-3b0166ec9f46,Underdog,parlay,SETTLED_LOSS,3.5,,,5,-5.00,04/15/2026 17:55:23 GMT,04/16/2026 05:00:00 GMT,2026-04-15T17:55:23.000Z,2026-04-16T05:00:00.000Z,Lower 0.5 James Wood Batter Walks O/U WSH @ PIT | Lower 8.5 Kristaps Porzingis Rebounds + Assists O/U GSW @ LAC,,Baseball | Basketball,MLB | NBA
f087f67d-68d5-4b4b-9e3e-e838cd146d9c,Underdog,parlay,SETTLED_LOSS,3.5,,,5,-5.00,04/15/2026 17:46:08 GMT,04/16/2026 01:40:00 GMT,2026-04-15T17:46:08.000Z,2026-04-16T01:40:00.000Z,Higher 2.5 Seth Lugo Earned Runs Allowed O/U KC @ DET | Higher 11.5 Gary Payton II Pts + Rebs + Asts O/U GSW @ LAC,,Baseball | Basketball,MLB | NBA
1571269673,PrizePicks,parlay,SETTLED_LOSS,6,,,5,-5.00,04/15/2026 17:44:23 GMT,04/16/2026 02:40:00 GMT,2026-04-15T17:44:23.712Z,2026-04-16T02:40:00.000Z,Over 6.5 Darius Garland Assists LAC vs. GSW | Over 3.5 Tyrese Maxey Rebounds PHI vs. ORL | Under 5.5 Adem Bona Rebounds PHI vs. ORL,,Basketball,NBA
DRGD4n7,DK Pick6,round_robin_3,SETTLED_LOSS,7.8,,,10,-10.00,04/15/2026 16:35:00 GMT,04/15/2026 19:36:41 GMT,2026-04-15T16:35:00.000Z,2026-04-15T19:36:41.000Z,Under 1.5 Nolan Arenado Hits + Runs + RBIs Arizona Diamondbacks vs. Baltimore Orioles | Under 1.5 Brice Turang Hits + Runs + RBIs Toronto Blue Jays vs. Milwaukee Brewers | Under 1.5 Coby Mayo Hits + Runs + RBIs Arizona Diamondbacks vs. Baltimore Orioles,,Baseball,MLB
QnGYNwg,DK Pick6,round_robin_3,SETTLED_LOSS,6,,,5,-5.00,04/15/2026 16:35:00 GMT,04/16/2026 01:40:46 GMT,2026-04-15T16:35:00.000Z,2026-04-16T01:40:46.000Z,Over 1.5 Riley Greene Hits + Runs + RBIs Kansas City Royals vs. Detroit Tigers | Over 1.5 Alec Bohm Hits + Runs + RBIs Chicago Cubs vs. Philadelphia Phillies | Over 1.5 Otto Lopez Hits + Runs + RBIs Miami Marlins vs. Atlanta Braves,,Baseball,MLB
60123b58-5959-4387-a71c-6c13ab59aaba,Underdog,parlay,SETTLED_LOSS,6.5,,,8.2,-8.20,04/15/2026 16:21:07 GMT,04/15/2026 20:15:00 GMT,2026-04-15T16:21:07.000Z,2026-04-15T20:15:00.000Z,Lower 1.5 Slade Cecconi Walks Allowed O/U CLE @ STL | Higher 1.5 Christian Walker Hits + Runs + RBIs O/U COL @ HOU | Higher 0.5 Luke Raley Hits O/U SEA @ SD,,Baseball,MLB
1350169107961495552,Sleeper,parlay,SETTLED_LOSS,5.23,,,10,-10.00,04/15/2026 15:45:09 GMT,04/18/2026 19:00:00 GMT,2026-04-15T15:45:09.569Z,2026-04-18T19:00:00.000Z,O 0.5 Kevin Durant Points HOU @ LAL | O 11.5 Evan Mobley Rebounds & Assists TOR @ CLE | O 12.5 Stephon Castle Rebounds & Assists POR @ SAS,,Basketball,NBA
69dfb1da33c19914b0b632ba,Betr Picks,parlay,SETTLED_LOSS,6,,,10,-10.00,04/15/2026 15:42:18 GMT,04/16/2026 02:26:56 GMT,2026-04-15T15:42:18.154Z,2026-04-16T02:26:56.284Z,Over 0.5 Alec Burleson Singles CLE vs. STL | Over 32.5 Tyrese Maxey PTS+AST ORL vs. PHI | Over 9.5 Wendell Carter Jr. Points ORL vs. PHI,,Baseball | Basketball,MLB | NBA
69dfa3bb75f74eaa652c0233,Betr Picks,parlay,SETTLED_LOSS,6,,,15,-15.00,04/15/2026 14:42:03 GMT,04/16/2026 05:04:08 GMT,2026-04-15T14:42:03.533Z,2026-04-16T05:04:08.349Z,Over 1.5 Vladimir Guerrero Jr. Hits + Runs + Runs Batted In TOR vs. MIL | Over 5.5 Shohei Ohtani Pitching Strikeouts NYM vs. LAD | Under 5.5 Emerson Hancock Pitching Hits Allowed SEA vs. SD,,Baseball,MLB
0fde3ee2-7a51-47bb-90e6-880c3d5530b4,Kalshi,parlay,SETTLED_WIN,3.3264033264033266,,,4.81,11.19,04/15/2026 12:51:08 GMT,04/15/2026 14:18:49 GMT,2026-04-15T12:51:08.079Z,2026-04-15T14:18:49.925Z,Ben Shelton Will Ben Shelton win the : Round Of 16 match Blockx at Shelton | Ann Li Will Ann Li win the : Round Of 16 match Rakhimova at Li,,Tennis,TENNIS
11f77b3d-3d98-4f65-b3d7-b776863804ef,Kalshi,parlay,SETTLED_WIN,1.9168026101141924,,,24.52,22.48,04/15/2026 12:43:23 GMT,04/15/2026 14:18:49 GMT,2026-04-15T12:43:23.085Z,2026-04-15T14:18:49.925Z,Ben Shelton Will Ben Shelton win the : Round Of 16 match Blockx at Shelton | Ann Li Will Ann Li win the : Round Of 16 match Rakhimova at Li,,Tennis,TENNIS
2b4b2a6a-ebf7-4089-ae04-248212b4478f,Kalshi,straight,SETTLED_LOSS,4.123711340206186,,,5.819999999999999,-5.82,04/15/2026 05:28:48 GMT,04/15/2026 06:03:59 GMT,2026-04-15T05:28:48.518Z,2026-04-15T06:03:59.988Z,Coleman Wong Will Coleman Wong win the : Round Of 16 match Noguchi at Wong,,Tennis,TENNIS
41f2eada-c450-4ede-b20e-cf3b9bbe06cc,Kalshi,straight,SETTLED_LOSS,8.624229979466119,,,4.87,-4.87,04/15/2026 05:22:13 GMT,04/15/2026 05:30:09 GMT,2026-04-15T05:22:13.524Z,2026-04-15T05:30:09.936Z,"Target Price: $74,284.36 BTC price up in next 15 mins Apr 15 - 1:15AM EDT to 1:30AM EDT",,other,other
7c25c3a6-f771-4fa2-920d-3fa65ae47390,Kalshi,straight,SETTLED_LOSS,2.1947873799725652,,,14.58,-14.58,04/15/2026 05:16:00 GMT,04/15/2026 05:30:09 GMT,2026-04-15T05:16:00.086Z,2026-04-15T05:30:09.936Z,"Target Price: $74,284.36 BTC price up in next 15 mins Apr 15 - 1:15AM EDT to 1:30AM EDT",,other,other
QnGy5jg,DK Pick6,round_robin_2,SETTLED_WIN,1.00001,,,10,0.80,04/14/2026 23:30:00 GMT,04/15/2026 05:15:47 GMT,2026-04-14T23:30:00.000Z,2026-04-15T05:15:47.000Z,Over 1.5 Dillon Brooks Assists Portland Trail Blazers vs. Phoenix Suns | Over 16.5 Bam Adebayo Points Miami Heat vs. Charlotte Hornets,,Basketball,NBA
DRGjVbr,DK Pick6,round_robin_3,SETTLED_LOSS,5.784,,,5,-5.00,04/14/2026 23:30:00 GMT,04/15/2026 02:41:04 GMT,2026-04-14T23:30:00.000Z,2026-04-15T02:41:04.000Z,Over 2.5 Norman Powell Rebounds Miami Heat vs. Charlotte Hornets | Over 2.5 Miles Bridges Assists Miami Heat vs. Charlotte Hornets | Over 19.5 Brandon Miller Points Miami Heat vs. Charlotte Hornets,,Basketball,NBA
gpqx4dj,DK Pick6,round_robin_4,SETTLED_LOSS,10,,,10,-10.00,04/14/2026 23:30:00 GMT,04/15/2026 05:15:47 GMT,2026-04-14T23:30:00.000Z,2026-04-15T05:15:47.000Z,Over 19.5 Deni Avdija Points Portland Trail Blazers vs. Phoenix Suns | Over 1.5 Coby White 3-Pointers Made Miami Heat vs. Charlotte Hornets | Over 5.5 Davion Mitchell Assists Miami Heat vs. Charlotte Hornets | Over 5.5 Jrue Holiday Assists Portland Trail Blazers vs. Phoenix Suns,,Basketball,NBA
KQGd5jP,DK Pick6,round_robin_3,SETTLED_LOSS,5.94,,,10,-10.00,04/14/2026 23:30:00 GMT,04/15/2026 02:41:04 GMT,2026-04-14T23:30:00.000Z,2026-04-15T02:41:04.000Z,Under 5.5 Miles Bridges Rebounds Miami Heat vs. Charlotte Hornets | Over 1.5 Scoot Henderson 3-Pointers Made Portland Trail Blazers vs. Phoenix Suns | Over 18.5 LaMelo Ball Points Miami Heat vs. Charlotte Hornets,,Basketball,NBA
GrG7rNR,DK Pick6,round_robin_3,SETTLED_LOSS,6,,,5,-5.00,04/14/2026 23:30:00 GMT,04/15/2026 02:41:04 GMT,2026-04-14T23:30:00.000Z,2026-04-15T02:41:04.000Z,Over 5.5 Davion Mitchell Assists Miami Heat vs. Charlotte Hornets | Under 7.5 LaMelo Ball Assists Miami Heat vs. Charlotte Hornets | Over 5.5 Jrue Holiday Assists Portland Trail Blazers vs. Phoenix Suns,,Basketball,NBA
1570266504,PrizePicks,parlay,SETTLED_LOSS,6,,,10,-10.00,04/14/2026 23:19:30 GMT,04/15/2026 05:15:00 GMT,2026-04-14T23:19:30.591Z,2026-04-15T05:15:00.000Z,Over 30.5 Devin Booker Pts+Rebs+Asts PHX vs. POR | Under 7 MacKenzie Gore Pitcher Strikeouts TEX vs. ATH | Under 10.5 Bam Adebayo Rebounds MIA vs. CHA,,Basketball | Baseball,NBA | MLB
3f39fc85-6349-4474-8f2d-014a3d0d7740,Underdog,parlay,SETTLED_LOSS,6,,,10,-10.00,04/14/2026 23:06:28 GMT,04/15/2026 02:15:00 GMT,2026-04-14T23:06:28.000Z,2026-04-15T02:15:00.000Z,Higher 1.5 Austin Riley Hits + Runs + RBIs O/U MIA @ ATL | Higher 0.5 Shohei Ohtani Batter Walks O/U NYM @ LAD,,Baseball,MLB
8d3f2375-75e6-4c13-b7d7-7c9b2215d1f6,Underdog,parlay,SETTLED_WIN,7.56,,,10,28.80,04/14/2026 22:50:26 GMT,04/15/2026 05:00:00 GMT,2026-04-14T22:50:26.000Z,2026-04-15T05:00:00.000Z,Higher 20.5 Miles Bridges Points + Rebounds O/U MIA @ CHA | Lower 18.5 Scoot Henderson Pts + Rebs + Asts O/U POR @ PHX | Higher 9.5 Grayson Allen Points O/U POR @ PHX,,Basketball,NBA
rYQBMmp,DK Pick6,round_robin_3,SETTLED_LOSS,6,,,10,-10.00,04/14/2026 22:35:00 GMT,04/15/2026 01:40:54 GMT,2026-04-14T22:35:00.000Z,2026-04-15T01:40:54.000Z,Under 1.5 Carson Kelly Hits + Runs + RBIs Chicago Cubs vs. Philadelphia Phillies | Over 1.5 Wilyer Abreu Hits + Runs + RBIs Boston Red Sox vs. Minnesota Twins | Over 1.5 Matt Chapman Hits + Runs + RBIs San Francisco Giants vs. Cincinnati Reds,,Baseball,MLB
482889f1-310d-47ea-9b5e-5341c2c151d9,Kalshi,parlay,SETTLED_LOSS,6.6891891891891895,,,14.799999999999999,-14.80,04/14/2026 22:14:59 GMT,04/15/2026 03:02:59 GMT,2026-04-14T22:14:59.080Z,2026-04-15T03:02:59.992Z,Houston Winner COL at HOU | Los Angeles D Winner NYM at LAD | Phoenix Portland at Phoenix West Play-In | Charlotte -3.5 points Spread Miami at Charlotte,,Baseball | Basketball,MLB | NBA
69deaf66dc22d16a10c6cde6,Betr Picks,parlay,SETTLED_LOSS,6,,,10,-10.00,04/14/2026 21:19:34 GMT,04/15/2026 04:59:05 GMT,2026-04-14T21:19:34.446Z,2026-04-15T04:59:05.929Z,Over 35.5 Deni Avdija Pts+Rebs+Asst POR vs. PHO | Over 0.5 Donovan Clingan Double Doubles POR vs. PHO | Over 0.5 Gary Sánchez Hits TOR vs. MIL,,Basketball | Baseball,NBA | MLB
1569928514,PrizePicks,parlay,SETTLED_LOSS,6,,,10,-10.00,04/14/2026 21:07:12 GMT,04/15/2026 05:10:00 GMT,2026-04-14T21:07:12.354Z,2026-04-15T05:10:00.000Z,Over 28.5 LaMelo Ball Pts+Rebs+Asts CHA vs. MIA | Over 6.5 Ryan Kalkbrenner Pts+Rebs CHA vs. MIA | Over 8.5 Mark Williams Rebounds PHX vs. POR,,Basketball,NBA
1349886773362192384,Sleeper,parlay,SETTLED_LOSS,5.13,,,10,-10.00,04/14/2026 21:03:15 GMT,04/15/2026 00:03:15 GMT,2026-04-14T21:03:15.754Z,2026-04-15T00:03:15.754Z,O 16.5 Brandon Miller Points MIA @ CHA | O 1.5 Andrew Wiggins Threes Made MIA @ CHA | O 1.5 Jordan Walker Hits Runs Rbis CLE @ STL,,Basketball | Baseball,NBA | MLB
1349886253910233088,Sleeper,parlay,SETTLED_PUSH,5.2,,,10,0.00,04/14/2026 21:01:11 GMT,04/14/2026 21:39:16 GMT,2026-04-14T21:01:11.908Z,2026-04-14T21:39:16.539Z,O 16.5 Brandon Miller Points MIA @ CHA | O 1.5 Andrew Wiggins Threes Made MIA @ CHA | O 0.5 Kyle Schwarber Bat Walks CHC @ PHI,,Basketball | Baseball,NBA | MLB
019d8dc1-9f91-717f-900c-47ac64d787eb,Dabble,parlay,SETTLED_WIN,6,,,5,25.00,04/14/2026 20:49:29 GMT,04/19/2026 03:18:01 GMT,2026-04-14T20:49:29.951Z,2026-04-19T03:18:01.928Z,Under 16.5 Ryan Weathers outs Los Angeles Angels @ New York Yankees | Under 17.5 Norman Powell points Miami Heat @ Charlotte Hornets | Over 13.5 Jabari Smith Jr. points Houston Rockets @ Los Angeles Lakers,,Baseball | Basketball,MLB | NBA
eaa51d0e-c012-42f2-ac51-6bb8cc4a612f,Underdog,parlay,SETTLED_LOSS,6.5,,,6.1,-6.10,04/14/2026 20:22:57 GMT,04/15/2026 01:40:00 GMT,2026-04-14T20:22:57.000Z,2026-04-15T01:40:00.000Z,Higher 0.5 Kyle Schwarber Batter Walks O/U CHC @ PHI | Higher 4.5 Michael Lorenzen Hits Allowed O/U COL @ HOU | Higher 1.5 Shea Langeliers Hits + Runs + RBIs O/U TEX @ ATH,,Baseball,MLB
69dea1c27319b4e8273b6739,Betr Picks,parlay,SETTLED_LOSS,6,,,10,0.00,04/14/2026 20:21:22 GMT,04/19/2026 01:08:58 GMT,2026-04-14T20:21:22.825Z,2026-04-19T01:08:58.113Z,Over 33.5 LaMelo Ball Pts+Rebs+Asst MIA vs. CHA | Over 1.5 Donovan Clingan Blocks POR vs. PHO | Over 11.5 Karl-Anthony Towns Rebounds ATL vs. NY,,Basketball,NBA
bc7822a3-6d44-4fec-9c58-6a438461ffb5,Kalshi,parlay,SETTLED_LOSS,2.5084745762711864,,,14.75,-14.75,04/14/2026 18:10:42 GMT,04/14/2026 21:11:10 GMT,2026-04-14T18:10:42.116Z,2026-04-14T21:11:10.000Z,Barcelona Winner ATM at BAR | Over 2.5 goals scored Totals PSG at Liverpool,,Soccer,UEFA Champions League
1569623758,PrizePicks,parlay,SETTLED_LOSS,6,,,10,-10.00,04/14/2026 17:55:06 GMT,04/15/2026 02:40:00 GMT,2026-04-14T17:55:06.769Z,2026-04-15T02:40:00.000Z,Over 2.5 Lamine Yamal Shots Barcelona vs. Atlético | Over 6.5 Jacob Misiorowski Pitcher Strikeouts MIL vs. TOR | Under 16.5 Michael McGreevy Pitching Outs STL vs. CLE,,Soccer | Baseball,UEFA Champions League | MLB
7a2cd6fc-d615-49a2-8d23-2f6485a66837,Underdog,parlay,SETTLED_WIN,3.5,,,5,12.50,04/14/2026 03:17:28 GMT,04/18/2026 22:30:00 GMT,2026-04-14T03:17:28.000Z,2026-04-18T22:30:00.000Z,Higher 0.5 Taylor Walls Hits O/U TB @ CWS | Higher 1.5 Nikola Jokic 3-Pointers Made O/U MIN @ DEN,,Baseball | Basketball,MLB | NBA
f65a0960-6210-4aa5-a889-ac61ab80fd83,Kalshi,parlay,SETTLED_LOSS,18.383838383838384,,,4.95,-4.95,04/14/2026 01:53:08 GMT,04/14/2026 04:45:29 GMT,2026-04-14T01:53:08.092Z,2026-04-14T04:45:29.985Z,Corey Seager: 1+ Home Runs Texas vs A's | Shohei Ohtani: 1+ Home Runs New York M vs Los Angeles D,,Baseball,MLB
617a64b8-7c36-48aa-97a5-82c50e1f10c7,Kalshi,parlay,SETTLED_WIN,2.9354207436399213,2.95084485407066,-0.0052,10.22,19.78,04/14/2026 00:35:40 GMT,04/14/2026 04:34:30 GMT,2026-04-14T00:35:40.167Z,2026-04-14T04:34:30.038Z,Texas Winner TEX at ATH | Los Angeles D Winner NYM at LAD,,Baseball,MLB
b83d5f83-d0b3-4d83-9ea8-40733679eebf,Kalshi,parlay,SETTLED_WIN,3.79746835443038,3.4368896948641647,0.1049,11.85,33.15,04/13/2026 20:28:20 GMT,04/14/2026 02:26:29 GMT,2026-04-13T20:28:20.074Z,2026-04-14T02:26:29.977Z,Over 7.5 runs scored Total Runs Arizona vs Baltimore | Over 6.5 runs scored Total Runs Miami vs Atlanta | Over 6.5 runs scored Total Runs Boston vs Minnesota,,Baseball,MLB
ca226f8b-3a91-41e4-b624-23967fcaa24e,Underdog,parlay,SETTLED_LOSS,3.5,,,5,-5.00,04/13/2026 19:56:45 GMT,04/14/2026 15:35:00 GMT,2026-04-13T19:56:45.000Z,2026-04-14T15:35:00.000Z,Lower 12.5 Karolina Muchova Games Won O/U Muchova vs Sasnovich | Lower 12.5 Xinyu Wang Games Won O/U Wang vs Paquet,,Tennis,TENNIS
1568649747,PrizePicks,parlay,SETTLED_LOSS,6,,,5,-5.00,04/13/2026 19:46:43 GMT,04/14/2026 02:05:00 GMT,2026-04-13T19:46:43.919Z,2026-04-14T02:05:00.000Z,Under 4.5 Gavin Williams Hits Allowed CLE vs. STL | Over 1.5 Cody Bellinger Hits+Runs+RBIs NYY vs. LAA | Under 0.5 Filip Forsberg Assists NSH vs. SJ,,Baseball | Ice Hockey,MLB | NHL
019d885f-cab9-7690-a694-1938d859fd8b,Dabble,parlay,SETTLED_LOSS,6,,,5,-5.00,04/13/2026 19:44:32 GMT,04/15/2026 05:12:10 GMT,2026-04-13T19:44:32.395Z,2026-04-15T05:12:10.733Z,Over 2.5 Coby White assists Miami Heat @ Charlotte Hornets | Over 10.5 Jrue Holiday assists + rebounds Portland Trail Blazers @ Phoenix Suns | Over 1.5 LeBron James three-made Houston Rockets @ Los Angeles Lakers,,Basketball,NBA
69dd4733340412321756efc0,Betr Picks,parlay,SETTLED_LOSS,6,,,5,0.00,04/13/2026 19:42:43 GMT,04/16/2026 05:03:07 GMT,2026-04-13T19:42:43.514Z,2026-04-16T05:03:07.968Z,Under 11.5 Kawhi Leonard AST+REB GS vs. LAC | Over 4.5 Jordan Goodwin Rebounds POR vs. PHO | Over 12.5 Moussa Diabaté AST+REB MIA vs. CHA,,Basketball,NBA
494b9eed-0ed7-4025-9d85-dadc33ec53ac,Underdog,parlay,SETTLED_LOSS,6.4,,,5,-5.00,04/13/2026 19:39:28 GMT,04/15/2026 02:30:00 GMT,2026-04-13T19:39:28.000Z,2026-04-15T02:30:00.000Z,Lower 4.5 Jaime Jaquez Jr. Assists O/U MIA @ CHA | Higher 2.5 Miles Bridges Assists O/U MIA @ CHA | Lower 8.5 Aaron Gordon Rebounds + Assists O/U MIN @ DEN,,Basketball,NBA
69dd3ca6be8bc152c71a0654,Betr Picks,parlay,SETTLED_LOSS,6,,,10,-10.00,04/13/2026 18:57:42 GMT,04/14/2026 02:26:53 GMT,2026-04-13T18:57:42.616Z,2026-04-14T02:26:53.405Z,Over 6.5 Garrett Crochet Pitching Strikeouts BOS vs. MIN | Under 1.5 Spencer Horwitz Hits + Runs + Runs Batted In WSH vs. PIT | Over 1.5 Ryne Nelson Pitching Walks ARI vs. BAL,,Baseball,MLB
1349487726348488706,Sleeper,parlay,SETTLED_WIN,4.88,,,10,38.80,04/13/2026 18:37:35 GMT,04/13/2026 21:37:35 GMT,2026-04-13T18:37:35.533Z,2026-04-13T21:37:35.533Z,O 1.5 Freddie Freeman Hits Runs Rbis NYM @ LAD | O 15.5 Paul Skenes Outs WSH @ PIT | O 0.5 James Wood Hits WSH @ PIT,,Baseball,MLB
1568571614,PrizePicks,parlay,SETTLED_LOSS,6,,,5,-5.00,04/13/2026 18:32:16 GMT,04/15/2026 02:41:00 GMT,2026-04-13T18:32:16.824Z,2026-04-15T02:41:00.000Z,Under 1.5 Paul Skenes Walks Allowed PIT vs. WSH | Over 27.5 Nikola Jokić Points DEN vs. MIN | Under 14.5 Kel'el Ware Pts+Rebs+Asts MIA vs. CHA,,Baseball | Basketball,MLB | NBA
f14b00e5-198f-4b87-ac4f-f67e18b8abcc,Underdog,parlay,SETTLED_WIN,6.5,,,10,55.00,04/13/2026 18:29:58 GMT,04/14/2026 02:45:00 GMT,2026-04-13T18:29:58.000Z,2026-04-14T02:45:00.000Z,Higher 0.5 Miguel Amaya Hits O/U CHC @ PHI | Higher 0.5 Jose Tena Hits + Runs + RBIs O/U WSH @ PIT | Lower 17.5 Gavin Williams Pitching Outs O/U CLE @ STL,,Baseball,MLB
019d87e2-219b-714f-ae6e-ff996981cebd,Dabble,parlay,SETTLED_WIN,6,,,5,25.00,04/13/2026 17:27:17 GMT,04/14/2026 02:21:49 GMT,2026-04-13T17:27:17.106Z,2026-04-14T02:21:49.531Z,Over 0.5 Mitch Garver hits + runs + rbis Houston Astros @ Seattle Mariners | Over 0.5 Victor Caratini total-bases Boston Red Sox @ Minnesota Twins | Over 1.5 Steven Kwan hits + runs + rbis Cleveland Guardians @ St. Louis Cardinals,,Baseball,MLB
1568501527,PrizePicks,parlay,SETTLED_LOSS,6,,,5,-5.00,04/13/2026 17:26:11 GMT,04/14/2026 02:42:00 GMT,2026-04-13T17:26:11.916Z,2026-04-14T02:42:00.000Z,Under 2.5 Brandon Montour Shots On Goal SEA vs. LA | Under 0.5 Ryan Kreidler Hits MIN vs. BOS | Over 5.5 Will Warren Pitcher Strikeouts NYY vs. LAA,,Ice Hockey | Baseball,NHL | MLB
28e70cdf-3cfa-41de-bbc0-b7ca3d643a13,Underdog,parlay,SETTLED_WIN,3.5,,,5,12.50,04/13/2026 15:01:56 GMT,04/14/2026 04:28:18 GMT,2026-04-13T15:01:56.000Z,2026-04-14T04:28:18.228Z,Higher 1.5 Brendan Donovan Hits + Runs + RBIs O/U HOU @ SEA | Lower 15.5 David Peterson Pitching Outs O/U NYM @ LAD,,Baseball,MLB
eef4a78d-a32c-4f3e-8dab-0a1e5c21456a,Underdog,parlay,SETTLED_WIN,7.07,,,10,26.60,04/13/2026 14:33:42 GMT,04/14/2026 01:40:00 GMT,2026-04-13T14:33:42.000Z,2026-04-14T01:40:00.000Z,Higher 16.5 Mike Burrows Pitching Outs O/U HOU @ SEA | Lower 0.5 Josh Naylor Singles O/U HOU @ SEA | Lower 0.5 Marcell Ozuna Singles O/U WSH @ PIT,,Baseball,MLB
69dcfddde9cd892f2b0302fb,Betr Picks,parlay,SETTLED_LOSS,6,,,15,-15.00,04/13/2026 14:29:49 GMT,04/14/2026 04:23:44 GMT,2026-04-13T14:29:49.672Z,2026-04-14T04:23:44.527Z,Over 2.5 Macklin Celebrini Shots on goal SJ vs. NAS | Under 2.5 Nathan Eovaldi Pitching Earned Runs TEX vs. ATH | Over 1.5 Giancarlo Stanton Hits + Runs + Runs Batted In LAA vs. NYY,,Ice Hockey | Baseball,NHL | MLB
1568217746,PrizePicks,parlay,SETTLED_LOSS,6,,,5,-5.00,04/13/2026 04:56:27 GMT,04/14/2026 04:28:22 GMT,2026-04-13T04:56:27.102Z,2026-04-14T04:28:22.728Z,Over 0.5 Brandon Nimmo Runs TEX vs. ATH | Over 0.5 Paul Goldschmidt Runs NYY vs. LAA | Over 0.5 Dominic Smith Hits ATL vs. MIA,,Baseball,MLB
386feb63-030c-4104-bf64-a84b8a0dcca8,Kalshi,parlay,SETTLED_WIN,4.308202154101077,,,12.07,39.93,04/13/2026 00:47:57 GMT,04/13/2026 03:19:10 GMT,2026-04-13T00:47:57.076Z,2026-04-13T03:19:10.246Z,Dallas Winner CHI at DAL | Los Angeles C Winner GSW at LAC | Phoenix Winner PHX at OKC,,Basketball,NBA
019d843b-85cf-71e6-8f85-c7c741bf1364,Dabble,parlay,SETTLED_LOSS,6,,,5,-5.00,04/13/2026 00:26:26 GMT,04/13/2026 02:52:41 GMT,2026-04-13T00:26:26.594Z,2026-04-13T02:52:41.672Z,Over 0.5 LeBron James double-double Utah Jazz @ Los Angeles Lakers | Over 12.5 Aaron Holiday points Memphis Grizzlies @ Houston Rockets | Over 6.5 Deni Avdija rebounds Sacramento Kings @ Portland Trail Blazers,,Basketball,NBA
1349152661433237504,Sleeper,parlay,SETTLED_LOSS,4.95,,,10,-10.00,04/12/2026 20:26:09 GMT,04/12/2026 23:26:09 GMT,2026-04-12T20:26:09.832Z,2026-04-12T23:26:09.832Z,O 3.5 Desmond Bane Rebounds ORL @ BOS | U 1.5 Chris Sale Walks CLE @ ATL | O 0.5 Deni Avdija Points SAC @ POR,,Basketball | Baseball,NBA | MLB
019d834b-8097-7288-9398-c06ab203a425,Dabble,parlay,SETTLED_LOSS,6,,,5,-5.00,04/12/2026 20:04:16 GMT,04/13/2026 02:42:32 GMT,2026-04-12T20:04:16.607Z,2026-04-13T02:42:32.608Z,Over 3.5 Will Riley rebounds Washington Wizards @ Cleveland Cavaliers | Over 2.5 Jared McCain three-made Phoenix Suns @ Oklahoma City Thunder | Under 5.5 Jake LaRavia rebounds Utah Jazz @ Los Angeles Lakers,,Basketball,NBA
1567530095,PrizePicks,parlay,SETTLED_LOSS,6,,,5,-5.00,04/12/2026 20:02:29 GMT,04/13/2026 03:22:15 GMT,2026-04-12T20:02:29.960Z,2026-04-13T03:22:15.868Z,Under 7.5 Bruce Brown Points DEN vs. SAS | Over 4.5 Nikola Topić Rebounds OKC vs. PHX | Under 28.5 De'Aaron Fox Pts+Rebs+Asts SAS vs. DEN,,Basketball,NBA
1b6afec8-8cea-4341-9aed-872d35dee7f4,Kalshi,straight,SETTLED_WIN,4.25531914893617,,,0.47,1.53,04/12/2026 19:41:19 GMT,04/12/2026 23:15:55 GMT,2026-04-12T19:41:19.002Z,2026-04-12T23:15:55.236Z,Rory McIlroy Will Rory McIlroy win the Masters Tournament 2026 Masters Tournament,,Golf,GOLF
50f400eb-6bfd-4924-b18f-5641b8128047,Underdog,parlay,SETTLED_LOSS,6.5,,,10,-10.00,04/12/2026 19:40:01 GMT,04/13/2026 01:00:00 GMT,2026-04-12T19:40:01.000Z,2026-04-13T01:00:00.000Z,Higher 9.5 Craig Porter Jr. Assists O/U WAS @ CLE | Higher 1.5 Ronald Acuna Jr. Hits + Runs + RBIs O/U CLE @ ATL | Lower 2.5 Tanner Bibee Earned Runs Allowed O/U CLE @ ATL,,Basketball | Baseball,NBA | MLB
6e4aaaf8-8abc-45b9-843c-0601e0058946,Kalshi,straight,SETTLED_WIN,4.73186119873817,,,9.51,35.49,04/12/2026 19:25:14 GMT,04/12/2026 23:15:55 GMT,2026-04-12T19:25:14.514Z,2026-04-12T23:15:55.236Z,Rory McIlroy Will Rory McIlroy win the Masters Tournament 2026 Masters Tournament,,Golf,GOLF
69dbee0e1c88b81aa5d89063,Betr Picks,parlay,SETTLED_LOSS,7.5,,,5,-5.00,04/12/2026 19:10:06 GMT,04/13/2026 03:08:09 GMT,2026-04-12T19:10:06.723Z,2026-04-13T03:08:09.729Z,Over 0.5 Cole Young Hits HOU vs. SEA | Over 17.5 Precious Achiuwa PTS+REB SAC vs. POR | Over 0.5 Bryce Johnson Strikeouts COL vs. SD,,Baseball | Basketball,MLB | NBA
1567447329,PrizePicks,parlay,SETTLED_LOSS,40,,,5,-5.00,04/12/2026 19:03:01 GMT,04/12/2026 23:10:00 GMT,2026-04-12T19:03:01.598Z,2026-04-12T23:10:00.000Z,Over 0.5 Danny Jansen Total Bases TEX vs. LAD | Over 1.5 Julio Rodríguez Hits+Runs+RBIs SEA vs. HOU | Over 0.5 Joey Loperfido Hits HOU vs. SEA | Over 9.5 Tobias Harris Points DET vs. IND | Under 24.5 De'Aaron Fox Pts+Asts SAS vs. DEN | Under 15.5 Nikola Jokić Points DEN vs. SAS,,Baseball | Basketball,MLB | NBA
69dbec1dfa4139281a5edb67,Betr Picks,parlay,SETTLED_LOSS,6,,,10,-10.00,04/12/2026 19:01:49 GMT,04/12/2026 23:22:43 GMT,2026-04-12T19:01:49.954Z,2026-04-12T23:22:43.446Z,Over 1.5 Julio Rodríguez Hits + Runs + Runs Batted In HOU vs. SEA | Over 6.5 Nick Pivetta Pitching Strikeouts COL vs. SD | Over 0.5 Danny Jansen Total Bases TEX vs. LAD,,Baseball,MLB
1567409021,PrizePicks,parlay,SETTLED_LOSS,6,,,5,-5.00,04/12/2026 18:34:30 GMT,04/13/2026 01:10:00 GMT,2026-04-12T18:34:30.942Z,2026-04-13T01:10:00.000Z,Over 7.5 Moussa Diabaté Points CHA vs. NYK | Under 7.5 Devin Vassell Rebs+Asts SAS vs. DEN | Under 16.5 Klay Thompson Pts+Rebs DAL vs. CHI,,Basketball,NBA
1349117590055718912,Sleeper,parlay,SETTLED_LOSS,5.04,,,10,-10.00,04/12/2026 18:06:48 GMT,04/12/2026 21:06:48 GMT,2026-04-12T18:06:48.164Z,2026-04-12T21:06:48.164Z,O 0.5 Nikola Jokić Points DEN @ SAS | O 5.5 Tre Jones Assists CHI @ DAL | O 0.5 Ezequiel Duran Total Bases TEX @ LAD,,Basketball | Baseball,NBA | MLB
WnqLZKK,DK Pick6,round_robin_3,SETTLED_LOSS,5.25,,,5,-5.00,04/12/2026 17:35:00 GMT,04/12/2026 23:10:20 GMT,2026-04-12T17:35:00.000Z,2026-04-12T23:10:20.000Z,Over 1.5 Corey Seager Hits + Runs + RBIs Texas Rangers vs. Los Angeles Dodgers | Under 1.5 Ty France Hits + Runs + RBIs Colorado Rockies vs. San Diego Padres | Over 1.5 Brandon Nimmo Hits + Runs + RBIs Texas Rangers vs. Los Angeles Dodgers,,Baseball,MLB
019d829b-3663-721d-a14c-09a27bb53006,Dabble,parlay,SETTLED_WIN,6,,,5,25.00,04/12/2026 16:51:43 GMT,04/13/2026 03:12:46 GMT,2026-04-12T16:51:43.283Z,2026-04-13T03:12:46.160Z,Under 5.5 Toumani Camara rebounds Sacramento Kings @ Portland Trail Blazers | Over 3.5 Rob Dillingham assists Chicago Bulls @ Dallas Mavericks | Over 9.5 Tobias Harris points Detroit Pistons @ Indiana Pacers,,Basketball,NBA
69dbcc876a19a66a7bfa6c4c,Betr Picks,parlay,SETTLED_VOID,6,,,10,0.00,04/12/2026 16:47:03 GMT,04/13/2026 03:06:34 GMT,2026-04-12T16:47:03.706Z,2026-04-13T03:06:34.592Z,Over 29.5 Deni Avdija PTS+REB SAC vs. POR | Over 0.5 Victor Wembanyama Double Doubles DEN vs. SA | Over 32.5 Cooper Flagg Points CHI vs. DAL,,Basketball,NBA
1567211815,PrizePicks,round_robin_3,SETTLED_LOSS,3,,,5,-5.00,04/12/2026 16:45:59 GMT,04/13/2026 01:11:00 GMT,2026-04-12T16:45:59.502Z,2026-04-13T01:11:00.000Z,Over 3.5 De'Aaron Fox Rebounds SAS vs. DEN | Over 24.5 LeBron James Points LAL vs. UTA | Over 3.5 Bam Adebayo Assists MIA vs. ATL,,Basketball,NBA
69dae9e875f74eaa652bd318,Betr Picks,parlay,SETTLED_LOSS,6,,,10,-10.00,04/12/2026 00:40:08 GMT,04/12/2026 05:07:10 GMT,2026-04-12T00:40:08.436Z,2026-04-12T05:07:10.679Z,Over 0.5 Kyle Karros Hits COL vs. SD | Over 0.5 Jake Cronenworth Total Bases COL vs. SD | Under 15.5 Lance McCullers Jr. Total Outs Pitched HOU vs. SEA,,Baseball,MLB
1348811845682630656,Sleeper,parlay,SETTLED_LOSS,5.23,,,10,-10.00,04/11/2026 21:51:53 GMT,04/12/2026 00:51:53 GMT,2026-04-11T21:51:53.025Z,2026-04-12T00:51:53.025Z,O 15.5 Luis Castillo Outs HOU @ SEA | O 1.5 Gunnar Henderson Hits Runs Rbis SF @ BAL | O 4.5 Ranger Suarez Strike Outs BOS @ STL,,Baseball,MLB
019d7e83-ab53-75d9-a622-b5d9929782bb,Dabble,parlay,SETTLED_WIN,6,,,5,25.00,04/11/2026 21:47:31 GMT,04/12/2026 04:55:14 GMT,2026-04-11T21:47:31.486Z,2026-04-12T04:55:14.018Z,Over 0.5 Jeremy Peña singles Houston Astros @ Seattle Mariners | Over 1.5 Gunnar Henderson hits + runs + rbis San Francisco Giants @ Baltimore Orioles | Under 0.5 Brandon Lockridge singles Washington Nationals @ Milwaukee Brewers,,Baseball,MLB
0015f21d-d9da-4232-bd76-0c49a4cd5076,Underdog,parlay,SETTLED_LOSS,8.15,,,5,-5.00,04/11/2026 21:14:22 GMT,04/12/2026 02:15:00 GMT,2026-04-11T21:14:22.000Z,2026-04-12T02:15:00.000Z,Higher 0.5 Ivan Herrera Singles O/U BOS @ STL | Higher 0.5 Coby Mayo Hits O/U SF @ BAL | Higher 0.5 Hyeseong Kim Hits O/U TEX @ LAD,,Baseball,MLB
1566350153,PrizePicks,parlay,SETTLED_LOSS,5.5,,,5,-5.00,04/11/2026 21:01:38 GMT,04/12/2026 03:41:00 GMT,2026-04-11T21:01:38.193Z,2026-04-12T03:41:00.000Z,Over 1.5 Gunnar Henderson Hits+Runs+RBIs BAL vs. SF | Over 0.5 Coby Mayo Hits BAL vs. SF | Under 0.5 Nick Castellanos Singles SD vs. COL,,Baseball,MLB
69dab660edb3f725e5613124,Betr Picks,parlay,SETTLED_WIN,6,,,5,30.00,04/11/2026 21:00:16 GMT,04/12/2026 02:30:35 GMT,2026-04-11T21:00:16.798Z,2026-04-12T02:30:35.180Z,Under 16.5 Kyle Leahy Total Outs Pitched BOS vs. STL | Under 1.5 Kyle Harrison Pitching Walks WSH vs. MIL | Over 0.5 Jonah Heim Total Bases CLE vs. ATL,,Baseball,MLB
69dab5312aa2e8081226e328,Betr Picks,parlay,SETTLED_LOSS,6,,,10,-10.00,04/11/2026 20:55:13 GMT,04/12/2026 03:06:57 GMT,2026-04-11T20:55:13.996Z,2026-04-12T03:06:57.902Z,Over 2.5 Nathan MacKinnon Shots on goal VEG vs. COL | Under 1.5 Carlos Narváez Hits + Runs + Runs Batted In BOS vs. STL | Over 0.5 JJ Wetherholt Singles BOS vs. STL,,Ice Hockey | Baseball,NHL | MLB
019d7e23-8a94-76dd-b1a2-90d2c9b004ef,Dabble,parlay,SETTLED_LOSS,4.2,,,5,-5.00,04/11/2026 20:02:31 GMT,04/11/2026 22:37:36 GMT,2026-04-11T20:02:31.646Z,2026-04-11T22:37:36.858Z,Over 0.5 Nick Kurtz total-bases Athletics @ New York Mets | Over 0.5 Roman Anthony singles Boston Red Sox @ St. Louis Cardinals | Over 1.5 Erick Fedde walks Chicago White Sox @ Kansas City Royals,,Baseball,MLB
7fb69d06-64ae-40fd-a0d7-bb6b1a7c5643,Underdog,parlay,SETTLED_LOSS,8.3,,,10,-10.00,04/11/2026 19:56:03 GMT,04/12/2026 02:15:00 GMT,2026-04-11T19:56:03.000Z,2026-04-12T02:15:00.000Z,Higher 1.5 Drake Baldwin Hits + Runs + RBIs O/U CLE @ ATL | Higher 0.5 Mike Yastrzemski Hits O/U CLE @ ATL | Higher 1.5 Shohei Ohtani Total Bases O/U TEX @ LAD,,Baseball,MLB
69daa556534296afa600791c,Betr Picks,parlay,SETTLED_LOSS,6,,,10,-10.00,04/11/2026 19:47:34 GMT,04/12/2026 02:20:01 GMT,2026-04-11T19:47:34.755Z,2026-04-12T02:20:01.025Z,Over 4.5 Logan Webb Pitching Strikeouts SF vs. BAL | Over 1.5 Steven Kwan Hits + Runs + Runs Batted In CLE vs. ATL | Over 1.5 Mike Trout Hits + Runs + Runs Batted In LAA vs. CIN,,Baseball,MLB
8P547xB,DK Pick6,round_robin_4,SETTLED_LOSS,10,,,5,-5.00,04/11/2026 17:05:00 GMT,04/12/2026 02:15:51 GMT,2026-04-11T17:05:00.000Z,2026-04-12T02:15:51.000Z,Over 1.5 Drake Baldwin Hits + Runs + RBIs Cleveland Guardians vs. Atlanta Braves | Under 1.5 Edouard Julien Hits + Runs + RBIs Colorado Rockies vs. San Diego Padres | Under 2.5 Shohei Ohtani Hits + Runs + RBIs Texas Rangers vs. Los Angeles Dodgers | Over 4.5 Luis Castillo Strikeouts Thrown Houston Astros vs. Seattle Mariners,,Baseball,MLB
9574DqG,DK Pick6,round_robin_3,SETTLED_WIN,6,,,10,50.00,04/11/2026 17:05:00 GMT,04/12/2026 04:10:31 GMT,2026-04-11T17:05:00.000Z,2026-04-12T04:10:31.000Z,Under 1.5 Max Muncy Hits + Runs + RBIs Texas Rangers vs. Los Angeles Dodgers | Over 1.5 Manny Machado Hits + Runs + RBIs Colorado Rockies vs. San Diego Padres | Over 3.5 Ranger Suarez Strikeouts Thrown Boston Red Sox vs. St. Louis Cardinals,,Baseball,MLB
ZzqZqxz,DK Pick6,round_robin_3,SETTLED_LOSS,6,,,10,-10.00,04/10/2026 23:00:00 GMT,04/11/2026 02:40:43 GMT,2026-04-10T23:00:00.000Z,2026-04-11T02:40:43.000Z,Under 20.5 Darius Garland Points Los Angeles Clippers vs. Portland Trail Blazers | Over 16.5 VJ Edgecombe Points Philadelphia 76ers vs. Indiana Pacers | Over 18.5 LaMelo Ball Points Detroit Pistons vs. Charlotte Hornets,,Basketball,NBA
019d798a-7211-706b-aa1a-8e3e330f5870,Dabble,parlay,SETTLED_LOSS,6,,,10,-10.00,04/10/2026 22:36:49 GMT,04/11/2026 01:42:26 GMT,2026-04-10T22:36:49.503Z,2026-04-11T01:42:26.547Z,Over 18.5 Ben Saraf assists + points Brooklyn Nets @ Milwaukee Bucks | Over 5.5 Matas Buzelis rebounds Orlando Magic @ Chicago Bulls | Over 3.5 Pelle Larsson rebounds Miami Heat @ Washington Wizards,,Basketball,NBA
1d912f04-0f2d-4de4-a61f-50d9255627ff,Underdog,parlay,SETTLED_LOSS,8.7,,,10,-10.00,04/10/2026 22:26:21 GMT,04/11/2026 02:00:00 GMT,2026-04-10T22:26:21.000Z,2026-04-11T02:00:00.000Z,Lower 5.5 Jamir Watkins Rebounds O/U MIA @ WAS | Higher 32.5 James Harden Pts + Rebs + Asts O/U CLE @ ATL | Higher 4.5 Jay Huff Rebounds O/U PHI @ IND,,Basketball,NBA
1348434352274419712,Sleeper,parlay,SETTLED_WIN,2.73,,,10,17.30,04/10/2026 20:51:51 GMT,04/10/2026 23:51:51 GMT,2026-04-10T20:51:51.583Z,2026-04-10T23:51:51.583Z,O 19.5 Nikola Jokić Points OKC @ DEN | O 1.5 Matas Buzelis Assists ORL @ CHI | O 1.5 Masataka Yoshida Hits Runs Rbis BOS @ STL,,Basketball | Baseball,NBA | MLB
1564693708,PrizePicks,parlay,SETTLED_LOSS,6,,,5,-5.00,04/10/2026 20:23:57 GMT,04/11/2026 01:45:00 GMT,2026-04-10T20:23:57.304Z,2026-04-11T01:45:00.000Z,Over 3.5 Jack Kochanowicz Pitcher Strikeouts LAA vs. CIN | Under 14.5 Bam Adebayo Rebs+Asts MIA vs. WAS | Over 0.5 Brook Lopez Steals LAC vs. POR,,Baseball | Basketball,MLB | NBA
cf8e43a3-b7e9-4b4a-9368-6d2810ee4fc1,Underdog,parlay,SETTLED_LOSS,6.5,,,5,-5.00,04/10/2026 20:21:13 GMT,04/11/2026 02:00:00 GMT,2026-04-10T20:21:13.000Z,2026-04-11T02:00:00.000Z,Higher 4.5 Kon Knueppel Rebounds O/U DET @ CHA | Higher 19.5 Andrew Wiggins Points + Rebounds O/U MIA @ WAS | Lower 0.5 Maikel Garcia Runs O/U CWS @ KC,,Basketball | Baseball,NBA | MLB
69d9583f579b8e1013f9fcc2,Betr Picks,parlay,SETTLED_LOSS,6,,,15,-15.00,04/10/2026 20:06:23 GMT,04/11/2026 04:41:25 GMT,2026-04-10T20:06:23.168Z,2026-04-11T04:41:25.981Z,Over 27.5 Kevin Durant PTS+REB MIN vs. HOU | Under 11.5 Kawhi Leonard AST+REB LAC vs. POR | Over 9.5 Davion Mitchell Points MIA vs. WAS,,Basketball,NBA
7MLB5QZ,DK Pick6,round_robin_3,SETTLED_LOSS,7.8,,,10,-10.00,04/10/2026 18:20:00 GMT,04/11/2026 01:45:01 GMT,2026-04-10T18:20:00.000Z,2026-04-11T01:45:01.000Z,Over 1.5 Yordan Alvarez Hits + Runs + RBIs Houston Astros vs. Seattle Mariners | Over 1.5 Matt McLain Hits + Runs + RBIs Los Angeles Angels vs. Cincinnati Reds | Over 1.5 Will Smith Hits + Runs + RBIs Texas Rangers vs. Los Angeles Dodgers,,Baseball,MLB
69d93d94149f8288513d50f4,Betr Picks,parlay,SETTLED_LOSS,6,,,10,-10.00,04/10/2026 18:12:36 GMT,04/11/2026 04:40:50 GMT,2026-04-10T18:12:36.735Z,2026-04-11T04:40:50.411Z,Over 44.5 Nikola Jokić Pts+Rebs+Asst OKC vs. DEN | Under 11.5 Donovan Clingan Rebounds LAC vs. POR | Under 9.5 Jalen Duren Rebounds DET vs. CHA,,Basketball,NBA
1564393973,PrizePicks,round_robin_6,SETTLED_LOSS,40,,,5,-5.00,04/10/2026 17:16:54 GMT,04/11/2026 03:10:00 GMT,2026-04-10T17:16:54.906Z,2026-04-11T03:10:00.000Z,Over 4.5 Dustin May Pitcher Strikeouts STL vs. BOS | Under 4.5 Ryan Kalkbrenner Rebounds CHA vs. DET | Over 4.5 Kyle Kuzma Rebounds MIL vs. BKN | Under 1.5 Chad Patrick Walks Allowed MIL vs. WSH | Over 1.5 Yordan Alvarez Hits+Runs+RBIs HOU vs. SEA | Over 5.5 Tre Jones Assists CHI vs. ORL,,Baseball | Basketball,MLB | NBA
69d92a37992a1db4047d1ea1,Betr Picks,parlay,SETTLED_LOSS,6,,,10,-10.00,04/10/2026 16:49:59 GMT,04/11/2026 05:10:55 GMT,2026-04-10T16:49:59.592Z,2026-04-11T05:10:55.571Z,Over 24.5 Ousmane Dieng Pts+Rebs+Asst BKN vs. MIL | Over 5.5 Tyler Glasnow Pitching Strikeouts TEX vs. LAD | Under 5.5 Slade Cecconi Pitching Hits Allowed CLE vs. ATL,,Basketball | Baseball,NBA | MLB
019d7804-d2ec-70cc-9d96-68ab360c8b79,Dabble,parlay,SETTLED_LOSS,6,,,10,-10.00,04/10/2026 15:31:15 GMT,04/11/2026 02:22:13 GMT,2026-04-10T15:31:15.174Z,2026-04-11T02:22:13.128Z,Over 5.5 Tre Jones assists Orlando Magic @ Chicago Bulls | Over 3.5 Derrick Jones Jr. rebounds Los Angeles Clippers @ Portland Trail Blazers | Over 19.5 Dillon Brooks points Phoenix Suns @ Los Angeles Lakers,,Basketball,NBA
1564206267,PrizePicks,parlay,SETTLED_LOSS,6,,,5,-5.00,04/10/2026 14:47:48 GMT,04/11/2026 02:10:00 GMT,2026-04-10T14:47:48.362Z,2026-04-11T02:10:00.000Z,Over 14.5 Maxime Raynaud Points SAC vs. GSW | Over 4.5 OG Anunoby Rebounds NYK vs. TOR | Over 7.5 Kon Knueppel Rebs+Asts CHA vs. DET,,Basketball,NBA
69d82b723357bfb283aaf8b1,Betr Picks,parlay,SETTLED_WIN,6,,,10,50.00,04/09/2026 22:42:58 GMT,04/10/2026 04:34:51 GMT,2026-04-09T22:42:58.266Z,2026-04-10T04:34:51.742Z,Over 38.5 LeBron James Pts+Rebs+Asst LAL vs. GS | Under 3.5 Reed Sheppard Assists PHI vs. HOU | Under 6.5 Tyrese Maxey Assists PHI vs. HOU,,Basketball,NBA
61826af8-e3e6-4bd2-84e7-aa122bfdda55,Underdog,parlay,SETTLED_LOSS,6.5,,,5,-5.00,04/09/2026 20:44:25 GMT,04/10/2026 02:30:00 GMT,2026-04-09T20:44:25.000Z,2026-04-10T02:30:00.000Z,Lower 21.5 Norman Powell Pts + Rebs + Asts O/U MIA @ TOR | Lower 2.5 OG Anunoby 3-Pointers Made O/U BOS @ NYK | Lower 6.5 Tyrese Maxey Assists O/U PHI @ HOU,,Basketball,NBA
69d80f33b387300a25051536,Betr Picks,parlay,SETTLED_WIN,6,,,10,50.00,04/09/2026 20:42:27 GMT,04/10/2026 02:07:50 GMT,2026-04-09T20:42:27.354Z,2026-04-10T02:07:50.400Z,Over 35.5 Jayson Tatum Pts+Rebs+Asst BOS vs. NY | Over 3.5 Will Riley Assists CHI vs. WAS | Under 1.5 Karl-Anthony Towns 3PT Made BOS vs. NY,,Basketball,NBA
1348056241322102784,Sleeper,parlay,SETTLED_LOSS,5.29,,,10,-10.00,04/09/2026 19:49:22 GMT,04/09/2026 22:49:22 GMT,2026-04-09T19:49:22.906Z,2026-04-09T22:49:22.906Z,O 21.5 Jalen Brunson Points BOS @ NYK | U 10.5 Ben Saraf Rebounds & Assists IND @ BKN | U 12.5 Draymond Green Rebounds & Assists LAL @ GSW,,Basketball,NBA
1563002735,PrizePicks,parlay,SETTLED_LOSS,6,,,5,-5.00,04/09/2026 19:31:48 GMT,04/10/2026 02:10:00 GMT,2026-04-09T19:31:48.181Z,2026-04-10T02:10:00.000Z,Under 6.5 Draymond Green Assists GSW vs. LAL | Under 22.5 Collin Sexton Points CHI vs. WAS | Under 1.5 Nolan McLean Earned Runs Allowed NYM vs. AZ,,Basketball | Baseball,NBA | MLB
019d7347-c921-7321-b64e-f5092c5b0143,Dabble,parlay,SETTLED_LOSS,6,,,7,-7.00,04/09/2026 17:26:17 GMT,04/10/2026 02:04:37 GMT,2026-04-09T17:26:17.589Z,2026-04-10T02:04:37.488Z,Over 35.5 Tyrese Maxey assists + points + rebounds Philadelphia 76ers @ Houston Rockets | Over 2.5 Derrick White three-made Boston Celtics @ New York Knicks | Over 8.5 Davion Mitchell points Miami Heat @ Toronto Raptors,,Basketball,NBA
c25a0a57-4ed3-48ee-8f87-70396e150b3b,Underdog,parlay,SETTLED_LOSS,8.15,,,10,-10.00,04/09/2026 17:03:20 GMT,04/10/2026 02:30:00 GMT,2026-04-09T17:03:20.000Z,2026-04-10T02:30:00.000Z,Higher 3.5 Derrick White Rebounds O/U BOS @ NYK | Higher 8.5 VJ Edgecombe Rebounds + Assists O/U PHI @ HOU | Higher 11.5 Deandre Ayton Points O/U LAL @ GSW,,Basketball,NBA
69d7d91a4870e5de1d90ab4a,Betr Picks,parlay,SETTLED_WIN,6,,,10,50.00,04/09/2026 16:51:38 GMT,04/10/2026 04:35:18 GMT,2026-04-09T16:51:38.207Z,2026-04-10T04:35:18.582Z,Over 1.5 Rui Hachimura 3PT Made LAL vs. GS | Under 9.5 RJ Barrett AST+REB MIA vs. TOR | Over 4.5 Nolan McLean Pitching Strikeouts ARI vs. NYM,,Basketball | Baseball,NBA | MLB
922667b0-c707-49ab-9657-74ea431415a1,Underdog,parlay,SETTLED_WIN,3.5,,,8.5,21.25,04/09/2026 16:50:54 GMT,04/10/2026 04:36:02 GMT,2026-04-09T16:50:54.000Z,2026-04-10T04:36:02.439Z,Higher 11.5 Jay Huff Points O/U IND @ BKN | Lower 9.5 Draymond Green Points O/U LAL @ GSW,,Basketball,NBA
1562797111,PrizePicks,parlay,SETTLED_LOSS,6,,,5,-5.00,04/09/2026 16:47:54 GMT,04/10/2026 02:10:00 GMT,2026-04-09T16:47:54.151Z,2026-04-10T02:10:00.000Z,Over 14.5 Jabari Smith Points HOU vs. PHI | Over 15.5 Josh Hart Pts+Asts NYK vs. BOS | Over 6.5 Guerschon Yabusele Rebounds CHI vs. WAS,,Basketball,NBA
bPxzrBw,DK Pick6,round_robin_3,SETTLED_LOSS,5.556,,,5,-5.00,04/09/2026 16:10:00 GMT,04/10/2026 02:10:25 GMT,2026-04-09T16:10:00.000Z,2026-04-10T02:10:25.000Z,Over 0.5 Tristan Peters Hits Chicago White Sox vs. Kansas City Royals | Over 1.5 Chase Meidroth Hits + Runs + RBIs Chicago White Sox vs. Kansas City Royals | Over 1.5 Bo Bichette Hits + Runs + RBIs Arizona Diamondbacks vs. New York Mets,,Baseball,MLB
d93d479d-88bb-49a4-afc1-6ee92f54ca14,Underdog,parlay,SETTLED_WIN,6.25,,,5,26.25,04/09/2026 01:55:22 GMT,04/09/2026 05:00:00 GMT,2026-04-09T01:55:22.000Z,2026-04-09T05:00:00.000Z,Lower 7.5 Kris Dunn Points O/U OKC @ LAC | Lower 1.5 Brook Lopez Blocks O/U OKC @ LAC | Lower 17.5 Oso Ighodaro Pts + Rebs + Asts O/U DAL @ PHX,,Basketball,NBA
1562175400,PrizePicks,parlay,SETTLED_LOSS,13,,,5,-5.00,04/09/2026 01:53:02 GMT,04/09/2026 17:19:00 GMT,2026-04-09T01:53:02.160Z,2026-04-09T17:19:00.000Z,Over 3.5 Collin Morikawa Birdies Or Better Collin Morikawa vs. Augusta National - RD 1 | Under 3.5 Min Woo Lee Bogeys or Worse Min Lee vs. Augusta National - RD 1 | Under 3.5 Ludvig Aberg Bogeys or Worse Ludvig Aberg vs. Augusta National - RD 1 | Under 3.5 Si Woo Kim Bogeys or Worse Si Kim vs. Augusta National - RD 1 | Under 11.5 Tommy Fleetwood Pars Tommy Fleetwood vs. Augusta National - RD 1,,Golf | other,GOLF | other
019d6fee-ae50-7264-8d6d-7eb1a161f14c,Dabble,parlay,SETTLED_LOSS,5.1,,,8,-8.00,04/09/2026 01:50:06 GMT,04/09/2026 04:20:49 GMT,2026-04-09T01:50:06.360Z,2026-04-09T04:20:49.335Z,Over 3.5 Shai Gilgeous-Alexander rebounds Oklahoma City Thunder @ Los Angeles Clippers | Over 2.5 Oso Ighodaro assists Dallas Mavericks @ Phoenix Suns | Over 3.5 Devin Booker rebounds Dallas Mavericks @ Phoenix Suns,,Basketball,NBA
1562143417,PrizePicks,round_robin_3,SETTLED_LOSS,3,,,5,-5.00,04/09/2026 01:37:46 GMT,04/09/2026 05:10:00 GMT,2026-04-09T01:37:46.425Z,2026-04-09T05:10:00.000Z,Over 5.5 Jordan Goodwin Rebounds PHX vs. DAL | Over 10.5 Luguentz Dort Pts+Rebs+Asts OKC vs. LAC | Over 12.5 Derrick Jones Pts+Rebs LAC vs. OKC,,Basketball,NBA
019d6fe2-1df9-7297-b5df-b850db1383cb,Dabble,parlay,SETTLED_WIN,6,,,5,25.00,04/09/2026 01:36:22 GMT,04/09/2026 04:47:24 GMT,2026-04-09T01:36:22.976Z,2026-04-09T04:47:24.336Z,Over 7.5 Chet Holmgren rebounds Oklahoma City Thunder @ Los Angeles Clippers | Over 9.5 Luke Kornet assists + points Portland Trail Blazers @ San Antonio Spurs | Over 3.5 Devin Booker rebounds Dallas Mavericks @ Phoenix Suns,,Basketball,NBA
RVG7qwW,DK Pick6,round_robin_3,SETTLED_LOSS,6,,,8,-8.00,04/08/2026 23:00:00 GMT,04/09/2026 02:12:57 GMT,2026-04-08T23:00:00.000Z,2026-04-09T02:12:57.000Z,Over 10.5 Nikola Jokic Assists Memphis Grizzlies vs. Denver Nuggets | Under 4.5 Dylan Harper Rebounds Portland Trail Blazers vs. San Antonio Spurs | Under 3.5 Nickeil Alexander-Walker Rebounds Atlanta Hawks vs. Cleveland Cavaliers,,Basketball,NBA
7MLx5d8,DK Pick6,round_robin_3,SETTLED_LOSS,6,,,5,-5.00,04/08/2026 23:00:00 GMT,04/09/2026 04:10:44 GMT,2026-04-08T23:00:00.000Z,2026-04-09T04:10:44.000Z,Under 24.5 Aaron Gordon Pts + Rebs + Asts Memphis Grizzlies vs. Denver Nuggets | Over 6.5 Robert Williams Rebounds Portland Trail Blazers vs. San Antonio Spurs | Under 4.5 Bruce Brown Rebounds Memphis Grizzlies vs. Denver Nuggets,,Basketball,NBA
1347738480809103360,Sleeper,parlay,SETTLED_LOSS,5.66,,,10,-10.00,04/08/2026 22:46:42 GMT,04/09/2026 01:46:42 GMT,2026-04-08T22:46:42.897Z,2026-04-09T01:46:42.897Z,O 17.5 De'Aaron Fox Points POR @ SAS | O 10.5 Duncan Robinson Points MIL @ DET | O 3.5 Donte DiVincenzo Rebounds MIN @ ORL,,Basketball,NBA
1347736725136375808,Sleeper,parlay,SETTLED_PUSH,5.78,,,10,0.00,04/08/2026 22:39:44 GMT,04/09/2026 01:39:44 GMT,2026-04-08T22:39:44.312Z,2026-04-09T01:39:44.312Z,O 17.5 De'Aaron Fox Points POR @ SAS | U 10.5 Jamal Murray Rebounds & Assists MEM @ DEN | O 3.5 Donte DiVincenzo Rebounds MIN @ ORL,,Basketball,NBA
019d6f3a-7193-7648-b2c2-92751b0bf4f6,Dabble,parlay,SETTLED_LOSS,6,,,5,-5.00,04/08/2026 22:33:14 GMT,04/09/2026 04:21:15 GMT,2026-04-08T22:33:14.332Z,2026-04-09T04:21:15.950Z,Under 4.5 Max Strus rebounds Atlanta Hawks @ Cleveland Cavaliers | Over 2.5 Oso Ighodaro assists Dallas Mavericks @ Phoenix Suns | Under 5.5 Dylan Harper assists Portland Trail Blazers @ San Antonio Spurs,,Basketball,NBA
019d6f30-4d6c-708c-883d-faa8e4c5e189,Dabble,parlay,SETTLED_LOSS,6,,,5,-5.00,04/08/2026 22:22:09 GMT,04/09/2026 01:26:47 GMT,2026-04-08T22:22:09.719Z,2026-04-09T01:26:47.422Z,Over 3.5 Donte DiVincenzo rebounds Minnesota Timberwolves @ Orlando Magic | Under 7.5 Deni Avdija rebounds Portland Trail Blazers @ San Antonio Spurs | Over 0.5 Matt Shaw hits Chicago Cubs @ Tampa Bay Rays,,Basketball | Baseball,NBA | MLB
1561752063,PrizePicks,parlay,SETTLED_WIN,6,,,5,25.00,04/08/2026 22:19:43 GMT,04/09/2026 02:10:00 GMT,2026-04-08T22:19:43.067Z,2026-04-09T02:10:00.000Z,Over 9.5 AJ Green Points MIL vs. DET | Over 3.5 Eury Pérez Hits Allowed MIA vs. CIN | Under 16.5 Brady Singer Pitching Outs CIN vs. MIA,,Basketball | Baseball,NBA | MLB
019d6f01-d8cd-707e-ad43-b55ae07bd19c,Dabble,parlay,SETTLED_LOSS,6.6,,,10,-10.00,04/08/2026 21:31:25 GMT,04/09/2026 01:28:14 GMT,2026-04-08T21:31:25.206Z,2026-04-09T01:28:14.343Z,Over 6.5 Deni Avdija rebounds Portland Trail Blazers @ San Antonio Spurs | Over 5.5 Jalen Suggs assists Minnesota Timberwolves @ Orlando Magic | Over 9.5 Duncan Robinson points Milwaukee Bucks @ Detroit Pistons,,Basketball,NBA
1561631547,PrizePicks,parlay,SETTLED_LOSS,6,,,5,-5.00,04/08/2026 21:13:34 GMT,04/09/2026 04:40:00 GMT,2026-04-08T21:13:34.798Z,2026-04-09T04:40:00.000Z,Under 5 Dylan Harper Assists SAS vs. POR | Under 4.5 Devin Vassell Rebounds SAS vs. POR | Under 4.5 Jalen Williams Rebounds OKC vs. LAC,,Basketball,NBA
69d6c387c80b03484ebe25ef,Betr Picks,parlay,SETTLED_LOSS,6,,,5,-5.00,04/08/2026 21:07:19 GMT,04/09/2026 04:40:30 GMT,2026-04-08T21:07:19.670Z,2026-04-09T04:40:30.413Z,Over 2.5 Luis Severino Pitching Walks ATH vs. NYY | Over 0.5 Dansby Swanson Total Bases CHC vs. TB | Over 7.5 Isaiah Hartenstein Rebounds OKC vs. LAC,,Baseball | Basketball,MLB | NBA
019d6eeb-27c8-76ec-bac0-5c49c9cffcaa,Dabble,parlay,SETTLED_LOSS,6,,,10,-10.00,04/08/2026 21:06:38 GMT,04/09/2026 01:37:21 GMT,2026-04-08T21:06:38.111Z,2026-04-09T01:37:21.254Z,Over 2.5 Oso Ighodaro assists Dallas Mavericks @ Phoenix Suns | Over 2.5 Onyeka Okongwu assists Atlanta Hawks @ Cleveland Cavaliers | Over 12.5 Paolo Banchero assists + rebounds Minnesota Timberwolves @ Orlando Magic,,Basketball,NBA
019d6ee4-628b-733c-8903-719076cf0489,Dabble,parlay,SETTLED_LOSS,6.6,,,10,-10.00,04/08/2026 20:59:14 GMT,04/09/2026 01:28:55 GMT,2026-04-08T20:59:14.392Z,2026-04-09T01:28:55.098Z,Over 16.5 Bones Hyland points Minnesota Timberwolves @ Orlando Magic | Over 3.5 Ryan Rollins rebounds Milwaukee Bucks @ Detroit Pistons | Over 22.5 CJ McCollum assists + points Atlanta Hawks @ Cleveland Cavaliers,,Basketball,NBA
89592356-2cb7-4775-a0f5-b2146fd1ae04,Underdog,parlay,SETTLED_LOSS,6.5,,,5,-5.00,04/08/2026 20:53:41 GMT,04/09/2026 02:00:00 GMT,2026-04-08T20:53:41.000Z,2026-04-09T02:00:00.000Z,Higher 18.5 Donte DiVincenzo Pts + Rebs + Asts O/U MIN @ ORL | Higher 18.5 Tobias Harris Pts + Rebs + Asts O/U MIL @ DET | Lower 1.5 Taylor Hendricks 3-Pointers Made O/U MEM @ DEN,,Basketball,NBA
1347709174703747072,Sleeper,parlay,SETTLED_LOSS,5.04,,,10,-10.00,04/08/2026 20:50:15 GMT,04/08/2026 23:50:15 GMT,2026-04-08T20:50:15.777Z,2026-04-08T23:50:15.777Z,O 0.5 Rory McIlroy Strokes Masters Tournament | U 6.5 De'Aaron Fox Assists POR @ SAS | U 8.5 Kris Dunn Rebounds & Assists OKC @ LAC,,Golf | Basketball,GOLF | NBA
69d6b851b35f178ec167c0d2,Betr Picks,parlay,SETTLED_LOSS,6,,,10,-10.00,04/08/2026 20:19:29 GMT,04/09/2026 04:44:20 GMT,2026-04-08T20:19:29.012Z,2026-04-09T04:44:20.620Z,Over 3.5 Nickeil Alexander-Walker Assists ATL vs. CLE | Under 10.5 Shai Gilgeous-Alexander AST+REB OKC vs. LAC | Over 23.5 Devin Booker Points DAL vs. PHO,,Basketball,NBA
1347648706953904128,Sleeper,parlay,SETTLED_PUSH,7.91,,,5,0.00,04/08/2026 16:49:59 GMT,04/08/2026 19:49:59 GMT,2026-04-08T16:49:59.142Z,2026-04-08T19:49:59.142Z,O 1.5 Lamine Yamal Shots On Target 1062 @ 1068 | O 0.5 Khvicha Kvaratskhelia Shots On Target 1045 @ 1101 | O 0.5 Dominik Szoboszlai Shots On Target 1045 @ 1101 | O 0.5 Julián Alvarez Shots On Target 1062 @ 1068,,other,other
4cfce395-b36a-4896-9963-8e6bbe2c679f,Underdog,parlay,SETTLED_LOSS,8.7,,,10,-10.00,04/08/2026 16:28:27 GMT,04/08/2026 21:38:30 GMT,2026-04-08T16:28:27.000Z,2026-04-08T21:38:30.033Z,Lower 2.5 Dylan Cease Walks Allowed O/U LAD @ TOR | Higher 1.5 Luis Garcia Hits + Runs + RBIs O/U STL @ WSH | Lower 4.5 Ryne Nelson Hits Allowed O/U AZ @ NYM,,Baseball,MLB
69d68143f0e5547dfc3daad1,Betr Picks,parlay,SETTLED_LOSS,6,,,10,-10.00,04/08/2026 16:24:35 GMT,04/09/2026 02:53:30 GMT,2026-04-08T16:24:35.577Z,2026-04-09T02:53:30.998Z,Over 1.5 Tyler Mahle Pitching Walks PHI vs. SF | Over 1.5 Aaron Nola Pitching Walks PHI vs. SF | Over 4.5 Framber Valdez Pitching Strikeouts DET vs. MIN,,Baseball,MLB
019d6dce-17ff-76ae-aa36-2a3fb0c7e546,Dabble,parlay,SETTLED_LOSS,5.1,,,5,-5.00,04/08/2026 15:55:16 GMT,04/08/2026 22:18:48 GMT,2026-04-08T15:55:16.151Z,2026-04-08T22:18:48.518Z,Over 0.5 Ezequiel Duran hits + runs + rbis Seattle Mariners @ Texas Rangers | Over 0.5 Justin Crawford hits Philadelphia Phillies @ San Francisco Giants | Over 0.5 Danny Jansen hits + runs + rbis Seattle Mariners @ Texas Rangers,,Baseball,MLB
69d6736067d592f7a0826470,Betr Picks,parlay,SETTLED_LOSS,6,,,15,-15.00,04/08/2026 15:25:20 GMT,04/09/2026 04:44:18 GMT,2026-04-08T15:25:20.619Z,2026-04-09T04:44:18.172Z,Over 7.5 Onyeka Okongwu Rebounds ATL vs. CLE | Over 8.5 Evan Mobley Rebounds ATL vs. CLE | Over 25.5 Kawhi Leonard Points OKC vs. LAC,,Basketball,NBA
6897aad0-1da1-4776-b820-a73e2a8045f8,Underdog,parlay,SETTLED_WIN,8.39,,,5,36.95,04/08/2026 15:16:17 GMT,04/09/2026 04:27:39 GMT,2026-04-08T15:16:17.000Z,2026-04-09T04:27:39.143Z,Higher 1.5 Shane Drohan Walks Allowed O/U MIL @ BOS | Higher 4.5 Jalen Williams Assists O/U OKC @ LAC | Higher 11.5 Cooper Flagg Rebounds + Assists O/U DAL @ PHX,,Baseball | Basketball,MLB | NBA
1560147493,PrizePicks,parlay,SETTLED_LOSS,6,,,10,-10.00,04/07/2026 23:06:41 GMT,04/08/2026 03:14:00 GMT,2026-04-07T23:06:41.410Z,2026-04-08T03:14:00.000Z,Over 14.5 Kevin Durant Points HOU vs. PHX | Over 6.5 Cam Schlittler Pitcher Strikeouts NYY vs. ATH | Over 3.5 Derrick White Rebounds BOS vs. CHA,,Basketball | Baseball,NBA | MLB
5rM7mmx,DK Pick6,round_robin_3,SETTLED_WIN,6,,,10,50.00,04/07/2026 23:00:00 GMT,04/08/2026 06:13:19 GMT,2026-04-07T23:00:00.000Z,2026-04-08T06:13:19.000Z,Over 6.5 Luguentz Dort Points Oklahoma City Thunder vs. Los Angeles Lakers | Over 8.5 Jericho Sims Points Milwaukee Bucks vs. Brooklyn Nets | Over 20.5 Devin Booker Points Houston Rockets vs. Phoenix Suns,,Basketball,NBA
95797q7,DK Pick6,round_robin_3,SETTLED_LOSS,6,,,10,-10.00,04/07/2026 23:00:00 GMT,04/08/2026 02:42:10 GMT,2026-04-07T23:00:00.000Z,2026-04-08T02:42:10.000Z,Under 10.5 Neemias Queta Points Charlotte Hornets vs. Boston Celtics | Under 22.5 Brandon Ingram Points Miami Heat vs. Toronto Raptors | Over 24.5 Nique Clifford Pts + Rebs + Asts Sacramento Kings vs. Golden State Warriors,,Basketball,NBA
1b33a522-7d07-48ed-8405-38669bafbb22,Underdog,parlay,SETTLED_LOSS,5.98,,,6.5,-6.50,04/07/2026 21:19:24 GMT,04/08/2026 03:00:00 GMT,2026-04-07T21:19:24.000Z,2026-04-08T03:00:00.000Z,Higher 24.5 Kon Knueppel Pts + Rebs + Asts O/U CHA @ BOS | Higher 12.5 Cooper Flagg Rebounds + Assists O/U DAL @ LAC | Higher 9.5 Darius Garland Rebounds + Assists O/U DAL @ LAC,,Basketball,NBA
69d574942bc5282bebf6c66a,Betr Picks,parlay,SETTLED_LOSS,6,,,5,-5.00,04/07/2026 21:18:12 GMT,04/08/2026 02:43:22 GMT,2026-04-07T21:18:12.272Z,2026-04-08T02:43:22.748Z,Under 4.5 Will Riley Rebounds CHI vs. WAS | Over 3.5 Bones Hyland Assists MIN vs. IND | Over 0.5 Parker Meadows Hits DET vs. MIN,,Basketball | Baseball,NBA | MLB
1559808220,PrizePicks,parlay,SETTLED_WIN,6,,,10,50.00,04/07/2026 21:15:31 GMT,04/08/2026 03:14:00 GMT,2026-04-07T21:15:31.378Z,2026-04-08T03:14:00.000Z,Over 12.5 LaMelo Ball Points CHA vs. BOS | Over 4 Jaime Jaquez Rebounds MIA vs. TOR | Over 4.5 Kon Knueppel Rebounds CHA vs. BOS,,Basketball,NBA
1347337931106316288,Sleeper,parlay,SETTLED_WIN,3,,,10,20.00,04/07/2026 20:15:04 GMT,04/07/2026 23:15:04 GMT,2026-04-07T20:15:04.406Z,2026-04-07T23:15:04.406Z,O 0.5 Cooper Flagg Points DAL @ LAC | O 4.5 Ayo Dosunmu Rebounds MIN @ IND | O 3.5 Zion Williamson Assists UTA @ NOP,,Basketball,NBA
69d56494d2936ba242fd44ad,Betr Picks,parlay,SETTLED_LOSS,6,,,10,-10.00,04/07/2026 20:09:56 GMT,04/08/2026 04:37:24 GMT,2026-04-07T20:09:56.921Z,2026-04-08T04:37:24.827Z,Over 0.5 Rudy Gobert Double Doubles MIN vs. IND | Over 1.5 Miles Bridges 3PT Made CHA vs. BOS | Over 5.5 Cristopher Sánchez Pitching Strikeouts PHI vs. SF,,Basketball | Baseball,NBA | MLB
019d697c-e188-75cb-b847-d4e481ae4381,Dabble,parlay,SETTLED_WIN,6,,,10,50.00,04/07/2026 19:48:05 GMT,04/08/2026 04:26:12 GMT,2026-04-07T19:48:05.083Z,2026-04-08T04:26:12.091Z,Over 7.5 Precious Achiuwa assists + rebounds Sacramento Kings @ Golden State Warriors | Over 0.5 David Hamilton hits + runs + rbis Milwaukee Brewers @ Boston Red Sox | Over 0.5 Amed Rosario hits Athletics @ New York Yankees,,Basketball | Baseball,NBA | MLB
1559589972,PrizePicks,parlay,SETTLED_LOSS,37.5,,,5,-5.00,04/07/2026 19:20:30 GMT,04/08/2026 01:47:00 GMT,2026-04-07T19:20:30.142Z,2026-04-08T01:47:00.000Z,Over 15.5 Cade Cavalli Pitching Outs WSH vs. STL | Under 0.5 Nathan Lukes Singles TOR vs. LAD | Under 3.5 Jarace Walker Assists IND vs. MIN | Over 20.5 Saddiq Bey Points NOP vs. UTA | Under 30.5 Shai Gilgeous-Alexander Points OKC vs. LAL | Under 7.5 Reed Sheppard Rebs+Asts HOU vs. PHX,,Baseball | Basketball,MLB | NBA
8b852cf5-59cd-407c-a275-effbaf28ada8,Underdog,parlay,SETTLED_LOSS,6.31,,,10,-10.00,04/07/2026 19:19:37 GMT,04/08/2026 03:00:00 GMT,2026-04-07T19:19:37.000Z,2026-04-08T03:00:00.000Z,Higher 11.5 Mike Conley Pts + Rebs + Asts O/U MIN @ IND | Higher 5.5 Grant Williams Points O/U CHA @ BOS | Higher 11.5 LaMelo Ball Rebounds + Assists O/U CHA @ BOS,,Basketball,NBA
1347321541519474688,Sleeper,parlay,SETTLED_LOSS,9.29,,,10,-10.00,04/07/2026 19:09:56 GMT,04/07/2026 22:09:56 GMT,2026-04-07T19:09:56.823Z,2026-04-07T22:09:56.823Z,O 24.5 Kawhi Leonard Points DAL @ LAC | O 5.5 Saddiq Bey Rebounds UTA @ NOP | O 6.5 Tre Jones Assists CHI @ WAS | O 15.5 Cade Cavalli Outs STL @ WSH,,Basketball | Baseball,NBA | MLB
69d55038585170edca9aacf7,Betr Picks,parlay,SETTLED_LOSS,6,,,15,-15.00,04/07/2026 18:43:04 GMT,04/08/2026 04:36:24 GMT,2026-04-07T18:43:04.857Z,2026-04-08T04:36:24.631Z,Over 4.5 George Kirby Pitching Strikeouts SEA vs. TEX | Over 24.5 Nique Clifford Pts+Rebs+Asst SAC vs. GS | Under 7.5 Derik Queen Rebounds UTA vs. NO,,Baseball | Basketball,MLB | NBA
69d53ed0fd498ad139225993,Betr Picks,parlay,SETTLED_LOSS,6,,,10,-10.00,04/07/2026 17:28:48 GMT,04/08/2026 05:05:59 GMT,2026-04-07T17:28:48.542Z,2026-04-08T05:05:59.971Z,Over 0.5 Cooper Flagg PTS+AST DAL vs. LAC | Over 6.5 LaMelo Ball Assists CHA vs. BOS | Over 1.5 Jonathan Aranda Hits + Runs + Runs Batted In CHC vs. TB,,Basketball | Baseball,NBA | MLB
1559381921,PrizePicks,parlay,SETTLED_LOSS,6,,,10,-10.00,04/07/2026 17:14:42 GMT,04/08/2026 02:41:00 GMT,2026-04-07T17:14:42.498Z,2026-04-08T02:41:00.000Z,Over 2.5 Kylian Mbappé Shots Real Madrid vs. Bayern München | Over 10.5 Precious Achiuwa Points SAC vs. GSW | Under 3.5 Taurean Prince Rebounds MIL vs. BKN,,Soccer | Basketball,UEFA Champions League | NBA
1559345380,PrizePicks,parlay,SETTLED_VOID,6,,,10,0.00,04/07/2026 16:54:36 GMT,04/07/2026 21:21:16 GMT,2026-04-07T16:54:36.676Z,2026-04-07T21:21:16.487Z,Over 2.5 Kylian Mbappé Shots Real Madrid vs. Bayern München | Over 25.5 Nique Clifford Pts+Rebs+Asts SAC vs. GSW | Under 9.5 Jarace Walker Rebs+Asts IND vs. MIN,,Soccer | Basketball,UEFA Champions League | NBA
da939e5f-1716-43d2-b84e-36a0b14ca060,Underdog,parlay,SETTLED_LOSS,8.15,,,10,-10.00,04/07/2026 16:46:02 GMT,04/08/2026 02:00:00 GMT,2026-04-07T16:46:02.000Z,2026-04-08T02:00:00.000Z,Higher 24.5 Rudy Gobert Pts + Rebs + Asts O/U MIN @ IND | Higher 2.5 Tyler Herro 3-Pointers Made O/U MIA @ TOR | Higher 19.5 Darius Garland Points O/U DAL @ LAC,,Basketball,NBA
1347264373613146112,Sleeper,parlay,SETTLED_LOSS,5.07,,,10,-10.00,04/07/2026 15:22:46 GMT,04/07/2026 19:00:00 GMT,2026-04-07T15:22:46.933Z,2026-04-07T19:00:00.000Z,O 0.5 LeBron James Points OKC @ LAL | O 5.5 Ousmane Dieng Rebounds MIL @ BKN | O 7.5 Neemias Queta Rebounds CHA @ BOS,,Basketball,NBA
019d6886-082d-7347-a5af-9b25fa408d95,Dabble,parlay,SETTLED_WIN,6,,,10,50.00,04/07/2026 15:18:27 GMT,04/08/2026 05:54:30 GMT,2026-04-07T15:18:27.576Z,2026-04-08T05:54:30.920Z,Over 3.5 Devin Booker rebounds Houston Rockets @ Phoenix Suns | Under 2.5 Nathan Eovaldi earned-runs Seattle Mariners @ Texas Rangers | Over 6.5 Cooper Flagg rebounds Dallas Mavericks @ Los Angeles Clippers,,Basketball | Baseball,NBA | MLB
019d6872-7970-7238-bf8b-2038145f792a,Dabble,parlay,SETTLED_LOSS,10,,,10,-10.00,04/07/2026 14:57:05 GMT,04/08/2026 04:26:36 GMT,2026-04-07T14:57:05.824Z,2026-04-08T04:26:36.627Z,Over 3.5 Naji Marshall rebounds Dallas Mavericks @ Los Angeles Clippers | Under 8.5 Immanuel Quickley assists + rebounds Miami Heat @ Toronto Raptors | Over 6.5 Precious Achiuwa rebounds Sacramento Kings @ Golden State Warriors | Over 3.5 De'Anthony Melton rebounds Sacramento Kings @ Golden State Warriors,,Basketball,NBA
1559172719,PrizePicks,parlay,SETTLED_LOSS,10,,,5,-5.00,04/07/2026 14:36:58 GMT,04/08/2026 02:10:00 GMT,2026-04-07T14:36:58.657Z,2026-04-08T02:10:00.000Z,Over 0.5 Brandon Miller Steals CHA vs. BOS | Under 3.5 Jarace Walker Assists IND vs. MIN | Under 4.5 Ayo Dosunmu Rebounds MIN vs. IND | Over 10.5 Tre Jones Rebs+Asts CHI vs. WAS,,Basketball,NBA
019d6576-29bc-7404-b640-cdef70c2b7ad,Dabble,parlay,SETTLED_LOSS,6,,,5,-5.00,04/07/2026 01:02:15 GMT,04/07/2026 04:39:44 GMT,2026-04-07T01:02:15.855Z,2026-04-07T04:39:44.056Z,Over 0.5 Jorge Soler hits Atlanta Braves @ Los Angeles Angels | Over 16.5 José Soriano outs Atlanta Braves @ Los Angeles Angels | Under 0.5 Heliot Ramos singles Philadelphia Phillies @ San Francisco Giants,,Baseball,MLB
DRGybLQ,DK Pick6,round_robin_3,SETTLED_LOSS,5,,,10,-10.00,04/07/2026 00:49:00 GMT,04/07/2026 03:27:51 GMT,2026-04-07T00:49:00.000Z,2026-04-07T03:27:51.524Z,Over 15.5 Tarris Reed Jr. Points Connecticut Huskies vs. Michigan Wolverines | Over 12.5 Yaxel Lendeborg Points Connecticut Huskies vs. Michigan Wolverines | Over 0.5 Braylon Mullins Points Connecticut Huskies vs. Michigan Wolverines,,Basketball,NCAAM
69d4404f85ac3192d372ccc1,Betr Picks,parlay,SETTLED_LOSS,6,,,5,-5.00,04/06/2026 23:22:55 GMT,04/07/2026 04:08:31 GMT,2026-04-06T23:22:55.066Z,2026-04-07T04:08:31.112Z,Over 3.5 Dylan Harper Assists PHI vs. SA | Over 0.5 Ozzie Albies Strikeouts ATL vs. LAA | Under 0.5 Munetaka Murakami Walks BAL vs. CHW,,Basketball | Baseball,NBA | MLB
xzLgr7K,DK Pick6,round_robin_3,SETTLED_LOSS,6,,,5,-5.00,04/06/2026 23:00:00 GMT,04/07/2026 02:13:09 GMT,2026-04-06T23:00:00.000Z,2026-04-07T02:13:09.000Z,Under 3.5 Mikal Bridges Rebounds New York Knicks vs. Atlanta Hawks | Over 1.5 Wendell Carter Jr. Assists Detroit Pistons vs. Orlando Magic | Over 4.5 Christian Braun Rebounds Portland Trail Blazers vs. Denver Nuggets,,Basketball,NBA
6a928f6c-31c2-4eaf-8821-e8ffa3de2e25,Underdog,parlay,SETTLED_WIN,8.15,,,10,71.50,04/06/2026 22:20:31 GMT,04/07/2026 03:00:00 GMT,2026-04-06T22:20:31.000Z,2026-04-07T03:00:00.000Z,Higher 22.5 Paolo Banchero Points O/U DET @ ORL | Lower 0.5 Pete Alonso Batter Walks O/U BAL @ CWS | Higher 1.5 Walter Clayton Jr. 3-Pointers Made O/U CLE @ MEM,,Basketball | Baseball,NBA | MLB
1347006417290149888,Sleeper,parlay,SETTLED_LOSS,12.329999999999998,,,10,-10.00,04/06/2026 22:17:45 GMT,04/07/2026 01:17:45 GMT,2026-04-06T22:17:45.353Z,2026-04-07T01:17:45.353Z,O 4.5 Christian Braun Rebounds POR @ DEN | O 7.5 Paolo Banchero Rebounds DET @ ORL | O 5.5 Ausar Thompson Rebounds DET @ ORL | O 5.5 De'Aaron Fox Assists PHI @ SAS,,Basketball,NBA
019d64d8-c409-755a-882a-99bf462cc445,Dabble,parlay,SETTLED_LOSS,5.4,,,5,-5.00,04/06/2026 22:10:20 GMT,04/07/2026 01:45:02 GMT,2026-04-06T22:10:20.752Z,2026-04-07T01:45:02.472Z,Over 0.5 Wendell Carter Jr. three-made Detroit Pistons @ Orlando Magic | Over 4.5 Anthony Black assists + rebounds Detroit Pistons @ Orlando Magic | Under 3.5 De'Aaron Fox rebounds Philadelphia 76ers @ San Antonio Spurs,,Basketball,NBA
69d42f120fb1ec8c010d6908,Betr Picks,parlay,SETTLED_LOSS,6,,,10,-10.00,04/06/2026 22:09:22 GMT,04/07/2026 02:49:06 GMT,2026-04-06T22:09:22.104Z,2026-04-07T02:49:06.279Z,Over 5.5 De'Aaron Fox Assists PHI vs. SA | Over 5.5 Ausar Thompson Rebounds DET vs. ORL | Over 5.5 Logan Gilbert Pitching Strikeouts SEA vs. TEX,,Basketball | Baseball,NBA | MLB
69d42e6dc88c0d087d9447c7,Betr Picks,parlay,SETTLED_LOSS,6,,,10,-10.00,04/06/2026 22:06:37 GMT,04/07/2026 04:01:14 GMT,2026-04-06T22:06:37.849Z,2026-04-07T04:01:14.687Z,Over 34.5 Evan Mobley Pts+Rebs+Asst CLE vs. MEM | Over 7.5 Paolo Banchero Rebounds DET vs. ORL | Over 46.5 Nikola Jokić Pts+Rebs+Asst POR vs. DEN,,Basketball,NBA
13cb7ce8-2ae7-490b-9cdf-9c86ebdd154c,Underdog,parlay,SETTLED_LOSS,3.5,,,5,-5.00,04/06/2026 20:43:10 GMT,04/07/2026 02:00:00 GMT,2026-04-06T20:43:10.000Z,2026-04-07T02:00:00.000Z,Lower 23.5 Dyson Daniels Pts + Rebs + Asts O/U NYK @ ATL | Higher 17.5 Keldon Johnson Pts + Rebs + Asts O/U PHI @ SAS,,Basketball,NBA
1557843047,PrizePicks,parlay,SETTLED_LOSS,6,,,7,-7.00,04/06/2026 20:35:59 GMT,04/07/2026 02:11:00 GMT,2026-04-06T20:35:59.625Z,2026-04-07T02:11:00.000Z,Over 3.5 Kevin Huerter Rebounds DET vs. ORL | Over 21.5 Evan Mobley Points CLE vs. MEM | Over 11.5 Keldon Johnson Points SAS vs. PHI,,Basketball,NBA
1557836448,PrizePicks,parlay,SETTLED_LOSS,6,,,5,-5.00,04/06/2026 20:33:46 GMT,04/07/2026 01:41:00 GMT,2026-04-06T20:33:46.865Z,2026-04-07T01:41:00.000Z,Over 17.5 Keldon Johnson Pts+Rebs+Asts SAS vs. PHI | Under 3.5 Germán Márquez Pitcher Strikeouts SD vs. PIT | Under 1.5 Edouard Julien Hits+Runs+RBIs COL vs. HOU,,Basketball | Baseball,NBA | MLB
019d647c-ca9b-7648-99ad-c67a3432e2f3,Dabble,parlay,SETTLED_VOID,5.4,,,5,0.00,04/06/2026 20:29:52 GMT,04/07/2026 02:41:24 GMT,2026-04-06T20:29:52.995Z,2026-04-07T02:41:24.502Z,Under 1.5 Riley Greene hits + runs + rbis Detroit Tigers @ Minnesota Twins | Over 15.5 Casey Mize outs Detroit Tigers @ Minnesota Twins | Over 0.5 Travis d'Arnaud hits + runs + rbis Atlanta Braves @ Los Angeles Angels,,Baseball,MLB
69d41724b97772ebfff19660,Betr Picks,parlay,SETTLED_LOSS,6,,,10,-10.00,04/06/2026 20:27:16 GMT,04/07/2026 03:32:42 GMT,2026-04-06T20:27:16.685Z,2026-04-07T03:32:42.579Z,Over 23.5 Tarris Reed Jr. PTS+REB UCONN vs. MICH | Over 8.5 VJ Edgecombe AST+REB PHI vs. SA | Over 1.5 Yordan Alvarez Total Bases HOU vs. COL,,Basketball | Baseball,NCAAM | NBA | MLB
1557801391,PrizePicks,parlay,SETTLED_LOSS,6,,,5,-5.00,04/06/2026 20:18:26 GMT,04/07/2026 02:11:00 GMT,2026-04-06T20:18:26.832Z,2026-04-07T02:11:00.000Z,Over 2.5 Cedric Coward Assists MEM vs. CLE | Over 8.5 Jarrett Allen Rebounds CLE vs. MEM | Over 4.5 Paolo Banchero Assists ORL vs. DET,,Basketball,NBA
1557515852,PrizePicks,parlay,SETTLED_LOSS,37.5,,,5,-5.00,04/06/2026 16:39:09 GMT,04/07/2026 01:10:00 GMT,2026-04-06T16:39:09.487Z,2026-04-07T01:10:00.000Z,Over 16.5 Tanner Bibee Pitching Outs CLE vs. KC | Under 5.5 Zack Littell Hits Allowed WSH vs. STL | Under 5.5 Zaccharie Risacher Points ATL vs. NYK | Over 15.5 Casey Mize Pitching Outs DET vs. MIN | Under 28.5 Jrue Holiday Pts+Rebs+Asts POR vs. DEN | Under 0.5 Trevor Moore Points LA vs. NSH,,Baseball | Basketball | Ice Hockey,MLB | NBA | NHL
Nz4VzKG,DK Pick6,round_robin_3,SETTLED_LOSS,7.8,,,10,-10.00,04/05/2026 19:30:00 GMT,04/06/2026 01:11:06 GMT,2026-04-05T19:30:00.000Z,2026-04-06T01:11:06.000Z,Over 14.5 Rui Hachimura Points Los Angeles Lakers vs. Dallas Mavericks | Over 20.5 Max Strus Pts + Rebs + Asts Indiana Pacers vs. Cleveland Cavaliers | Under 1.5 Gui Santos 3-Pointers Made Houston Rockets vs. Golden State Warriors,,Basketball,NBA
pgbgr2Y,DK Pick6,round_robin_3,SETTLED_WIN,7.8,,,10,68.00,04/05/2026 19:30:00 GMT,04/06/2026 02:42:08 GMT,2026-04-05T19:30:00.000Z,2026-04-06T02:42:08.000Z,Under 9.5 Moussa Diabate Rebounds Charlotte Hornets vs. Minnesota Timberwolves | Under 1.5 Kyle Kuzma 3-Pointers Made Memphis Grizzlies vs. Milwaukee Bucks | Over 5.5 PJ Washington Rebounds Los Angeles Lakers vs. Dallas Mavericks,,Basketball,NBA
69d27ecbb2ea3241698b498c,Betr Picks,parlay,SETTLED_LOSS,6,,,5,-5.00,04/05/2026 15:24:59 GMT,04/07/2026 02:44:30 GMT,2026-04-05T15:24:59.338Z,2026-04-07T02:44:30.460Z,Over 6.5 Jakob Poeltl Rebounds TOR vs. BOS | Over 4.5 Kelly Oubre Jr. Rebounds PHI vs. SA | Under 10.5 Devin Booker AST+REB PHO vs. CHI,,Basketball,NBA
1346530618875326464,Sleeper,parlay,SETTLED_LOSS,7.92,,,10,-10.00,04/05/2026 14:47:06 GMT,04/05/2026 19:00:00 GMT,2026-04-05T14:47:06.171Z,2026-04-05T19:00:00.000Z,O 11.5 Joel Embiid Rebounds & Assists PHI @ SAS | O 3.5 Shai Gilgeous-Alexander Rebounds UTA @ OKC | U 6.5 John Konchar Rebounds UTA @ OKC | U 8.5 Max Strus Rebounds & Assists IND @ CLE,,Basketball,NBA
69d273e3f72fa5eeda224c60,Betr Picks,parlay,SETTLED_WIN,6,,,10,20.00,04/05/2026 14:38:27 GMT,04/06/2026 03:31:41 GMT,2026-04-05T14:38:27.419Z,2026-04-06T03:31:41.073Z,Over 3.5 Shai Gilgeous-Alexander Rebounds UTA vs. OKC | Over 25.5 Kawhi Leonard Points LAC vs. SAC | Under 5.5 Trey Murphy III Rebounds ORL vs. NO,,Basketball,NBA
d3f1cb1e-5ac7-430a-ad8b-d15ce386867c,Underdog,parlay,SETTLED_LOSS,8.7,,,10,-10.00,04/05/2026 14:26:01 GMT,04/05/2026 20:35:00 GMT,2026-04-05T14:26:01.000Z,2026-04-05T20:35:00.000Z,Lower 0.5 Freddie Freeman Runs O/U LAD @ WSH | Lower 17.5 Jack Leiter Pitching Outs O/U CIN @ TEX | Lower 3.5 Tomoyuki Sugano Earned Runs Allowed O/U PHI @ COL,,Baseball,MLB
69d2701c27f07a118e959181,Betr Picks,parlay,SETTLED_LOSS,6,,,10,-10.00,04/05/2026 14:22:20 GMT,04/07/2026 02:44:07 GMT,2026-04-05T14:22:20.443Z,2026-04-07T02:44:07.878Z,Over 11.5 Joel Embiid AST+REB PHI vs. SA | Under 6.5 John Konchar Rebounds UTA vs. OKC | Over 28.5 Cooper Flagg PTS+REB LAL vs. DAL,,Basketball,NBA
1555726414,PrizePicks,parlay,SETTLED_LOSS,6,,,5,-5.00,04/05/2026 13:49:13 GMT,04/05/2026 21:35:00 GMT,2026-04-05T13:49:13.561Z,2026-04-05T21:35:00.000Z,Under 15.5 Chase Burns Pitching Outs CIN vs. TEX | Under 15.5 Lance McCullers Jr. Pitching Outs HOU vs. ATH | Over 0.5 Vinnie Pasquantino Hitter Strikeouts KC vs. MIL,,Baseball,MLB
019d5de4-9b0a-70a1-b219-a3a8dee4702d,Dabble,parlay,SETTLED_LOSS,5.4,,,5,-5.00,04/05/2026 13:45:55 GMT,04/05/2026 22:52:02 GMT,2026-04-05T13:45:55.930Z,2026-04-05T22:52:02.517Z,Under 3.5 Grant Williams rebounds Charlotte Hornets @ Minnesota Timberwolves | Under 1.5 James Wood hits + runs + rbis Los Angeles Dodgers @ Washington Nationals | Over 0.5 José Tena hits Los Angeles Dodgers @ Washington Nationals,,Basketball | Baseball,NBA | MLB
1555720717,PrizePicks,parlay,SETTLED_LOSS,6,,,5,-5.00,04/05/2026 13:41:19 GMT,04/06/2026 01:11:00 GMT,2026-04-05T13:41:19.500Z,2026-04-06T01:11:00.000Z,Over 7.5 Isaiah Hartenstein Points OKC vs. UTA | Under 7.5 Quenton Jackson Rebs+Asts IND vs. CLE | Over 6.5 Ace Bailey Rebs+Asts UTA vs. OKC,,Basketball,NBA
69d2659b34932ada165dad2a,Betr Picks,parlay,SETTLED_LOSS,10,,,5,-5.00,04/05/2026 13:37:31 GMT,04/06/2026 03:04:19 GMT,2026-04-05T13:37:31.907Z,2026-04-06T03:04:19.005Z,Over 8.5 Ayo Dosunmu AST+REB CHA vs. MIN | Over 7.5 James Harden Assists IND vs. CLE | Over 5.5 P.J. Washington Rebounds LAL vs. DAL | Under 8.5 Max Strus AST+REB IND vs. CLE,,Basketball,NBA
019d5dda-a89d-7109-a52b-e73ed9fd0323,Dabble,parlay,SETTLED_WIN,6,,,5,10.00,04/05/2026 13:35:04 GMT,04/06/2026 01:32:02 GMT,2026-04-05T13:35:04.313Z,2026-04-06T01:32:02.168Z,Over 1.5 Austin Riley hits + runs + rbis Atlanta Braves @ Arizona Diamondbacks | Over 1.5 Ben Rice hits + runs + rbis Miami Marlins @ New York Yankees | Over 4.5 Cason Wallace assists + rebounds Utah Jazz @ Oklahoma City Thunder,,Baseball | Basketball,MLB | NBA
56c6a7db-e5fd-4d1a-b750-badba05f2a75,Underdog,parlay,SETTLED_LOSS,3.5,,,5,-5.00,04/05/2026 13:33:20 GMT,04/06/2026 02:00:00 GMT,2026-04-05T13:33:20.000Z,2026-04-06T02:00:00.000Z,Lower 0.5 Rudy Gobert Double Doubles O/U CHA @ MIN | Lower 12.5 Grigor Dimitrov Games Won O/U Dimitrov vs Etcheve…,,Basketball | Tennis,NBA | TENNIS
1555546903,PrizePicks,round_robin_6,SETTLED_LOSS,25,,,5,-5.00,04/05/2026 05:17:15 GMT,04/05/2026 22:40:00 GMT,2026-04-05T05:17:15.485Z,2026-04-05T22:40:00.000Z,Under 1.5 Roman Anthony Total Bases BOS vs. SD | Over 11.5 Ryan Rollins Rebs+Asts MIL vs. MEM | Over 9.5 Jayson Tatum Rebounds BOS vs. TOR | Over 5.5 Kodai Senga Pitcher Strikeouts NYM vs. SF | Over 3.5 Brandin Podziemski Assists GSW vs. HOU | Under 12.5 Francisco Cerundolo Total Games Won Francisco Cerundolo vs. Stefanos Tsitsipas,,Baseball | Basketball | Tennis,MLB | NBA | TENNIS
bPZBw4G,DK Pick6,round_robin_3,SETTLED_LOSS,5,,,10,-10.00,04/04/2026 22:09:00 GMT,04/05/2026 01:10:45 GMT,2026-04-04T22:09:00.000Z,2026-04-05T01:10:45.000Z,Over 12.5 David Mirkovic Points Illinois Fighting Illini vs. Connecticut Huskies | Under 9.5 Motiejus Krivas Points Michigan Wolverines vs. Arizona Wildcats | Over 0.5 Yaxel Lendeborg Points Michigan Wolverines vs. Arizona Wildcats,,Basketball,NCAAM
LyrxmpR,DK Pick6,round_robin_3,SETTLED_LOSS,6.5,,,10,-10.00,04/04/2026 22:09:00 GMT,04/05/2026 01:10:45 GMT,2026-04-04T22:09:00.000Z,2026-04-05T01:10:45.000Z,Over 12.5 David Mirkovic Points Illinois Fighting Illini vs. Connecticut Huskies | Over 2.5 Kylan Boswell Assists Illinois Fighting Illini vs. Connecticut Huskies | Over 4.5 Ivan Kharchenkov Rebounds Michigan Wolverines vs. Arizona Wildcats,,Basketball,NCAAM
69d17fdb1bcfc45788b15779,Betr Picks,parlay,SETTLED_WIN,6,,,20,100.00,04/04/2026 21:17:15 GMT,04/05/2026 03:06:20 GMT,2026-04-04T21:17:15.607Z,2026-04-05T03:06:20.578Z,Over 0.5 Hunter Feduccia Hits + Runs + Runs Batted In TB vs. MIN | Over 0.5 Evan Carter Total Bases CIN vs. TEX | Over 5.5 Jesús Luzardo Pitching Strikeouts PHI vs. COL,,Baseball,MLB
1554967529,PrizePicks,parlay,SETTLED_LOSS,6,,,5,-5.00,04/04/2026 21:05:11 GMT,04/05/2026 04:13:38 GMT,2026-04-04T21:05:11.761Z,2026-04-05T04:13:38.573Z,Under 9.5 Motiejus Krivas Points ARIZ vs. MICH | Over 6.5 Yaxel Lendeborg Rebounds MICH vs. ARIZ | Under 4.5 Mick Abel Pitcher Strikeouts MIN vs. TB,,Basketball | Baseball,NCAAM | MLB
69d16f3ccdc1b8c45ab028cb,Betr Picks,parlay,SETTLED_LOSS,45,,,5,-5.00,04/04/2026 20:06:20 GMT,04/05/2026 22:04:35 GMT,2026-04-04T20:06:20.696Z,2026-04-05T22:04:35.195Z,Over 19.5 Paul George Points DET vs. PHI | Over 27.5 Jaylen Brown Points TOR vs. BOS | Over 9.5 Jayson Tatum Rebounds TOR vs. BOS | Over 6.5 Corey Seager Fantasy Pts CIN vs. TEX | Over 3.5 Ausar Thompson Assists DET vs. PHI | Over 6.5 Tyrese Maxey Assists DET vs. PHI,,Basketball | Baseball,NBA | MLB
1554880426,PrizePicks,parlay,SETTLED_LOSS,6,,,5,-5.00,04/04/2026 19:57:22 GMT,04/05/2026 04:05:00 GMT,2026-04-04T19:57:22.590Z,2026-04-05T04:05:00.000Z,Under 4.5 Max Meyer Hits Allowed MIA vs. NYY | Over 1.5 Luis Arraez Hits+Runs+RBIs SF vs. NYM | Over 13.5 Jaden Bradley Points ARIZ vs. MICH,,Baseball | Basketball,MLB | NCAAM
4e8dbadb-f9ba-43c0-b161-0daa3c2de5c3,Underdog,parlay,SETTLED_LOSS,8.7,,,10,-10.00,04/04/2026 19:52:13 GMT,04/05/2026 01:41:18 GMT,2026-04-04T19:52:13.000Z,2026-04-05T01:41:18.407Z,Higher 5.5 Adem Bona Points O/U DET @ PHI | Higher 0.5 Danny Jansen Hits O/U CIN @ TEX | Lower 0.5 Mike Trout Batter Walks O/U SEA @ LAA,,Basketball | Baseball,NBA | MLB
1554653456,PrizePicks,round_robin_3,SETTLED_LOSS,3,,,5,-5.00,04/04/2026 18:04:14 GMT,04/04/2026 22:12:00 GMT,2026-04-04T18:04:14.693Z,2026-04-04T22:12:00.000Z,Under 9.5 Tyler Herro Rebs+Asts MIA vs. WAS | Under 11.5 Bam Adebayo Rebounds MIA vs. WAS | Under 7.5 Aaron Gordon Rebs+Asts DEN vs. SAS,,Basketball,NBA
019d59a4-e63b-72aa-88b2-ea4af793f7ca,Dabble,parlay,SETTLED_WIN,3,,,10,20.00,04/04/2026 17:57:52 GMT,04/05/2026 04:11:30 GMT,2026-04-04T17:57:52.269Z,2026-04-05T04:11:30.918Z,Under 2.5 Emerson Hancock earned-runs Seattle Mariners @ Los Angeles Angels | Under 2.5 Randy Vásquez earned-runs San Diego Padres @ Boston Red Sox,,Baseball,MLB
69d15039cdc1b8c45ab02664,Betr Picks,parlay,SETTLED_WIN,6,,,10,50.00,04/04/2026 17:54:01 GMT,04/05/2026 03:06:36 GMT,2026-04-04T17:54:01.517Z,2026-04-05T03:06:36.534Z,Over 5.5 Jesús Luzardo Pitching Strikeouts PHI vs. COL | Over 4.5 Julian Champagnie Rebounds SA vs. DEN | Under 10.5 Jaime Jaquez Jr. AST+REB WAS vs. MIA,,Baseball | Basketball,MLB | NBA
1554625865,PrizePicks,round_robin_6,SETTLED_WIN,25,,,5,-3.00,04/04/2026 17:50:07 GMT,04/05/2026 05:08:00 GMT,2026-04-04T17:50:07.766Z,2026-04-05T05:08:00.000Z,Under 7.5 Kel'el Ware Rebounds MIA vs. WAS | Under 1.5 Jeff McNeil Hits+Runs+RBIs ATH vs. HOU | Under 1.5 Otto Lopez Hits+Runs+RBIs MIA vs. NYY | Over 0.5 Ivan Demidov Points MTL vs. NJ | Under 0.5 Harrison Bader Singles SF vs. NYM | Under 2.5 Steven Stamkos Shots On Goal NSH vs. SJ,,Basketball | Baseball | Ice Hockey,NBA | MLB | NHL
1346213706211561472,Sleeper,parlay,SETTLED_LOSS,5.39,,,10,-10.00,04/04/2026 17:47:48 GMT,04/05/2026 19:00:00 GMT,2026-04-04T17:47:48.304Z,2026-04-05T19:00:00.000Z,O 16.5 Brandon Ingram Points TOR @ BOS | U 9.5 De'Aaron Fox Rebounds & Assists SAS @ DEN | U 9.5 Tyler Herro Rebounds & Assists WAS @ MIA,,Basketball,NBA
3a7ac3cd-b73b-4aab-b3ac-3d193b5756e7,Underdog,parlay,SETTLED_LOSS,6.21,,,5,-5.00,04/04/2026 17:43:21 GMT,04/04/2026 22:00:00 GMT,2026-04-04T17:43:21.000Z,2026-04-04T22:00:00.000Z,Lower 15.5 Pelle Larsson Points O/U WAS @ MIA | Lower 5.5 Paul George Rebounds O/U DET @ PHI | Lower 5.5 Tobias Harris Rebounds O/U DET @ PHI,,Basketball,NBA
69d13def853d258992f81c7d,Betr Picks,parlay,SETTLED_LOSS,6,,,10,-10.00,04/04/2026 16:35:59 GMT,04/05/2026 01:32:51 GMT,2026-04-04T16:35:59.685Z,2026-04-05T01:32:51.934Z,Over 26.5 Nikola Jokić Points SA vs. DEN | Over 4.5 Kelly Oubre Jr. Rebounds DET vs. PHI | Over 31.5 Jalen Duren PTS+REB DET vs. PHI,,Basketball,NBA
69d12c724edfc1a67061f7e9,Betr Picks,parlay,SETTLED_LOSS,6,,,10,-10.00,04/04/2026 15:21:22 GMT,04/05/2026 03:48:41 GMT,2026-04-04T15:21:22.784Z,2026-04-05T03:48:41.540Z,Over 21.5 Yaxel Lendeborg PTS+REB ARZ vs. MICH | Over 11.5 Jalen Duren Rebounds DET vs. PHI | Over 4.5 Pelle Larsson Rebounds WAS vs. MIA,,Basketball,NCAAM | NBA
198154e8-b8af-4b28-a4a9-e3a5f56edde9,Underdog,parlay,SETTLED_LOSS,6.13,,,5,-5.00,04/04/2026 15:00:35 GMT,04/04/2026 21:10:00 GMT,2026-04-04T15:00:35.000Z,2026-04-04T21:10:00.000Z,Higher 0.5 Vladimir Guerrero Jr. Singles O/U TOR @ CWS | Lower 0.5 Roman Anthony Batter Walks O/U SD @ BOS | Lower 2.5 Randy Vasquez Earned Runs Allowed O/U SD @ BOS,,Baseball,MLB
69d1273cd0913fe370957759,Betr Picks,parlay,SETTLED_WIN,6,,,10,50.00,04/04/2026 14:59:08 GMT,04/05/2026 01:32:54 GMT,2026-04-04T14:59:08.758Z,2026-04-05T01:32:54.596Z,Over 22.5 Tarris Reed Jr. PTS+REB UCONN vs. ILL | Under 9.5 VJ Edgecombe AST+REB DET vs. PHI | Over 4.5 Stephon Castle Rebounds SA vs. DEN,,Basketball,NCAAM | NBA
648144635,Fliff,straight,SETTLED_LOSS,1.7142857142857144,,,10,-10.00,04/04/2026 00:21:34 GMT,04/04/2026 02:44:07 GMT,2026-04-04T00:21:34.481Z,2026-04-04T02:44:07.333Z,GG Jackson Under 4.5 REBOUNDS Toronto Raptors vs Memphis Grizzlies,,Basketball,NBA
019d5578-ac3e-715e-a859-2001cec00645,Dabble,parlay,SETTLED_LOSS,6,,,5,-5.00,04/03/2026 22:31:04 GMT,04/04/2026 02:51:31 GMT,2026-04-03T22:31:04.970Z,2026-04-04T02:51:31.296Z,Over 9.5 Ja'Kobe Walter points Toronto Raptors @ Memphis Grizzlies | Over 7 Brandon Williams assists + rebounds Orlando Magic @ Dallas Mavericks | Over 0.5 Isaac Okoro steals Chicago Bulls @ New York Knicks,,Basketball,NBA
69d03232f72fa5eeda22314a,Betr Picks,parlay,SETTLED_LOSS,6,,,10,-10.00,04/03/2026 21:33:38 GMT,04/04/2026 02:49:38 GMT,2026-04-03T21:33:38.506Z,2026-04-04T02:49:38.065Z,Under 5.5 Brandon Ingram Rebounds TOR vs. MEM | Over 9.5 Kelly Oubre Jr. Points MIN vs. PHI | Over 29.5 Jaylen Brown PTS+REB BOS vs. MIL,,Basketball,NBA
BxnLWrV,DK Pick6,round_robin_3,SETTLED_LOSS,6,,,10,-10.00,04/03/2026 17:05:00 GMT,04/03/2026 21:21:39 GMT,2026-04-03T17:05:00.000Z,2026-04-03T21:21:39.000Z,Over 4.5 Framber Valdez Strikeouts Thrown St. Louis Cardinals vs. Detroit Tigers | Over 1.5 Jackson Merrill Hits + Runs + RBIs San Diego Padres vs. Boston Red Sox | Over 0.5 Andrew Benintendi Hits Toronto Blue Jays vs. Chicago White Sox,,Baseball,MLB
1552782485,PrizePicks,parlay,SETTLED_LOSS,6,,,5,-5.00,04/03/2026 15:01:51 GMT,04/04/2026 03:10:00 GMT,2026-04-03T15:01:51.911Z,2026-04-04T03:10:00.000Z,Over 3.5 Naji Marshall Assists DAL vs. ORL | Over 4.5 Cedric Coward Rebounds MEM vs. TOR | Under 22.5 Saddiq Bey Pts+Asts NOP vs. SAC,,Basketball,NBA
019d53da-4ace-732f-9508-72768d699a39,Dabble,parlay,SETTLED_LOSS,6,,,10,-10.00,04/03/2026 14:58:28 GMT,04/04/2026 02:21:19 GMT,2026-04-03T14:58:28.125Z,2026-04-04T02:21:19.878Z,Over 3.5 Jay Huff rebounds Indiana Pacers @ Charlotte Hornets | Over 8.5 Derrick White assists + rebounds Boston Celtics @ Milwaukee Bucks | Over 11.5 Brandon Williams points Orlando Magic @ Dallas Mavericks,,Basketball,NBA
6a97150c-bfe3-4ed7-9be9-1e096d9250d1,Underdog,parlay,SETTLED_LOSS,3.5,,,5,-5.00,04/03/2026 14:56:36 GMT,04/04/2026 03:00:00 GMT,2026-04-03T14:56:36.000Z,2026-04-04T03:00:00.000Z,Higher 20.5 Cedric Coward Pts + Rebs + Asts O/U TOR @ MEM | Higher 8.5 Ousmane Dieng Rebounds + Assists O/U BOS @ MIL,,Basketball,NBA
1552747181,PrizePicks,round_robin_5,SETTLED_LOSS,10,,,5,-5.00,04/03/2026 14:26:11 GMT,04/04/2026 03:00:58 GMT,2026-04-03T14:26:11.646Z,2026-04-04T03:00:58.536Z,Under 0.5 Ramón Urías Singles STL vs. DET | Under 0.5 Fernando Tatis Jr. Runs SD vs. BOS | Under 2.5 Mitch Keller Earned Runs Allowed PIT vs. BAL | Over 1.5 Vinnie Pasquantino Hits+Runs+RBIs KC vs. MIL | Over 4.5 Cedric Coward Rebounds MEM vs. TOR,,Baseball | Basketball,MLB | NBA
647866684,Fliff,straight,SETTLED_LOSS,1.9523809523809523,,,9,-9.00,04/03/2026 01:32:16 GMT,04/03/2026 03:55:21 GMT,2026-04-03T01:32:16.442Z,2026-04-03T03:55:21.669Z,L.A. Lakers +8.5 POINT SPREAD L.A. Lakers vs Oklahoma City Thunder,,Basketball,NBA
1345567576922533888,Sleeper,parlay,SETTLED_LOSS,4.96,,,10,-10.00,04/02/2026 23:00:19 GMT,04/03/2026 02:00:19 GMT,2026-04-02T23:00:19.077Z,2026-04-03T02:00:19.077Z,O 1.5 Gui Santos Threes Made CLE @ GSW | U 8.5 Evan Mobley Rebounds CLE @ GSW | O 6.5 Kawhi Leonard Rebounds SAS @ LAC,,Basketball,NBA
DRpKbqN,DK Pick6,round_robin_3,SETTLED_LOSS,7.8,,,10,-10.00,04/02/2026 23:00:00 GMT,04/03/2026 02:10:32 GMT,2026-04-02T23:00:00.000Z,2026-04-03T02:10:32.000Z,Over 14.5 Chet Holmgren Points Los Angeles Lakers vs. Oklahoma City Thunder | Under 16.5 Derik Queen Pts + Rebs + Asts New Orleans Pelicans vs. Portland Trail Blazers | Over 6.5 Royce O'Neale Points Phoenix Suns vs. Charlotte Hornets,,Basketball,NBA
7209bf2f-1e5a-4dcd-958d-4a81681882fa,Underdog,parlay,SETTLED_LOSS,7.13,,,7.45,-7.45,04/02/2026 22:46:12 GMT,04/03/2026 02:00:00 GMT,2026-04-02T22:46:12.000Z,2026-04-03T02:00:00.000Z,Higher 1.5 Naz Reid 3-Pointers Made O/U MIN @ DET | Lower 17.5 Ayo Dosunmu Points O/U MIN @ DET | Higher 6.5 Kawhi Leonard Rebounds O/U SAS @ LAC,,Basketball,NBA
69cef15e44399f7266fe9c52,Betr Picks,parlay,SETTLED_LOSS,6,,,5,0.00,04/02/2026 22:44:46 GMT,04/03/2026 05:17:51 GMT,2026-04-02T22:44:46.421Z,2026-04-03T05:17:51.541Z,Under 8.5 Zion Williamson AST+REB NO vs. POR | Over 4.5 Brook Lopez Rebounds SA vs. LAC | Under 5.5 Keldon Johnson Rebounds SA vs. LAC,,Basketball,NBA
1345542035691552768,Sleeper,parlay,SETTLED_LOSS,10.933,,,10,-10.00,04/02/2026 21:18:49 GMT,04/03/2026 00:18:49 GMT,2026-04-02T21:18:49.573Z,2026-04-03T00:18:49.573Z,O 15.5 Miles Bridges Points & Assists PHX @ CHA | U 9.5 De'Aaron Fox Rebounds & Assists SAS @ LAC | O 5.5 John Collins Rebounds SAS @ LAC | O 5.5 LeBron James Rebounds LAL @ OKC,,Basketball,NBA
69cec5afd63c9e23faef9e64,Betr Picks,parlay,SETTLED_LOSS,6,,,10,-10.00,04/02/2026 19:38:23 GMT,04/03/2026 04:45:27 GMT,2026-04-02T19:38:23.481Z,2026-04-03T04:45:27.992Z,Over 10.5 Shai Gilgeous-Alexander AST+REB LAL vs. OKC | Over 9.5 Brandin Podziemski AST+REB CLE vs. GS | Over 4.5 Robbie Ray Pitching Strikeouts NYM vs. SF,,Basketball | Baseball,NBA | MLB
1551488396,PrizePicks,parlay,SETTLED_LOSS,6,,,5,-5.00,04/02/2026 19:36:41 GMT,04/03/2026 02:10:00 GMT,2026-04-02T19:36:41.337Z,2026-04-03T02:10:00.000Z,Over 14.5 Dillon Brooks Points PHX vs. CHA | Over 41.5 Shai Gilgeous-Alexander Pts+Rebs+Asts OKC vs. LAL | Over 4.5 Ayo Dosunmu Assists MIN vs. DET,,Basketball,NBA
1345513245749837824,Sleeper,parlay,SETTLED_LOSS,4.93,,,10,-10.00,04/02/2026 19:24:25 GMT,04/02/2026 22:24:25 GMT,2026-04-02T19:24:25.516Z,2026-04-02T22:24:25.516Z,O 7.5 Moussa Diabaté Points PHX @ CHA | O 10.5 Draymond Green Rebounds & Assists CLE @ GSW | O 12.5 James Harden Rebounds & Assists CLE @ GSW,,Basketball,NBA
1551303909,PrizePicks,parlay,SETTLED_LOSS,6,,,5,-5.00,04/02/2026 17:19:15 GMT,04/03/2026 02:10:00 GMT,2026-04-02T17:19:15.594Z,2026-04-03T02:10:00.000Z,Under 22.5 Jalen Duren Points DET vs. MIN | Under 7.5 Mark Williams Points PHX vs. CHA | Under 14.5 Royce O'Neale Pts+Rebs+Asts PHX vs. CHA,,Basketball,NBA
019d4f32-be3c-7356-89b9-08dbabc96916,Dabble,parlay,SETTLED_LOSS,6,,,5,-5.00,04/02/2026 17:16:58 GMT,04/03/2026 04:33:30 GMT,2026-04-02T17:16:58.757Z,2026-04-03T04:33:30.896Z,Over 11.5 Donovan Clingan rebounds New Orleans Pelicans @ Portland Trail Blazers | Over 3.5 Jaylin Williams rebounds Los Angeles Lakers @ Oklahoma City Thunder | Under 8.5 Kon Knueppel assists + rebounds Phoenix Suns @ Charlotte Hornets,,Basketball,NBA
1345475806066900992,Sleeper,parlay,SETTLED_WIN,2.95,,,10,19.50,04/02/2026 16:55:39 GMT,04/02/2026 19:55:39 GMT,2026-04-02T16:55:39.200Z,2026-04-02T19:55:39.200Z,O 0.5 Devin Booker Points PHX @ CHA | O 8.5 De'Aaron Fox Rebounds & Assists SAS @ LAC | O 8.5 Tobias Harris Rebounds & Assists MIN @ DET,,Basketball,NBA
6b678a0c-da5a-4a1e-8b62-da63b7156b58,Underdog,parlay,SETTLED_VOID,3.5,,,5,0.00,04/02/2026 16:51:24 GMT,04/03/2026 04:38:06 GMT,2026-04-02T16:51:24.000Z,2026-04-03T04:38:06.099Z,Higher 4.5 Alex Caruso Points O/U LAL @ OKC | Higher 5.5 Kristaps Porzingis Rebounds O/U CLE @ GSW,,Basketball,NBA
69ce841cda8fafaee7b96054,Betr Picks,parlay,SETTLED_WIN,6,,,15,75.00,04/02/2026 14:58:36 GMT,04/03/2026 05:16:36 GMT,2026-04-02T14:58:36.017Z,2026-04-03T05:16:36.879Z,Over 7.5 Kevin Huerter Points MIN vs. DET | Over 13.5 Toumani Camara Points NO vs. POR | Over 24.5 Stephon Castle Pts+Rebs+Asst SA vs. LAC,,Basketball,NBA
2b384155-819a-4422-80b9-13f96f4f8a3d,Underdog,parlay,SETTLED_WIN,3.5,,,5,12.50,04/02/2026 14:42:33 GMT,04/03/2026 04:30:00 GMT,2026-04-02T14:42:33.000Z,2026-04-03T04:30:00.000Z,Higher 16.5 Kon Knueppel Points O/U PHX @ CHA | Lower 0.5 Luka Doncic Double Doubles O/U LAL @ OKC,,Basketball,NBA
8bc1da59-566f-4189-8675-6a2e4b77026a,Underdog,parlay,SETTLED_WIN,6.5,,,8.7,47.85,04/02/2026 14:39:07 GMT,04/03/2026 04:38:06 GMT,2026-04-02T14:39:07.000Z,2026-04-03T04:38:06.099Z,Lower 3.5 Tobias Harris Assists O/U MIN @ DET | Higher 8.5 Jalen Williams Rebounds + Assists O/U LAL @ OKC | Higher 4.5 Dejounte Murray Rebounds O/U NOP @ POR,,Basketball,NBA
019d4e9d-dc4f-7093-be52-2ee3ea25ddf8,Dabble,parlay,SETTLED_LOSS,6,,,6,-6.00,04/02/2026 14:34:21 GMT,04/03/2026 01:27:56 GMT,2026-04-02T14:34:21.599Z,2026-04-03T01:27:56.173Z,Over 6.5 Isaiah Hartenstein points Los Angeles Lakers @ Oklahoma City Thunder | Over 6.5 Dennis Schroder points Cleveland Cavaliers @ Golden State Warriors | Over 19.5 LaMelo Ball points Phoenix Suns @ Charlotte Hornets,,Basketball,NBA
69ce7d9bdd15515148ccc3bb,Betr Picks,parlay,SETTLED_LOSS,6,,,10,-10.00,04/02/2026 14:30:51 GMT,04/03/2026 04:08:42 GMT,2026-04-02T14:30:51.792Z,2026-04-03T04:08:42.567Z,Over 28.5 Shai Gilgeous-Alexander Points LAL vs. OKC | Over 8.5 Isaiah Hartenstein Rebounds LAL vs. OKC | Over 10.5 Rudy Gobert Rebounds MIN vs. DET,,Basketball,NBA
95nzBN8,DK Pick6,round_robin_3,SETTLED_WIN,6,,,10,50.00,04/01/2026 23:00:00 GMT,04/02/2026 04:11:23 GMT,2026-04-01T23:00:00.000Z,2026-04-02T04:11:23.000Z,Over 2.5 Brice Sensabaugh 3-Pointers Made Denver Nuggets vs. Utah Jazz | Over 14.5 Kyle Filipowski Points Denver Nuggets vs. Utah Jazz | Over 16.5 Bam Adebayo Points Boston Celtics vs. Miami Heat,,Basketball,NBA
zL4R8WZ,DK Pick6,round_robin_3,SETTLED_LOSS,6,,,10,-10.00,04/01/2026 23:00:00 GMT,04/02/2026 02:36:36 GMT,2026-04-01T23:00:00.000Z,2026-04-02T02:36:36.498Z,Under 6.5 Tari Eason Rebounds Milwaukee Bucks vs. Houston Rockets | Over 3.5 Cody Williams Rebounds Denver Nuggets vs. Utah Jazz | Under 16.5 Gregory Jackson Points New York Knicks vs. Memphis Grizzlies,,Basketball,NBA
f51bf796-7bd0-4813-aff2-2d37fa663b72,Dabble,parlay,SETTLED_LOSS,6,,,5,-5.00,04/01/2026 22:39:45 GMT,04/02/2026 02:22:21 GMT,2026-04-01T22:39:45.119Z,2026-04-02T02:22:21.800Z,Over 7.5 Ace Bailey assists + rebounds Denver Nuggets @ Utah Jazz | Over 1.5 Pascal Siakam three-made Indiana Pacers @ Chicago Bulls | Over 10.5 Cameron Johnson points Denver Nuggets @ Utah Jazz,,Basketball,NBA
1550245758,PrizePicks,parlay,SETTLED_LOSS,6,,,5,-5.00,04/01/2026 22:34:35 GMT,04/02/2026 02:12:00 GMT,2026-04-01T22:34:35.535Z,2026-04-02T02:12:00.000Z,Over 6.5 Christian Braun Rebs+Asts DEN vs. UTA | Over 3.5 CJ McCollum Assists ATL vs. ORL | Under 5.5 Draymond Green Rebounds GSW vs. SAS,,Basketball,NBA
c5f81355-359b-499f-8be9-4b88d7d421a8,Underdog,parlay,SETTLED_LOSS,5.36,,,5,-5.00,04/01/2026 22:21:20 GMT,04/02/2026 02:36:36 GMT,2026-04-01T22:21:20.000Z,2026-04-02T02:36:36.771Z,Lower 7.5 Andrew Wiggins Rebounds + Assists O/U BOS @ MIA | Lower 3.5 Quenton Jackson Rebounds O/U IND @ CHI | Higher 2.5 Kam Jones Rebounds O/U IND @ CHI,,Basketball,NBA
69cd968829cdfb27195ad7aa,Betr Picks,parlay,SETTLED_LOSS,6,,,10,-10.00,04/01/2026 22:04:56 GMT,04/02/2026 03:00:23 GMT,2026-04-01T22:04:56.486Z,2026-04-02T03:00:23.831Z,Over 5.5 Yoshinobu Yamamoto Pitching Strikeouts CLE vs. LAD | Over 12.5 Josh Hart AST+REB NY vs. MEM | Over 9.5 Onyeka Okongwu AST+REB ATL vs. ORL,,Baseball | Basketball,MLB | NBA
56a5a20d-7a83-48ef-93f8-73e0b480f708,Underdog,parlay,SETTLED_WIN,7.87,,,10,68.70,04/01/2026 21:08:44 GMT,04/02/2026 02:36:36 GMT,2026-04-01T21:08:44.000Z,2026-04-02T02:36:36.768Z,Lower 3.5 Bub Carrington Rebounds O/U PHI @ WAS | Lower 11.5 Jevon Carter Pts + Rebs + Asts O/U ATL @ ORL | Lower 2.5 Cedric Coward Assists O/U NYK @ MEM,,Basketball,NBA
1345172482545438720,Sleeper,parlay,SETTLED_WIN,2.8600000000000003,,,10,18.60,04/01/2026 20:50:21 GMT,04/01/2026 23:50:21 GMT,2026-04-01T20:50:21.236Z,2026-04-01T23:50:21.236Z,O 5.5 Brandin Podziemski Rebounds SAS @ GSW | U 10.5 Pascal Siakam Rebounds & Assists IND @ CHI | O 2.5 Tim Hardaway Threes Made DEN @ UTA,,Basketball,NBA
1345168102882549760,Sleeper,parlay,SETTLED_LOSS,9.13,,,10,-10.00,04/01/2026 20:32:57 GMT,04/01/2026 23:32:57 GMT,2026-04-01T20:32:57.044Z,2026-04-01T23:32:57.044Z,O 19.5 Tyler Herro Points BOS @ MIA | O 10.5 Kyle Filipowski Rebounds & Assists DEN @ UTA | U 9.5 De'Aaron Fox Rebounds & Assists SAS @ GSW | O 4.5 Ousmane Dieng Rebounds MIL @ HOU,,Basketball,NBA
dea53e15-e535-4b00-8493-00c59503ee46,Dabble,parlay,SETTLED_LOSS,6,,,5,-5.00,04/01/2026 20:25:59 GMT,04/02/2026 01:37:36 GMT,2026-04-01T20:25:59.576Z,2026-04-02T01:37:36.432Z,Under 10.5 Jamal Shead assists + rebounds Sacramento Kings @ Toronto Raptors | Under 10.5 Jonathan Kuminga points Atlanta Hawks @ Orlando Magic | Over 3.5 Isaac Okoro rebounds Indiana Pacers @ Chicago Bulls,,Basketball,NBA
ddcbbeb0-a4cb-4040-ba49-a66a5f356388,Underdog,parlay,SETTLED_LOSS,3.5,,,5,-5.00,04/01/2026 20:04:06 GMT,04/02/2026 00:30:00 GMT,2026-04-01T20:04:06.000Z,2026-04-02T00:30:00.000Z,Higher 0.5 Luke Raley Hits + Runs + RBIs O/U NYY @ SEA | Higher 21.5 Tristan Schoolkate Games Played O/U Denolly vs Schoolka…,,Baseball | Tennis,MLB | TENNIS
1550002250,PrizePicks,parlay,SETTLED_LOSS,6,,,5,-5.00,04/01/2026 19:55:22 GMT,04/02/2026 02:10:00 GMT,2026-04-01T19:55:22.521Z,2026-04-02T02:10:00.000Z,Over 21.5 Reed Sheppard Pts+Rebs+Asts HOU vs. MIL | Under 10.5 Jalen Suggs Rebs+Asts ORL vs. ATL | Under 5.5 Cam Spencer Assists MEM vs. NYK,,Basketball,NBA
3ddab529-80c6-4c75-9650-35024fdbcc74,Dabble,parlay,SETTLED_WIN,6,,,6,30.00,04/01/2026 19:14:35 GMT,04/02/2026 02:05:40 GMT,2026-04-01T19:14:35.315Z,2026-04-02T02:05:40.248Z,Over 14.5 Kyle Filipowski points Denver Nuggets @ Utah Jazz | Over 7.5 Jericho Sims rebounds Milwaukee Bucks @ Houston Rockets | Over 22.5 Jayson Tatum points Boston Celtics @ Miami Heat,,Basketball,NBA
1345142811850178560,Sleeper,parlay,SETTLED_LOSS,6.487,,,10,-10.00,04/01/2026 18:52:27 GMT,04/01/2026 21:52:27 GMT,2026-04-01T18:52:27.192Z,2026-04-01T21:52:27.192Z,O 3.5 Gui Santos Assists SAS @ GSW | O 2.5 Ace Bailey Threes Made DEN @ UTA | O 3.5 Ousmane Dieng Assists MIL @ HOU,,Basketball,NBA
69cd65926f4d86c50bd5616a,Betr Picks,parlay,SETTLED_LOSS,6,,,15,-15.00,04/01/2026 18:36:02 GMT,04/02/2026 03:00:24 GMT,2026-04-01T18:36:02.544Z,2026-04-02T03:00:24.533Z,Over 3.5 Mikal Bridges Assists NY vs. MEM | Under 2.5 OG Anunoby 3PT Made NY vs. MEM | Over 5.5 Yoshinobu Yamamoto Pitching Strikeouts CLE vs. LAD,,Basketball | Baseball,NBA | MLB
36fbea87-54dd-4084-9e01-d499eeb4e777,Underdog,parlay,SETTLED_LOSS,7.74,,,5,-5.00,04/01/2026 18:31:06 GMT,04/02/2026 02:30:00 GMT,2026-04-01T18:31:06.000Z,2026-04-02T02:30:00.000Z,Lower 8.5 Sam Hauser Points O/U BOS @ MIA | Higher 3.5 Ousmane Dieng Assists O/U MIL @ HOU | Higher 31.5 Ryan Rollins Pts + Rebs + Asts O/U MIL @ HOU,,Basketball,NBA
1549816566,PrizePicks,parlay,SETTLED_LOSS,6,,,5,-5.00,04/01/2026 17:13:41 GMT,04/02/2026 04:11:00 GMT,2026-04-01T17:13:41.230Z,2026-04-02T04:11:00.000Z,Over 10.5 Christian Braun Points DEN vs. UTA | Over 18.5 Cody Williams Pts+Asts UTA vs. DEN | Over 25.5 Stephon Castle Pts+Asts SAS vs. GSW,,Basketball,NBA
1549799633,PrizePicks,parlay,SETTLED_LOSS,6,,,5,-5.00,04/01/2026 16:59:32 GMT,04/02/2026 03:10:00 GMT,2026-04-01T16:59:32.902Z,2026-04-02T03:10:00.000Z,Under 13.5 Jevon Carter Pts+Rebs+Asts ORL vs. ATL | Over 10.5 Christian Braun Points DEN vs. UTA | Under 7.5 OG Anunoby Rebs+Asts NYK vs. MEM,,Basketball,NBA
69cd4e4b8a324fe9dc45dd01,Betr Picks,parlay,SETTLED_LOSS,6,,,5,-5.00,04/01/2026 16:56:43 GMT,04/02/2026 03:40:15 GMT,2026-04-01T16:56:43.323Z,2026-04-02T03:40:15.650Z,Under 1.5 Josh Hart 3PT Made NY vs. MEM | Over 3.5 Tristan da Silva Rebounds ATL vs. ORL | Under 3.5 Brice Sensabaugh Rebounds DEN vs. UTA,,Basketball,NBA
69cd4cb108906b38402d6ea9,Betr Picks,parlay,SETTLED_WIN,6,,,5,30.00,04/01/2026 16:49:53 GMT,04/02/2026 02:50:02 GMT,2026-04-01T16:49:53.104Z,2026-04-02T02:50:02.220Z,Over 12.5 Amen Thompson AST+REB MIL vs. HOU | Over 9.5 Collin Murray-Boyles Points SAC vs. TOR | Over 9.5 VJ Edgecombe AST+REB PHI vs. WAS,,Basketball,NBA
ab43b2e7-78e0-497f-9284-005d381a3613,Dabble,parlay,SETTLED_LOSS,6,,,10,-10.00,04/01/2026 16:47:52 GMT,04/02/2026 01:57:43 GMT,2026-04-01T16:47:52.771Z,2026-04-02T01:57:43.075Z,Over 22.5 Tyler Herro points Boston Celtics @ Miami Heat | Over 0.5 Jock Landale three-made Atlanta Hawks @ Orlando Magic | Over 27.5 Jayson Tatum assists + points Boston Celtics @ Miami Heat,,Basketball,NBA
03c0726e-2f25-46e2-bd71-89325ddc795e,Underdog,parlay,SETTLED_LOSS,5.72,,,5,-5.00,04/01/2026 16:44:16 GMT,04/02/2026 02:00:00 GMT,2026-04-01T16:44:16.000Z,2026-04-02T02:00:00.000Z,Lower 2.5 Zac Gallen Earned Runs Allowed O/U DET @ AZ | Higher 3.5 Nickeil Alexander-Walker Assists O/U ATL @ ORL | Higher 12.5 Bruce Brown Pts + Rebs + Asts O/U DEN @ UTA,,Baseball | Basketball,MLB | NBA
32cd6d3f-c287-4bd0-9bd6-990f2197cdab,Dabble,parlay,SETTLED_LOSS,6,,,10,-10.00,04/01/2026 16:24:46 GMT,04/02/2026 01:20:44 GMT,2026-04-01T16:24:46.897Z,2026-04-02T01:20:44.910Z,Under 9.5 Davion Mitchell assists + rebounds Boston Celtics @ Miami Heat | Over 14.5 Kelly Oubre Jr. assists + points Philadelphia 76ers @ Washington Wizards | Over 11.5 Victor Wembanyama rebounds San Antonio Spurs @ Golden State Warriors,,Basketball,NBA
69cd464af9f48afcdd222a7b,Betr Picks,parlay,SETTLED_LOSS,6,,,10,-10.00,04/01/2026 16:22:34 GMT,04/02/2026 02:50:31 GMT,2026-04-01T16:22:34.569Z,2026-04-02T02:50:31.166Z,Over 7.5 Precious Achiuwa Rebounds SAC vs. TOR | Over 28.5 Jalen Brunson PTS+AST NY vs. MEM | Under 7.5 Matas Buzelis Rebounds IND vs. CHI,,Basketball,NBA
1549690770,PrizePicks,round_robin_6,SETTLED_WIN,25,,,5,5.00,04/01/2026 15:50:59 GMT,04/02/2026 02:10:00 GMT,2026-04-01T15:50:59.942Z,2026-04-02T02:10:00.000Z,Under 8.5 Chris Sale Pitcher Strikeouts ATL vs. ATH | Under 4.5 Cade Cavalli Pitcher Strikeouts WSH vs. PHI | Over 15.5 Yusei Kikuchi Pitching Outs LAA vs. CHC | Under 2.5 Zac Gallen Earned Runs Allowed AZ vs. DET | Under 4.5 George Kirby Hits Allowed SEA vs. NYY | Under 4.5 Jonathan Kuminga Rebounds ATL vs. ORL,,Baseball | Basketball,MLB | NBA
69cd2e9963241bacd545b35f,Betr Picks,parlay,SETTLED_LOSS,6,,,10,-10.00,04/01/2026 14:41:29 GMT,04/02/2026 03:29:22 GMT,2026-04-01T14:41:29.755Z,2026-04-02T03:29:22.011Z,Under 8.5 Jevon Carter Points ATL vs. ORL | Under 2.5 Andrew Abbott Pitching Earned Runs PIT vs. CIN | Over 4.5 Joe Ryan Pitching Strikeouts MIN vs. KC,,Basketball | Baseball,NBA | MLB
38ae720e-e351-4619-a93a-8914e926d38f,Dabble,parlay,SETTLED_LOSS,6,,,5,-5.00,04/01/2026 14:36:06 GMT,04/02/2026 01:21:34 GMT,2026-04-01T14:36:06.586Z,2026-04-02T01:21:34.128Z,Under 7.5 Mikal Bridges assists + rebounds New York Knicks @ Memphis Grizzlies | Over 6.5 Bilal Coulibaly assists + rebounds Philadelphia 76ers @ Washington Wizards | Under 3.5 Cody Williams assists Denver Nuggets @ Utah Jazz,,Basketball,NBA
ee91ebe6-eed7-4701-bfc1-d15ce9f778c5,Underdog,parlay,SETTLED_LOSS,6.5,,,5,-5.00,04/01/2026 14:21:57 GMT,04/01/2026 21:51:56 GMT,2026-04-01T14:21:57.000Z,2026-04-01T21:51:56.449Z,Lower 11.5 Johan Nikles Games Won O/U Nikles vs Dellien | Lower 12.5 Dan Martin Games Won O/U Martin vs Zhukayev | Lower 1.5 Nick Pivetta Walks Allowed O/U SF @ SD,,Tennis | Baseball,TENNIS | MLB
69cd27cc8a324fe9dc45d837,Betr Picks,parlay,SETTLED_WIN,6,,,5,10.00,04/01/2026 14:12:28 GMT,04/02/2026 02:50:32 GMT,2026-04-01T14:12:28.231Z,2026-04-02T02:50:32.455Z,Under 6.5 Pascal Siakam Rebounds IND vs. CHI | Under 3.5 Brandon Ingram Assists SAC vs. TOR | Over 4.5 Kevin Durant Assists MIL vs. HOU,,Basketball,NBA
647339165,Fliff,straight,SETTLED_WIN,1.8,,,10.6,8.48,04/01/2026 02:36:17 GMT,04/01/2026 04:59:18 GMT,2026-04-01T02:36:17.101Z,2026-04-01T04:59:18.812Z,Donovan Mitchell Under 25.5 POINTS CLE Cavaliers vs LA Lakers,,Basketball,NBA
1548924803,PrizePicks,round_robin_3,SETTLED_WIN,3,,,5,10.00,03/31/2026 23:55:35 GMT,04/02/2026 02:36:37 GMT,2026-03-31T23:55:35.771Z,2026-04-02T02:36:37.096Z,Over 26.5 Luka Dončić Points LAL vs. CLE | Over 6.5 Brook Lopez Rebs+Asts LAC vs. POR | Over 14.5 Gui Santos Points GSW vs. SAS,,Basketball,NBA
b7e5c6dd-6880-4c70-8871-bfd50e30400a,Underdog,parlay,SETTLED_WIN,5.49,,,5,22.45,03/31/2026 23:47:04 GMT,04/01/2026 03:00:00 GMT,2026-03-31T23:47:04.000Z,2026-04-01T03:00:00.000Z,Lower 2.5 Duncan Robinson Rebounds O/U TOR @ DET | Lower 10.5 Jakob Poeltl Rebounds + Assists O/U TOR @ DET | Higher 11.5 Ryan Rollins Rebounds + Assists O/U DAL @ MIL,,Basketball,NBA
69cc5a4199b1b17aef458b8d,Betr Picks,parlay,SETTLED_LOSS,6,,,5,-5.00,03/31/2026 23:35:29 GMT,04/01/2026 05:12:59 GMT,2026-03-31T23:35:29.159Z,2026-04-01T05:12:59.157Z,Over 3.5 Grant Williams Rebounds CHA vs. BKN | Under 8.5 Luka Dončić Assists CLE vs. LAL | Under 8.5 RJ Barrett AST+REB TOR vs. DET,,Basketball,NBA
d7760ccb-982b-49ac-91da-f5e49f618ecb,Dabble,parlay,SETTLED_WIN,6.6,,,10,56.00,03/31/2026 23:32:45 GMT,04/01/2026 05:32:55 GMT,2026-03-31T23:32:45.341Z,2026-04-01T05:32:55.845Z,Under 3.5 Brandon Williams rebounds Dallas Mavericks @ Milwaukee Bucks | Over 5.5 John Collins rebounds Portland Trail Blazers @ Los Angeles Clippers | Over 0.5 Caris LeVert three-made Toronto Raptors @ Detroit Pistons,,Basketball,NBA
69cc52056c660079a3e0c6fe,Betr Picks,parlay,SETTLED_WIN,6,,,10,50.00,03/31/2026 23:00:21 GMT,04/01/2026 04:24:52 GMT,2026-03-31T23:00:21.509Z,2026-04-01T04:24:52.131Z,Over 5.5 Hunter Brown Pitching Strikeouts BOS vs. HOU | Under 4.5 Tristan da Silva Rebounds PHO vs. ORL | Under 4.5 Max Fried Pitching Hits Allowed NYY vs. SEA,,Baseball | Basketball,MLB | NBA
Grnb7qG,DK Pick6,round_robin_4,SETTLED_LOSS,8.946,,,10,-10.00,03/31/2026 23:00:00 GMT,04/01/2026 05:28:34 GMT,2026-03-31T23:00:00.000Z,2026-04-01T05:28:34.382Z,Over 1.5 RJ Barrett 3-Pointers Made Toronto Raptors vs. Detroit Pistons | Over 2.5 Jalen Brunson Rebounds New York Knicks vs. Houston Rockets | Over 21.5 Donovan Mitchell Points Cleveland Cavaliers vs. Los Angeles Lakers | Over 2.5 Reed Sheppard Rebounds New York Knicks vs. Houston Rockets,,Basketball,NBA
RVK4QgZ,DK Pick6,round_robin_3,SETTLED_LOSS,6,,,10,-10.00,03/31/2026 23:00:00 GMT,04/01/2026 03:12:59 GMT,2026-03-31T23:00:00.000Z,2026-04-01T03:12:59.000Z,Over 20.5 Jalen Brunson Points New York Knicks vs. Houston Rockets | Over 4.5 Myles Turner Rebounds Dallas Mavericks vs. Milwaukee Bucks | Under 4.5 Josh Hart Assists New York Knicks vs. Houston Rockets,,Basketball,NBA
1548690327,PrizePicks,round_robin_6,SETTLED_LOSS,25,,,5,-5.00,03/31/2026 22:32:38 GMT,04/01/2026 02:08:00 GMT,2026-03-31T22:32:38.028Z,2026-04-01T02:08:00.000Z,Under 2.5 Jack Quinn Shots On Goal BUF vs. NYI | Under 0.5 Tage Thompson Assists BUF vs. NYI | Over 24.5 Devin Booker Points PHX vs. ORL | Over 0.5 Kevin McGonigle Singles DET vs. AZ | Over 0.5 Gabriel Arias Hits+Runs+RBIs CLE vs. LAD | Over 4.5 Hunter Brown Pitcher Strikeouts HOU vs. BOS,,Ice Hockey | Basketball | Baseball,NHL | NBA | MLB
e1582040-a573-4cfc-836d-c52a851331cc,Underdog,parlay,SETTLED_LOSS,6.87,,,10,-10.00,03/31/2026 22:27:13 GMT,04/01/2026 02:00:00 GMT,2026-03-31T22:27:13.000Z,2026-04-01T02:00:00.000Z,Higher 3.5 Collin Gillespie Rebounds O/U PHX @ ORL | Lower 8.5 Alperen Sengun Rebounds O/U NYK @ HOU | Lower 7.5 Tari Eason Rebounds + Assists O/U NYK @ HOU,,Basketball,NBA
1344826402481905664,Sleeper,parlay,SETTLED_LOSS,4.82,,,5,-5.00,03/31/2026 21:55:09 GMT,04/01/2026 00:55:09 GMT,2026-03-31T21:55:09.320Z,2026-04-01T00:55:09.320Z,U 9.5 Ousmane Dieng Rebounds & Assists DAL @ MIL | U 3.5 RJ Barrett Assists TOR @ DET | O 7.5 Collin Gillespie Rebounds & Assists PHX @ ORL,,Basketball,NBA
69cc41da813673cfd4c65669,Betr Picks,parlay,SETTLED_LOSS,6,,,5,-5.00,03/31/2026 21:51:22 GMT,04/01/2026 05:51:40 GMT,2026-03-31T21:51:22.448Z,2026-04-01T05:51:40.935Z,Under 1.5 Evan Mobley Blocks CLE vs. LAL | Over 5.5 John Collins Rebounds POR vs. LAC | Over 9.5 Jrue Holiday AST+REB POR vs. LAC,,Basketball,NBA
69cc243299305cbbe7bd5c1c,Betr Picks,parlay,SETTLED_LOSS,6,,,5,-5.00,03/31/2026 19:44:50 GMT,04/01/2026 02:55:39 GMT,2026-03-31T19:44:50.970Z,2026-04-01T02:55:39.464Z,Under 0.5 Alperen Sengün Double Doubles NY vs. HOU | Over 13.5 Tobias Harris Points TOR vs. DET | Under 3.5 Noah Clowney Rebounds CHA vs. BKN,,Basketball,NBA
1344786153198354432,Sleeper,parlay,SETTLED_WIN,8.268,,,10,72.68,03/31/2026 19:15:13 GMT,03/31/2026 22:15:13 GMT,2026-03-31T19:15:13.144Z,2026-03-31T22:15:13.144Z,U 1.5 Jamal Shead Threes Made TOR @ DET | O 6.5 Deni Avdija Rebounds POR @ LAC | O 1.5 Jabari Smith Threes Made NYK @ HOU | U 21.5 Jalen Green Points PHX @ ORL,,Basketball,NBA
69cc1904589031448cdb88c7,Betr Picks,parlay,SETTLED_LOSS,6,,,5,-5.00,03/31/2026 18:57:08 GMT,04/01/2026 05:13:26 GMT,2026-03-31T18:57:08.464Z,2026-04-01T05:13:26.371Z,Over 0.5 Juan Soto Strikeouts NYM vs. STL | Over 0.5 Corey Seager Strikeouts TEX vs. BAL | Under 1.5 Rui Hachimura 3PT Made CLE vs. LAL,,Baseball | Basketball,MLB | NBA
1344777580774973440,Sleeper,parlay,SETTLED_LOSS,5.2,,,10,-10.00,03/31/2026 18:41:09 GMT,03/31/2026 21:41:09 GMT,2026-03-31T18:41:09.318Z,2026-03-31T21:41:09.318Z,O 6.5 Josh Hart Rebounds NYK @ HOU | O 24.5 Kawhi Leonard Points POR @ LAC | O 3.5 Desmond Bane Rebounds PHX @ ORL,,Basketball,NBA
1548230702,PrizePicks,parlay,SETTLED_LOSS,37.5,,,5,-5.00,03/31/2026 18:28:54 GMT,04/01/2026 01:40:00 GMT,2026-03-31T18:28:54.363Z,2026-04-01T01:40:00.000Z,Under 2.5 Erick Fedde Earned Runs Allowed CWS vs. MIA | Under 1.5 Jameson Taillon Walks Allowed CHC vs. LAA | Under 8.5 Jose Alvarado Pts+Asts NYK vs. HOU | Under 8.5 Jakob Poeltl Rebounds TOR vs. DET | Over 1.5 Shohei Ohtani Total Bases LAD vs. CLE | Under 10 Deandre Ayton Points LAL vs. CLE,,Baseball | Basketball,MLB | NBA
ace4ae6f-f230-4f0a-bfc8-3838917a889a,Underdog,parlay,SETTLED_LOSS,3.5,,,5,-5.00,03/31/2026 17:51:28 GMT,04/01/2026 05:28:34 GMT,2026-03-31T17:51:28.000Z,2026-04-01T05:28:34.358Z,Higher 2.5 Kyle Kuzma Assists O/U DAL @ MIL | Higher 6.5 Jarrett Allen Rebounds O/U CLE @ LAL,,Basketball,NBA
1548152508,PrizePicks,parlay,SETTLED_LOSS,6,,,5,-5.00,03/31/2026 17:33:57 GMT,04/01/2026 03:14:00 GMT,2026-03-31T17:33:57.960Z,2026-04-01T03:14:00.000Z,Over 27.5 Kevin Durant Pts+Rebs+Asts HOU vs. NYK | Over 5.5 LeBron James Rebounds LAL vs. CLE | Over 10.5 Karl-Anthony Towns Rebounds NYK vs. HOU,,Basketball,NBA
1548102756,PrizePicks,parlay,SETTLED_LOSS,40,,,5,-5.00,03/31/2026 16:58:53 GMT,04/01/2026 02:40:00 GMT,2026-03-31T16:58:53.637Z,2026-04-01T02:40:00.000Z,Under 2.5 Noah Dobson Blocked Shots MTL vs. TB | Under 1.5 Jameson Taillon Walks Allowed CHC vs. LAA | Under 27.5 Kon Knueppel Pts+Rebs+Asts CHA vs. BKN | Under 5.5 Nic Claxton Rebounds BKN vs. CHA | Under 7.5 Reed Sheppard Rebs+Asts HOU vs. NYK | Under 6.5 Sidy Cissoko Pts+Rebs+Asts POR vs. LAC,,Ice Hockey | Baseball | Basketball,NHL | MLB | NBA
41368f4d-c500-4440-8e53-bd536922a883,Underdog,parlay,SETTLED_LOSS,6.5,,,5,-5.00,03/31/2026 16:42:53 GMT,04/01/2026 02:00:00 GMT,2026-03-31T16:42:53.000Z,2026-04-01T02:00:00.000Z,Lower 1.5 Connor Norby Hits + Runs + RBIs O/U CWS @ MIA | Lower 20.5 Desmond Bane Points O/U PHX @ ORL | Higher 0.5 Gary Sanchez Hits O/U TB @ MIL,,Baseball | Basketball,MLB | NBA
647151420,Fliff,parlay,SETTLED_LOSS,7.866419294990724,8.456098339719029,-0.0697,7,-7.00,03/31/2026 15:28:47 GMT,04/01/2026 02:10:20 GMT,2026-03-31T15:28:47.916Z,2026-04-01T02:10:20.808Z,Chicago Cubs MONEYLINE Los Angeles Angels vs Chicago Cubs | New York Mets MONEYLINE New York Mets vs St. Louis Cardinals | Milwaukee Brewers MONEYLINE Tampa Bay Rays vs Milwaukee Brewers | Texas Rangers MONEYLINE Texas Rangers vs Baltimore Orioles,,Baseball,MLB
1547977991,PrizePicks,parlay,SETTLED_LOSS,40,,,5,-5.00,03/31/2026 14:59:21 GMT,04/01/2026 05:28:35 GMT,2026-03-31T14:59:21.521Z,2026-04-01T05:28:35.486Z,Over 3.5 Desmond Bane Rebounds ORL vs. PHX | Under 0.5 Masyn Winn Singles STL vs. NYM | Over 6.5 Jaxson Hayes Points LAL vs. CLE | Under 39.5 Deni Avdija Pts+Rebs+Asts POR vs. LAC | Over 27.5 Kawhi Leonard Points LAC vs. POR | Under 17.5 Scoot Henderson Points POR vs. LAC,,Basketball | Baseball,NBA | MLB
69cbdde4dfcbcdfd166fc80e,Betr Picks,parlay,SETTLED_LOSS,6,,,10,0.00,03/31/2026 14:44:52 GMT,04/01/2026 05:11:32 GMT,2026-03-31T14:44:52.617Z,2026-04-01T05:11:32.328Z,Over 29.5 Luka Dončić Points CLE vs. LAL | Over 3.5 Devin Booker Rebounds PHO vs. ORL | Under 4.5 Austin Reaves Rebounds CLE vs. LAL,,Basketball,NBA
1547966170,PrizePicks,parlay,SETTLED_LOSS,37.5,,,5,-5.00,03/31/2026 14:43:17 GMT,04/01/2026 01:40:00 GMT,2026-03-31T14:43:17.186Z,2026-04-01T01:40:00.000Z,Under 0.5 Sal Stewart Runs CIN vs. PIT | Under 5.5 Ryan Feltner Hits Allowed COL vs. TOR | Over 13.5 Dillon Brooks Points PHX vs. ORL | Under 7.5 Nolan Traore Rebs+Asts BKN vs. CHA | Under 3.5 Germán Márquez Pitcher Strikeouts SD vs. SF | Over 5.5 LeBron James Rebounds LAL vs. CLE,,Baseball | Basketball,MLB | NBA
1547277262,PrizePicks,parlay,SETTLED_LOSS,20,,,5,-5.00,03/30/2026 22:59:30 GMT,03/31/2026 02:07:00 GMT,2026-03-30T22:59:30.987Z,2026-03-31T02:07:00.000Z,Over 5.5 Cody Ponce Pitcher Strikeouts TOR vs. COL | Under 18.5 Tyler Herro FG Attempted MIA vs. PHI | Under 9.5 Josh Giddey Assists CHI vs. SAS | Under 7.5 Matas Buzelis Rebs+Asts CHI vs. SAS | Under 5.5 Luke Kornet Rebounds SAS vs. CHI,,Baseball | Basketball,MLB | NBA
15a19471-3148-4900-99bd-e5bc7937e4cb,Underdog,parlay,SETTLED_LOSS,6.31,,,5,-5.00,03/30/2026 22:57:54 GMT,03/31/2026 02:00:00 GMT,2026-03-30T22:57:54.000Z,2026-03-31T02:00:00.000Z,Lower 7.5 Andrew Wiggins Rebounds + Assists O/U PHI @ MIA | Lower 23.5 LeBron James Points O/U WAS @ LAL | Lower 6.5 Bronny James Points O/U WAS @ LAL,,Basketball,NBA
1344465987738542080,Sleeper,parlay,SETTLED_LOSS,2.73,,,10,-10.00,03/30/2026 22:02:59 GMT,03/31/2026 01:02:59 GMT,2026-03-30T22:02:59.748Z,2026-03-31T01:02:59.748Z,O 9.5 Evan Mobley Rebounds CLE @ UTA | U 9.5 Collin Gillespie Rebounds & Assists PHX @ MEM,,Basketball,NBA
1547118046,PrizePicks,parlay,SETTLED_LOSS,6,,,5,-5.00,03/30/2026 21:50:16 GMT,03/31/2026 02:40:00 GMT,2026-03-30T21:50:16.000Z,2026-03-31T02:40:00.000Z,Under 4.5 Dennis Schröder Assists CLE vs. UTA | Over 1.5 Pete Crow-Armstrong Total Bases CHC vs. LAA | Over 3.5 Walker Buehler Pitcher Strikeouts SD vs. SF,,Basketball | Baseball,NBA | MLB
69caefbc59e6d36ae375ac80,Betr Picks,parlay,SETTLED_LOSS,6,,,5,-5.00,03/30/2026 21:48:44 GMT,03/31/2026 05:33:48 GMT,2026-03-30T21:48:44.959Z,2026-03-31T05:33:48.348Z,Over 12.5 Evan Mobley AST+REB CLE vs. UTA | Over 1.5 Bub Carrington 3PT Made WAS vs. LAL | Over 1.5 Justin Verlander Pitching Walks DET vs. ARI,,Basketball | Baseball,NBA | MLB
69cadf8a255d41bef500ccea,Betr Picks,parlay,SETTLED_LOSS,6,,,10,-10.00,03/30/2026 20:39:38 GMT,03/31/2026 04:44:14 GMT,2026-03-30T20:39:38.875Z,2026-03-31T04:44:14.207Z,Over 4.5 Austin Reaves Rebounds WAS vs. LAL | Under 2.5 Keon Ellis STL+BLK CLE vs. UTA | Over 21.5 Andrew Wiggins Pts+Rebs+Asst PHI vs. MIA,,Basketball,NBA
1344443622401007616,Sleeper,parlay,SETTLED_PUSH,8.21,,,10,0.00,03/30/2026 20:34:07 GMT,03/30/2026 23:34:07 GMT,2026-03-30T20:34:07.437Z,2026-03-30T23:34:07.437Z,U 4.5 Ayo Dosunmu Assists MIN @ DAL | O 3.5 Victor Wembanyama Blocks CHI @ SAS | U 7.5 Tyrese Maxey Assists PHI @ MIA | U 5.5 Ronald Holland Rebounds DET @ OKC,,Basketball,NBA
LyrN8xY,DK Pick6,round_robin_3,SETTLED_LOSS,6,,,10,-10.00,03/30/2026 20:10:00 GMT,03/31/2026 02:40:51 GMT,2026-03-30T20:10:00.000Z,2026-03-31T02:40:51.000Z,Over 1.5 Daylen Lile Hits + Runs + RBIs Washington Nationals vs. Philadelphia Phillies | Over 0.5 Aaron Judge Plate Appearances New York Yankees vs. Seattle Mariners | Over 1.5 Kyle Harrison Earned Runs Allowed Tampa Bay Rays vs. Milwaukee Brewers,,Baseball,MLB
646924399,Fliff,parlay,SETTLED_LOSS,4.3,,,10,-10.00,03/30/2026 19:37:38 GMT,03/31/2026 01:42:30 GMT,2026-03-30T19:37:38.683Z,2026-03-31T01:42:30.950Z,Ranger Suarez Under 4.5 PITCHER STRIKEOUTS Boston Red Sox vs Houston Astros | Jonah Heim Over 0.5 BATTER HITS Athletics vs Atlanta Braves | Ronald Acuna Jr. Over 1.5 BATTER HITS AND RUNS AND RBIS Athletics vs Atlanta Braves,,Baseball,MLB
69cacb3e08906b38402d48f1,Betr Picks,parlay,SETTLED_LOSS,6,,,5,-5.00,03/30/2026 19:13:02 GMT,03/31/2026 02:35:14 GMT,2026-03-30T19:13:02.741Z,2026-03-31T02:35:14.422Z,Under 1.5 Drew Millas Hits + Runs + Runs Batted In WSH vs. PHI | Under 2.5 George Springer Hits + Runs + Runs Batted In COL vs. TOR | Under 0.5 Michael Harris II Singles ATH vs. ATL,,Baseball,MLB
4d860e66-1855-468e-8498-7ad798482678,Underdog,parlay,SETTLED_LOSS,3.5,,,5,-5.00,03/30/2026 19:05:35 GMT,03/31/2026 01:40:00 GMT,2026-03-30T19:05:35.000Z,2026-03-31T01:40:00.000Z,Higher 1.5 Foster Griffin Walks Allowed O/U WSH @ PHI | Lower 13.5 Dylan Harper Points O/U CHI @ SAS,,Baseball | Basketball,MLB | NBA
646913061,Fliff,parlay,SETTLED_LOSS,7.1325979040264755,,,10,-10.00,03/30/2026 18:54:12 GMT,03/30/2026 22:27:21 GMT,2026-03-30T18:54:12.290Z,2026-03-30T22:27:21.125Z,Toronto Blue Jays MONEYLINE Colorado Rockies vs Toronto Blue Jays | Chicago Cubs MONEYLINE Los Angeles Angels vs Chicago Cubs | Over 9.5 TOTAL RUNS Minnesota Twins vs Kansas City Royals | St. Louis Blues MONEYLINE St. Louis Blues vs San Jose Sharks,,Baseball | Ice Hockey,MLB | NHL
9306be85-cd29-49cd-b74f-bbd55ad9ce50,Underdog,parlay,SETTLED_LOSS,5.94,,,5,-5.00,03/30/2026 18:31:52 GMT,03/31/2026 04:00:00 GMT,2026-03-30T18:31:52.000Z,2026-03-31T04:00:00.000Z,Higher 9.5 Bam Adebayo Rebounds O/U PHI @ MIA | Higher 7.5 Ace Bailey Rebounds + Assists O/U CLE @ UTA | Lower 9.5 Ausar Thompson Rebounds + Assists O/U DET @ OKC,,Basketball,NBA
1546834377,PrizePicks,parlay,SETTLED_WIN,6,,,5,25.00,03/30/2026 18:22:31 GMT,03/31/2026 02:48:09 GMT,2026-03-30T18:22:31.984Z,2026-03-31T02:48:09.064Z,Under 0.5 Alec Bohm Runs PHI vs. WSH | Over 15.5 Dyson Daniels Pts+Asts ATL vs. BOS | Over 11.5 Luke Kornet Pts+Rebs+Asts SAS vs. CHI,,Baseball | Basketball,MLB | NBA
646901750,Fliff,parlay,SETTLED_LOSS,10.005952380952378,,,10,-10.00,03/30/2026 18:09:36 GMT,03/31/2026 01:43:32 GMT,2026-03-30T18:09:36.366Z,2026-03-31T01:43:32.960Z,Los Angeles Dodgers MONEYLINE Cleveland Guardians vs Los Angeles Dodgers | Texas Rangers MONEYLINE Texas Rangers vs Baltimore Orioles | Boston Celtics MONEYLINE Boston Celtics vs Atlanta Hawks | Philadelphia 76ers MONEYLINE Philadelphia 76ers vs Miami Heat,,Baseball | Basketball,MLB | NBA
646901123,Fliff,parlay,SETTLED_WIN,4.965517241379311,,,10,39.60,03/30/2026 18:06:59 GMT,03/31/2026 04:41:16 GMT,2026-03-30T18:06:59.105Z,2026-03-31T04:41:16.011Z,Derrick White Under 5.5 ASSISTS Boston Celtics vs Atlanta Hawks | Ranger Suarez Under 4.5 PITCHER STRIKEOUTS Boston Red Sox vs Houston Astros | Daniss Jenkins Over 3.5 REBOUNDS Detroit Pistons vs Oklahoma City Thunder,,Basketball | Baseball,NBA | MLB
1344405170980671488,Sleeper,parlay,SETTLED_LOSS,5.36,,,10,-10.00,03/30/2026 18:01:19 GMT,03/30/2026 21:01:19 GMT,2026-03-30T18:01:19.904Z,2026-03-30T21:01:19.904Z,O 19.5 LeBron James Points WAS @ LAL | O 8.5 Tyler Herro Rebounds & Assists PHI @ MIA | O 9.5 Onyeka Okongwu Rebounds & Assists BOS @ ATL,,Basketball,NBA
69cab5af08906b38402d47b6,Betr Picks,parlay,SETTLED_LOSS,6,,,10,-10.00,03/30/2026 17:41:03 GMT,03/31/2026 03:34:21 GMT,2026-03-30T17:41:03.434Z,2026-03-31T03:34:21.610Z,Over 26.5 James Harden PTS+AST CLE vs. UTA | Over 4.5 Bryce Elder Pitching Strikeouts ATH vs. ATL | Over 9.5 Derrick White AST+REB BOS vs. ATL,,Basketball | Baseball,NBA | MLB
1344393348932190208,Sleeper,parlay,SETTLED_WIN,4.96,,,10,39.60,03/30/2026 17:14:21 GMT,03/30/2026 20:14:21 GMT,2026-03-30T17:14:21.308Z,2026-03-30T20:14:21.308Z,U 10.5 Paul George Rebounds & Assists PHI @ MIA | O 14.5 Kyle Leahy Outs NYM @ STL | U 12.5 Rudy Gobert Rebounds MIN @ DAL,,Basketball | Baseball,NBA | MLB
1344391453400383488,Sleeper,parlay,SETTLED_WIN,2.65,,,15,24.75,03/30/2026 17:06:49 GMT,03/30/2026 20:06:49 GMT,2026-03-30T17:06:49.377Z,2026-03-30T20:06:49.377Z,U 10.5 Shai Gilgeous-Alexander Rebounds & Assists DET @ OKC | O 3.5 Anthony Edwards Assists MIN @ DAL,,Basketball,NBA
1546709772,PrizePicks,parlay,SETTLED_WIN,6,,,5,25.00,03/30/2026 16:23:45 GMT,03/31/2026 04:13:00 GMT,2026-03-30T16:23:45.610Z,2026-03-31T04:13:00.000Z,Over 6.5 Cody Williams Rebs+Asts UTA vs. CLE | Over 2.5 Walter Clayton Rebounds MEM vs. PHX | Over 4.5 Collin Gillespie Assists PHX vs. MEM,,Basketball,NBA
69c95c5c1645da99e67cd3c2,Betr Picks,parlay,SETTLED_WIN,6,,,10,50.00,03/29/2026 17:07:40 GMT,03/30/2026 05:02:46 GMT,2026-03-29T17:07:40.228Z,2026-03-30T05:02:46.030Z,Over 47.5 Nikola Jokić Pts+Rebs+Asst GS vs. DEN | Over 3.5 Pelle Larsson Rebounds MIA vs. IND | Over 8.5 Gui Santos AST+REB GS vs. DEN,,Basketball,NBA
6f3e1e1a-6255-4677-a0f4-d1242d8e1d77,Underdog,parlay,SETTLED_LOSS,3.5,,,11.8,-11.80,03/28/2026 22:15:25 GMT,03/29/2026 02:30:00 GMT,2026-03-28T22:15:25.000Z,2026-03-29T02:30:00.000Z,Lower 8.5 CJ McCollum Rebounds + Assists O/U SAC @ ATL | Lower 10.5 Devin Booker Rebounds + Assists O/U UTA @ PHX,,Basketball,NBA
646366662,Fliff,parlay,SETTLED_LOSS,2.779755283648498,2.7065556711758583,0.0270,16,-16.00,03/28/2026 22:13:22 GMT,03/29/2026 03:42:53 GMT,2026-03-28T22:13:22.129Z,2026-03-29T03:42:53.847Z,Alek Thomas Over 0.5 BATTER HITS Arizona Diamondbacks vs Los Angeles Dodgers | Matas Buzelis Over 8.5 REBOUNDS AND ASSISTS Chicago Bulls vs Memphis Grizzlies,,Baseball | Basketball,MLB | NBA
69c850e2628e271f9a528bf5,Betr Picks,parlay,SETTLED_LOSS,6,,,5,-5.00,03/28/2026 22:06:26 GMT,03/29/2026 02:11:30 GMT,2026-03-28T22:06:26.042Z,2026-03-29T02:11:30.170Z,Over 4.5 DeMar DeRozan Assists SAC vs. ATL | Under 12.5 LaMelo Ball AST+REB PHI vs. CHA | Over 17.5 Paul George PTS+AST PHI vs. CHA,,Basketball,NBA
1343734960149782528,Sleeper,parlay,SETTLED_LOSS,5.26,,,10,-10.00,03/28/2026 21:38:09 GMT,03/29/2026 00:38:09 GMT,2026-03-28T21:38:09.189Z,2026-03-29T00:38:09.189Z,O 14.5 Kon Knueppel Points PHI @ CHA | O 3.5 Alvaro Folgueiras Rebounds IOWA @ ILL | O 6.5 Matas Buzelis Rebounds CHI @ MEM,,Basketball,NBA | NCAAM
5af6a8e7-d138-43af-8113-bff43feac719,Underdog,parlay,SETTLED_LOSS,6.5,,,10,-10.00,03/28/2026 21:28:44 GMT,03/29/2026 00:30:00 GMT,2026-03-28T21:28:44.000Z,2026-03-29T00:30:00.000Z,Higher 4.5 Julius Randle Assists O/U DET @ MIN | Higher 0.5 Garrett Mitchell Hits O/U CWS @ MIL | Higher 0.5 Shohei Ohtani Batter Walks O/U AZ @ LAD,,Basketball | Baseball,NBA | MLB
69c846e98f7a2286b694d3f3,Betr Picks,parlay,SETTLED_LOSS,6,,,10,-10.00,03/28/2026 21:23:53 GMT,03/29/2026 03:22:19 GMT,2026-03-28T21:23:53.091Z,2026-03-29T03:22:19.331Z,Over 24.5 Trey Kaufman-Renn PTS+REB PUR vs. ARZ | Over 6.5 Matas Buzelis Rebounds CHI vs. MEM | Over 2.5 Rudy Gobert STL+BLK DET vs. MIN,,Basketball,NCAAM | NBA
6f433f6a-e7df-4b41-9e65-8e85bb6ebe4c,Underdog,parlay,SETTLED_LOSS,3.5,,,10,-10.00,03/28/2026 19:11:07 GMT,03/29/2026 02:30:00 GMT,2026-03-28T19:11:07.000Z,2026-03-29T02:30:00.000Z,Lower 8.5 Ausar Thompson Rebounds + Assists O/U DET @ MIN | Higher 2.5 CJ McCollum 3-Pointers Made O/U SAC @ ATL,,Basketball,NBA
7Mnpzn4,DK Pick6,round_robin_3,SETTLED_LOSS,7.8,,,10,-10.00,03/28/2026 19:00:00 GMT,03/29/2026 01:10:39 GMT,2026-03-28T19:00:00.000Z,2026-03-29T01:10:39.000Z,Under 4.5 Royce O'Neale Rebounds Utah Jazz vs. Phoenix Suns | Under 15.5 Coby White Points Philadelphia 76ers vs. Charlotte Hornets | Over 6.5 Dylan Cardwell Rebounds Sacramento Kings vs. Atlanta Hawks,,Basketball,NBA
1343691019035607040,Sleeper,parlay,SETTLED_WIN,5.26,,,10,42.60,03/28/2026 18:43:32 GMT,03/28/2026 21:43:32 GMT,2026-03-28T18:43:32.811Z,2026-03-28T21:43:32.811Z,O 0.5 Israel Adesanya Significant Strikes Joe Pyfer @ Israel Adesanya | O 10.5 Jalen Duren Rebounds DET @ MIN | U 8.5 Kyle Anderson Rebounds & Assists DET @ MIN,,MMA | Basketball,UFC | NBA
1543824731,PrizePicks,round_robin_6,SETTLED_LOSS,25,,,5,-5.00,03/28/2026 17:48:10 GMT,03/28/2026 23:10:00 GMT,2026-03-28T17:48:10.726Z,2026-03-28T23:10:00.000Z,Over 16.5 Sonny Gray Pitching Outs BOS vs. CIN | Under 4.5 Will Warren Pitcher Strikeouts NYY vs. SF | Under 5.5 GG Jackson Rebounds MEM vs. CHI | Under 3.5 Randy Vásquez Pitcher Strikeouts SD vs. DET | Under 15.5 Tyler Glasnow Pitching Outs LAD vs. AZ | Under 7.5 Patrick Ngongba Points DUKE vs. CONN,,Baseball | Basketball,MLB | NBA | NCAAM
1543665338,PrizePicks,parlay,SETTLED_LOSS,10,,,5,-5.00,03/28/2026 16:16:28 GMT,03/28/2026 22:08:00 GMT,2026-03-28T16:16:28.291Z,2026-03-28T22:08:00.000Z,Under 15.5 Dylan Cease Pitching Outs TOR vs. ATH | Over 0.5 Marcelo Mayer Total Bases BOS vs. CIN | Under 11.5 Dominick Barlow Pts+Rebs PHI vs. CHA | Over 7.5 Malik Monk Rebs+Asts SAC vs. ATL,,Baseball | Basketball,MLB | NBA
69c7f64026efcaf8a89b83df,Betr Picks,parlay,SETTLED_VOID,6,,,15,0.00,03/28/2026 15:39:44 GMT,03/29/2026 03:02:41 GMT,2026-03-28T15:39:44.070Z,2026-03-29T03:02:41.812Z,Over 30.5 Jalen Johnson PTS+REB SAC vs. ATL | Over 5.5 Ty Jerome Assists CHI vs. MEM | Under 3.5 CJ McCollum Rebounds SAC vs. ATL,,Basketball,NBA
1543592580,PrizePicks,parlay,SETTLED_LOSS,40,,,5,-5.00,03/28/2026 15:26:29 GMT,03/28/2026 22:13:00 GMT,2026-03-28T15:26:29.974Z,2026-03-28T22:13:00.000Z,Under 12.5 Keldon Johnson Points SAS vs. MIL | Under 1.5 Kyle Bradish Earned Runs Allowed BAL vs. MIN | Under 11.5 Kelly Oubre Points PHI vs. CHA | Under 1.5 Sion James Assists CHA vs. PHI | Under 3.5 Eduardo Rodriguez Pitcher Strikeouts AZ vs. LAD | Under 1.5 Bryan Woo Earned Runs Allowed SEA vs. CLE,,Basketball | Baseball,NBA | MLB
1343437220916256768,Sleeper,parlay,SETTLED_LOSS,13.16,,,10,-10.00,03/28/2026 01:55:02 GMT,03/28/2026 04:55:02 GMT,2026-03-28T01:55:02.624Z,2026-03-28T04:55:02.624Z,U 0.5 Mookie Betts Bat Walks AZ @ LAD | O 0.5 Teoscar Hernández Hits AZ @ LAD | O 0.5 Will Smith Hits AZ @ LAD | O 0.5 Ketel Marte Hits AZ @ LAD | O 0.5 Corbin Carroll Hits AZ @ LAD,,Baseball,MLB
ada03bf2-b9fa-4a9b-a915-0a9be7cb605e,Underdog,parlay,SETTLED_LOSS,6.45,,,10,-10.00,03/28/2026 01:49:09 GMT,03/28/2026 05:00:00 GMT,2026-03-28T01:49:09.000Z,2026-03-28T05:00:00.000Z,Lower 4.5 Naji Marshall 1Q Points O/U DAL @ POR | Lower 3.5 Anthony Gill Rebounds O/U WAS @ GSW | Lower 20.5 Will Riley Pts + Rebs + Asts O/U WAS @ GSW,,Basketball,NBA
69c733046512479d30cbc315,Betr Picks,parlay,SETTLED_LOSS,3,,,10,-10.00,03/28/2026 01:46:44 GMT,03/28/2026 05:20:39 GMT,2026-03-28T01:46:44.957Z,2026-03-28T05:20:39.836Z,Under 1.5 Noah Clowney 3PT Made BKN vs. LAL | Over 6.5 P.J. Washington Rebounds DAL vs. POR,,Basketball,NBA
1542605855,PrizePicks,parlay,SETTLED_LOSS,6,,,5,-5.00,03/27/2026 22:48:29 GMT,03/28/2026 03:10:00 GMT,2026-03-27T22:48:29.894Z,2026-03-28T03:10:00.000Z,Under 3.5 Reed Sheppard Rebounds HOU vs. MEM | Over 1.5 Jonathan Kuminga Assists ATL vs. BOS | Under 3.5 Rui Hachimura Rebounds LAL vs. BKN,,Basketball,NBA
69c70891738c17d056d08739,Betr Picks,parlay,SETTLED_LOSS,6,,,10,-10.00,03/27/2026 22:45:37 GMT,03/28/2026 05:07:11 GMT,2026-03-27T22:45:37.634Z,2026-03-28T05:07:11.747Z,Over 21.5 Ja'Kobi Gillespie PTS+AST TENN vs. IOWAST | Over 10.5 Andrew Nembhard AST+REB LAC vs. IND | Over 8.5 P.J. Washington AST+REB DAL vs. POR,,Basketball,NCAAM | NBA
1343359376534028288,Sleeper,parlay,SETTLED_LOSS,5.23,,,10,-10.00,03/27/2026 20:45:43 GMT,03/27/2026 23:45:43 GMT,2026-03-27T20:45:43.077Z,2026-03-27T23:45:43.077Z,O 17.5 James Harden Points MIA @ CLE | O 9.5 Kevin Durant Rebounds & Assists HOU @ MEM | O 3.5 Sam Hauser Rebounds ATL @ BOS,,Basketball,NBA
1343344863004852224,Sleeper,parlay,SETTLED_LOSS,5.29,,,10,-10.00,03/27/2026 19:48:02 GMT,03/27/2026 22:48:02 GMT,2026-03-27T19:48:02.783Z,2026-03-27T22:48:02.783Z,O 0.5 Yaxel Lendeborg Points ALA @ MICH | O 7.5 Jalen Williams Rebounds & Assists CHI @ OKC | U 10.5 Kawhi Leonard Rebounds & Assists LAC @ IND,,Basketball,NCAAM | NBA
6a91d995-23de-4d8a-99c2-b79dc147f885,Underdog,parlay,SETTLED_LOSS,3.5,,,10,-10.00,03/27/2026 19:28:20 GMT,03/28/2026 02:30:00 GMT,2026-03-27T19:28:20.000Z,2026-03-28T02:30:00.000Z,Lower 14.5 Jayson Tatum Rebounds + Assists O/U ATL @ BOS | Lower 2.5 Max Strus Assists O/U MIA @ CLE,,Basketball,NBA
69c6d16b88017c18b38221c0,Betr Picks,parlay,SETTLED_LOSS,6,,,10,-10.00,03/27/2026 18:50:19 GMT,03/28/2026 05:18:34 GMT,2026-03-27T18:50:19.248Z,2026-03-28T05:18:34.047Z,Over 3.5 Derrick Jones Jr. Rebounds LAC vs. IND | Over 38.5 Luka Dončić PTS+AST BKN vs. LAL | Under 5.5 James Harden Rebounds MIA vs. CLE,,Basketball,NBA
1542011520,PrizePicks,round_robin_6,SETTLED_LOSS,35,,,5,-5.00,03/27/2026 17:38:11 GMT,03/28/2026 02:10:00 GMT,2026-03-27T17:38:11.929Z,2026-03-28T02:10:00.000Z,Over 3.5 Kris Dunn Assists LAC vs. IND | Under 8.5 Jared McCain Points OKC vs. CHI | Over 0.5 Isaiah Hartenstein Blocked Shots OKC vs. CHI | Under 6.5 Deni Avdija Assists POR vs. DAL | Under 12 Gary Payton Points GSW vs. WAS | Under 8.5 Jaxson Hayes Points LAL vs. BKN,,Basketball,NBA
1542010653,PrizePicks,parlay,SETTLED_LOSS,40,,,5,-5.00,03/27/2026 17:37:48 GMT,03/28/2026 02:10:00 GMT,2026-03-27T17:37:48.191Z,2026-03-28T02:10:00.000Z,Over 3.5 Kris Dunn Assists LAC vs. IND | Under 8.5 Jared McCain Points OKC vs. CHI | Over 0.5 Isaiah Hartenstein Blocked Shots OKC vs. CHI | Under 6.5 Deni Avdija Assists POR vs. DAL | Under 12 Gary Payton Points GSW vs. WAS | Under 8.5 Jaxson Hayes Points LAL vs. BKN,,Basketball,NBA
c6ef6719-1347-4003-baea-288e3d3518e2,Underdog,parlay,SETTLED_LOSS,5.35,,,10,-10.00,03/27/2026 16:58:59 GMT,03/27/2026 23:35:00 GMT,2026-03-27T16:58:59.000Z,2026-03-27T23:35:00.000Z,Higher 0.5 Austin Wells Hits O/U NYY @ SF | Lower 10.5 Kawhi Leonard Rebounds + Assists O/U LAC @ IND | Higher 5.5 Kris Dunn Points O/U LAC @ IND,,Baseball | Basketball,MLB | NBA
1541772689,PrizePicks,parlay,SETTLED_LOSS,37.5,,,5,-5.00,03/27/2026 14:50:27 GMT,03/28/2026 02:40:00 GMT,2026-03-27T14:50:27.475Z,2026-03-28T02:40:00.000Z,Under 7.5 Isaiah Jackson Points LAC vs. IND | Over 0.5 Lane Thomas Hits KC vs. ATL | Over 15.5 Dyson Daniels Pts+Asts ATL vs. BOS | Under 40.5 Shai Gilgeous-Alexander Pts+Rebs+Asts OKC vs. CHI | Under 8.5 Will Richard Points GSW vs. WAS | Under 9.5 Jake LaRavia Points LAL vs. BKN,,Basketball | Baseball,NBA | MLB
1540666978,PrizePicks,parlay,SETTLED_LOSS,37.5,,,5,-5.00,03/26/2026 19:46:25 GMT,03/27/2026 02:08:00 GMT,2026-03-26T19:46:25.050Z,2026-03-27T02:08:00.000Z,Under 0.5 Yordan Alvarez Singles HOU vs. LAA | Under 1.5 Cristopher Sánchez Earned Runs Allowed PHI vs. TEX | Under 2.5 Bryan Rust Shots On Goal PIT vs. OTT | Under 4.5 DeMar DeRozan Assists SAC vs. ORL | Under 1.5 Rafael Devers Hits+Runs+RBIs SF vs. NYY | Under 6 Vladi MAPS 1-2 Kills FNC vs. GX MAPS 1-2,,Baseball | Ice Hockey | Basketball | other,MLB | NHL | NBA | other
1342974654880415744,Sleeper,parlay,SETTLED_WIN,22.44,,,10,214.40,03/26/2026 19:16:58 GMT,03/27/2026 19:00:00 GMT,2026-03-26T19:16:58.288Z,2026-03-27T19:00:00.000Z,O 4.5 Brayden Burries Rebounds ARK @ ARIZ | O 4.5 Alex Karaban Rebounds MSU @ CONN | U 4.5 Jaden Bradley Rebounds ARK @ ARIZ | U 4.5 Andrej Stojakovic Rebounds ILL @ HOU | U 4.5 Tramon Mark Rebounds TEX @ PUR,,Basketball,NCAAM
1342967855007674368,Sleeper,parlay,SETTLED_LOSS,5.42,,,10,-10.00,03/26/2026 18:49:57 GMT,03/26/2026 21:49:57 GMT,2026-03-26T18:49:57.071Z,2026-03-26T21:49:57.071Z,O 0.5 Jaden Bradley Points ARK @ ARIZ | U 7.5 Wendell Carter Rebounds SAC @ ORL | O 7.5 Malik Monk Rebounds & Assists SAC @ ORL,,Basketball,NCAAM | NBA
1342967483979542529,Sleeper,parlay,SETTLED_WIN,5.32,,,10,43.20,03/26/2026 18:48:28 GMT,03/26/2026 21:48:28 GMT,2026-03-26T18:48:28.612Z,2026-03-26T21:48:28.612Z,O 0.5 Yoshinobu Yamamoto Outs AZ @ LAD | U 3.5 Daniss Jenkins Rebounds NOP @ DET | O 7.5 Precious Achiuwa Rebounds SAC @ ORL,,Baseball | Basketball,MLB | NBA
69c571268e181d739588d807,Betr Picks,parlay,SETTLED_LOSS,6,,,15,-15.00,03/26/2026 17:47:18 GMT,03/27/2026 01:49:39 GMT,2026-03-26T17:47:18.727Z,2026-03-27T01:49:39.113Z,Over 1.5 Daniss Jenkins 3PT Made NO vs. DET | Over 21.5 Jalen Brunson Points NY vs. CHA | Over 8.5 Moussa Diabaté Rebounds NY vs. CHA,,Basketball,NBA
Mw9LPV7,DK Pick6,round_robin_3,SETTLED_LOSS,6,,,10,-10.00,03/26/2026 17:15:00 GMT,03/27/2026 03:30:52 GMT,2026-03-26T17:15:00.000Z,2026-03-27T03:30:52.000Z,Over 0.5 Shohei Ohtani Plate Appearances Arizona Diamondbacks vs. Los Angeles Dodgers | Over 4.5 Zac Gallen Strikeouts Thrown Arizona Diamondbacks vs. Los Angeles Dodgers | Over 5.5 Yoshinobu Yamamoto Strikeouts Thrown Arizona Diamondbacks vs. Los Angeles Dodgers,,Baseball,MLB
69c562f271d481a662c47400,Betr Picks,parlay,SETTLED_LOSS,6,,,10,-10.00,03/26/2026 16:46:42 GMT,03/26/2026 23:15:32 GMT,2026-03-26T16:46:42.013Z,2026-03-26T23:15:32.252Z,Over 0.5 Sam Haggerty Total Bases TEX vs. PHI | Over 1.5 Brice Turang Hits + Runs + Runs Batted In CHW vs. MIL | Over 5.5 Paul Skenes Pitching Strikeouts PIT vs. NYM,,Baseball,MLB
645527874,Fliff,parlay,SETTLED_LOSS,2.8549346016646853,2.8549346016646853,,15,-15.00,03/26/2026 15:11:12 GMT,03/26/2026 22:21:01 GMT,2026-03-26T15:11:12.126Z,2026-03-26T22:21:01.458Z,Henry Davis Over 0.5 BATTER HITS AND RUNS AND RBIS Pittsburgh Pirates vs New York Mets | Masyn Winn Under 1.5 BATTER HITS AND RUNS AND RBIS Tampa Bay Rays vs St. Louis Cardinals,,Baseball,MLB
00104e10-4674-4401-b331-dd314e04cc44,Underdog,parlay,SETTLED_LOSS,9.25,,,10,-10.00,03/25/2026 23:21:08 GMT,03/26/2026 02:30:00 GMT,2026-03-25T23:21:08.000Z,2026-03-26T02:30:00.000Z,Lower 2.5 Sam Merrill Assists O/U MIA @ CLE | Higher 7.5 Cedric Coward Rebounds + Assists O/U SAS @ MEM | Higher 6.5 Cooper Flagg Rebounds O/U DAL @ DEN,,Basketball,NBA
1539289875,PrizePicks,parlay,SETTLED_WIN,6,,,10,50.00,03/25/2026 23:17:35 GMT,03/26/2026 04:57:19 GMT,2026-03-25T23:17:35.049Z,2026-03-26T04:57:19.609Z,Over 0.5 Logan Webb Pitcher Strikeouts SF vs. NYY | Over 3.5 Luguentz Dort Rebs+Asts OKC vs. BOS | Over 10.5 Brandin Podziemski Rebs+Asts GSW vs. BKN,,Baseball | Basketball,MLB | NBA
1539230999,PrizePicks,parlay,SETTLED_VOID,6,,,10,0.00,03/25/2026 22:57:21 GMT,03/26/2026 03:05:00 GMT,2026-03-25T22:57:21.185Z,2026-03-26T03:05:00.000Z,Over 0.5 Logan Webb Pitcher Strikeouts SF vs. NYY | Over 3.5 Luguentz Dort Rebs+Asts OKC vs. BOS | Over 11.5 Keon Ellis Pts+Rebs+Asts CLE vs. MIA,,Baseball | Basketball,MLB | NBA
29a03f14-d5c5-437b-9dbd-53a580e956e7,Underdog,parlay,SETTLED_WIN,10.62,,,15,144.30,03/25/2026 22:00:37 GMT,03/26/2026 05:05:43 GMT,2026-03-25T22:00:37.000Z,2026-03-26T05:05:43.515Z,Lower 3.5 Ron Holland Rebounds O/U ATL @ DET | Higher 5.5 Jared McCain Points O/U OKC @ BOS | Lower 2.5 Jamal Shead Rebounds O/U TOR @ LAC,,Basketball,NBA
69c44e0008906b38402ce76e,Betr Picks,parlay,SETTLED_LOSS,6,,,10,-10.00,03/25/2026 21:05:04 GMT,03/26/2026 05:00:20 GMT,2026-03-25T21:05:04.936Z,2026-03-26T05:00:20.922Z,Over 5.5 Gui Santos Rebounds BKN vs. GS | Over 12.5 Cooper Flagg AST+REB DAL vs. DEN | Under 3.5 Payton Pritchard Rebounds OKC vs. BOS,,Basketball,NBA
1538935932,PrizePicks,parlay,SETTLED_WIN,6,,,15,75.00,03/25/2026 20:57:40 GMT,03/26/2026 03:05:00 GMT,2026-03-25T20:57:40.244Z,2026-03-26T03:05:00.000Z,Over 0.5 Logan Webb Pitcher Strikeouts SF vs. NYY | Over 4.5 Jalen Johnson 3-PT Attempted ATL vs. DET | Over 4.5 Collin Sexton Rebs+Asts CHI vs. PHI,,Baseball | Basketball,MLB | NBA
645290238,Fliff,straight,SETTLED_WIN,2,,,10,10.00,03/25/2026 20:55:55 GMT,03/26/2026 00:43:17 GMT,2026-03-25T20:55:55.299Z,2026-03-26T00:43:17.228Z,Max Fried Over 0.5 Strikeouts MLB - Yankees vs. Giants MLB - Yankees vs. Giants,,Baseball,MLB
1538880821,PrizePicks,parlay,SETTLED_LOSS,40,,,5,-5.00,03/25/2026 20:26:46 GMT,03/26/2026 03:11:00 GMT,2026-03-25T20:26:46.425Z,2026-03-26T03:11:00.000Z,Under 14.5 Paul Reed Pts+Rebs DET vs. ATL | Under 3.5 Nickeil Alexander-Walker Assists ATL vs. DET | Over 22.5 Andrew Nembhard Pts+Asts IND vs. LAL | Under 3.5 Tage Thompson Shots On Goal BUF vs. BOS | Under 1.5 Harrison Barnes 3-PT Made SAS vs. MEM | Over 9.5 Jamir Watkins Points WAS vs. UTA,,Basketball | Ice Hockey,NBA | NHL
69c4401b205953a8cf575fed,Betr Picks,parlay,SETTLED_LOSS,6,,,15,-15.00,03/25/2026 20:05:47 GMT,03/26/2026 04:48:33 GMT,2026-03-25T20:05:47.951Z,2026-03-26T04:48:33.947Z,Over 8.5 Pascal Siakam AST+REB LAL vs. IND | Over 16.5 Logan Webb Total Outs Pitched NYY vs. SF | Over 24.5 Alperen Sengün PTS+REB HOU vs. MIN,,Basketball | Baseball,NBA | MLB
1538814697,PrizePicks,parlay,SETTLED_VOID,6,,,15,0.00,03/25/2026 19:48:01 GMT,03/26/2026 03:05:00 GMT,2026-03-25T19:48:01.874Z,2026-03-26T03:05:00.000Z,Over 0.5 Logan Webb Pitcher Strikeouts SF vs. NYY | Over 4.5 Jalen Johnson 3-PT Attempted ATL vs. DET | Over 8.5 Pascal Siakam Rebs+Asts IND vs. LAL,,Baseball | Basketball,MLB | NBA
1538811389,PrizePicks,parlay,SETTLED_VOID,6,,,25,0.00,03/25/2026 19:45:55 GMT,03/26/2026 03:05:00 GMT,2026-03-25T19:45:55.632Z,2026-03-26T03:05:00.000Z,Over 0.5 Logan Webb Pitcher Strikeouts SF vs. NYY | Over 8.5 Pascal Siakam FG Made IND vs. LAL | Over 4.5 Jalen Johnson 3-PT Attempted ATL vs. DET,,Baseball | Basketball,MLB | NBA
69c4171997c2bce985f940eb,Betr Picks,parlay,SETTLED_LOSS,6,,,10,-10.00,03/25/2026 17:10:49 GMT,03/26/2026 04:49:37 GMT,2026-03-25T17:10:49.280Z,2026-03-26T04:49:37.818Z,Over 5.5 Cooper Flagg Assists DAL vs. DEN | Over 7.5 Isaiah Hartenstein Rebounds OKC vs. BOS | Over 21.5 Jaylen Brown Points OKC vs. BOS,,Basketball,NBA
69c3f73dafee43d1a8e5bfb9,Betr Picks,parlay,SETTLED_LOSS,6,,,10,-10.00,03/25/2026 14:54:53 GMT,03/26/2026 04:48:37 GMT,2026-03-25T14:54:53.624Z,2026-03-26T04:48:37.467Z,Over 0.5 Aaron Judge Total Bases NYY vs. SF | Under 11.5 Julius Randle AST+REB HOU vs. MIN | Over 9.5 Andrew Nembhard AST+REB LAL vs. IND,,Baseball | Basketball,MLB | NBA
1538289023,PrizePicks,parlay,SETTLED_LOSS,40,,,5,-5.00,03/25/2026 13:07:45 GMT,03/26/2026 02:10:00 GMT,2026-03-25T13:07:45.588Z,2026-03-26T02:10:00.000Z,Under 15.5 Paul George Points PHI vs. CHI | Over 14.5 Andrew Nembhard Points IND vs. LAL | Under 5.5 Austin Reaves Assists LAL vs. IND | Under 7.5 Jared McCain Points OKC vs. BOS | Under 4.5 Ayo Dosunmu Rebounds MIN vs. HOU | Over 1.5 Scoot Henderson 3-PT Made POR vs. MIL,,Basketball,NBA
1342318607685648384,Sleeper,parlay,SETTLED_LOSS,4.8100000000000005,,,10,-10.00,03/24/2026 23:50:04 GMT,03/25/2026 02:50:04 GMT,2026-03-24T23:50:04.447Z,2026-03-25T02:50:04.447Z,O 1.5 Devin Booker Threes Made DEN @ PHX | O 4.5 Max Strus Rebounds ORL @ CLE | O 0.5 Christian Braun Threes Made DEN @ PHX,,Basketball,NBA
1537642196,PrizePicks,parlay,SETTLED_WIN,6,,,10,50.00,03/24/2026 23:43:19 GMT,03/25/2026 05:51:49 GMT,2026-03-24T23:43:19.832Z,2026-03-25T05:51:49.961Z,Over 43.5 Nikola Jokić Pts+Rebs+Asts DEN vs. PHX | Under 5.5 Donovan Mitchell Assists CLE vs. ORL | Under 8.5 Collin Gillespie Rebs+Asts PHX vs. DEN,,Basketball,NBA
60e3ed40-a66f-4ae1-b0d6-c61cbd31c4e1,Underdog,parlay,SETTLED_LOSS,4.19,,,10,-10.00,03/24/2026 23:36:14 GMT,03/25/2026 03:00:00 GMT,2026-03-24T23:36:14.000Z,2026-03-25T03:00:00.000Z,Higher 2.5 Dennis Schroder Assists O/U ORL @ CLE | Lower 10.5 Rasheer Fleming Pts + Rebs + Asts O/U DEN @ PHX | Lower 4.5 Khaman Maluach Rebounds O/U DEN @ PHX,,Basketball,NBA
1537583344,PrizePicks,parlay,SETTLED_LOSS,40,,,5,-5.00,03/24/2026 23:18:04 GMT,03/25/2026 02:41:00 GMT,2026-03-24T23:18:04.188Z,2026-03-25T02:41:00.000Z,Under 33 Karl-Anthony Towns Pts+Rebs NYK vs. NOP | Under 24.5 Trey Murphy Pts+Asts NOP vs. NYK | Under 5.5 Goga Bitadze Points ORL vs. CLE | Over 1.5 Yordan Alvarez Hits+Runs+RBIs HOU vs. LAA | Over 0.5 Josh Lowe Total Bases LAA vs. HOU | Over 0.5 Yoán Moncada Total Bases LAA vs. HOU,,Basketball | Baseball,NBA | MLB
8PM7jP4,DK Pick6,round_robin_3,SETTLED_LOSS,6,,,10,-10.00,03/24/2026 23:00:00 GMT,03/25/2026 05:51:45 GMT,2026-03-24T23:00:00.000Z,2026-03-25T05:51:45.902Z,Over 2.5 Jalen Green 3-Pointers Made Denver Nuggets vs. Phoenix Suns | Under 29.5 Trey Murphy III Pts + Rebs + Asts New Orleans Pelicans vs. New York Knicks | Over 22.5 Devin Booker Points Denver Nuggets vs. Phoenix Suns,,Basketball,NBA
69c30a5a159b96764d396c3f,Betr Picks,parlay,SETTLED_WIN,6,,,10,50.00,03/24/2026 22:04:10 GMT,03/25/2026 06:04:07 GMT,2026-03-24T22:04:10.909Z,2026-03-25T06:04:07.340Z,Over 18.5 Karl-Anthony Towns Points NO vs. NY | Under 6.5 Jamal Murray Assists DEN vs. PHO | Under 10.5 Donovan Mitchell AST+REB ORL vs. CLE,,Basketball,NBA
69c2e898cdeecbfcfec6b751,Betr Picks,parlay,SETTLED_WIN,6,,,10,50.00,03/24/2026 19:40:08 GMT,03/25/2026 03:00:09 GMT,2026-03-24T19:40:08.061Z,2026-03-25T03:00:09.785Z,Under 0.5 Maxime Raynaud Double Doubles SAC vs. CHA | Over 8.5 Brandon Miller AST+REB SAC vs. CHA | Over 26.5 James Harden PTS+AST ORL vs. CLE,,Basketball,NBA
1537157993,PrizePicks,parlay,SETTLED_WIN,6,,,10,50.00,03/24/2026 19:37:31 GMT,03/25/2026 02:40:00 GMT,2026-03-24T19:37:31.184Z,2026-03-25T02:40:00.000Z,Over 13.5 Zion Williamson Points NOP vs. NYK | Under 10.5 Devin Carter Rebs+Asts SAC vs. CHA | Under 6.5 Ryan Kalkbrenner Points CHA vs. SAC,,Basketball,NBA
69c2bda1045f002546c7f6eb,Betr Picks,parlay,SETTLED_LOSS,6,,,10,0.00,03/24/2026 16:36:48 GMT,03/25/2026 06:03:41 GMT,2026-03-24T16:36:48.999Z,2026-03-25T06:03:41.874Z,Under 8.5 Oso Ighodaro Points DEN vs. PHO | Over 9.5 Evan Mobley Rebounds ORL vs. CLE | Over 49.5 Nikola Jokić Pts+Rebs+Asst DEN vs. PHO,,Basketball,NBA
1341995315082821632,Sleeper,parlay,SETTLED_LOSS,3.06,,,10,-10.00,03/24/2026 02:25:25 GMT,03/24/2026 05:25:25 GMT,2026-03-24T02:25:25.485Z,2026-03-24T05:25:25.485Z,O 0.5 Darius Garland Steals MIL @ LAC | O 1.5 Ousmane Dieng Threes Made MIL @ LAC | U 12.5 Kris Dunn Points & Rebounds MIL @ LAC,,Basketball,NBA
81b0886c-b028-41b6-834c-ed06cf181caa,Underdog,parlay,SETTLED_WIN,6.5,,,10,55.00,03/24/2026 01:43:44 GMT,03/24/2026 05:30:00 GMT,2026-03-24T01:43:44.000Z,2026-03-24T05:30:00.000Z,Lower 22.5 Scoot Henderson Pts + Rebs + Asts O/U BKN @ POR | Higher 5.5 Kris Murray Points O/U BKN @ POR | Higher 6.5 Ryan Rollins Assists O/U MIL @ LAC,,Basketball,NBA
1536281831,PrizePicks,parlay,SETTLED_LOSS,40,,,5,-5.00,03/23/2026 23:52:37 GMT,03/24/2026 03:12:00 GMT,2026-03-23T23:52:37.837Z,2026-03-24T03:12:00.000Z,Under 14.5 Leonard Miller Pts+Rebs+Asts CHI vs. HOU | Under 13 Collin Sexton Points CHI vs. HOU | Under 12 Rob Dillingham Pts+Rebs CHI vs. HOU | Under 9.5 Josh Giddey Assists CHI vs. HOU | Under 25 Scottie Barnes Pts+Asts TOR vs. UTA | Under 21 Toumani Camara Pts+Rebs+Asts POR vs. BKN,,Basketball,NBA
04bd6503-04d9-4419-981f-0162ff2e8392,Underdog,parlay,SETTLED_LOSS,9.25,,,10,-10.00,03/23/2026 22:27:51 GMT,03/24/2026 02:00:00 GMT,2026-03-23T22:27:51.000Z,2026-03-24T02:00:00.000Z,Higher 7.5 Luka Doncic Assists O/U LAL @ DET | Higher 3.5 Nickeil Alexander-Walker Rebounds O/U MEM @ ATL | Higher 4.5 RJ Barrett 1Q Points O/U TOR @ UTA,,Basketball,NBA
69c1aad8747b611471385581,Betr Picks,parlay,SETTLED_LOSS,6,,,10,-10.00,03/23/2026 21:04:24 GMT,03/24/2026 05:05:01 GMT,2026-03-23T21:04:24.667Z,2026-03-24T05:05:01.414Z,Over 3.5 Jaxson Hayes Rebounds LAL vs. DET | Over 25.5 Kawhi Leonard Points MIL vs. LAC | Over 7.5 Darius Garland Assists MIL vs. LAC,,Basketball,NBA
1341902371793403904,Sleeper,parlay,SETTLED_LOSS,4.18,,,10,-10.00,03/23/2026 20:16:06 GMT,03/23/2026 23:16:06 GMT,2026-03-23T20:16:06.077Z,2026-03-23T23:16:06.077Z,O 20.5 Paolo Banchero Points IND @ ORL | O 1.5 Jaylen Wells Threes Made MEM @ ATL | O 1.5 Josh Giddey Threes Made HOU @ CHI,,Basketball,NBA
69c1956b27680d828305f208,Betr Picks,parlay,SETTLED_LOSS,6,,,10,-10.00,03/23/2026 19:32:59 GMT,03/24/2026 04:53:23 GMT,2026-03-23T19:32:59.419Z,2026-03-24T04:53:23.306Z,Over 27.5 Kevin Durant PTS+AST HOU vs. CHI | Over 8.5 Pascal Siakam AST+REB IND vs. ORL | Under 4.5 Brandin Podziemski Assists GS vs. DAL,,Basketball,NBA
1535819294,PrizePicks,parlay,SETTLED_LOSS,6,,,5,-5.00,03/23/2026 19:30:54 GMT,03/24/2026 02:11:00 GMT,2026-03-23T19:30:54.853Z,2026-03-24T02:11:00.000Z,Under 3.5 Isaiah Hartenstein Assists OKC vs. PHI | Over 19.5 Jalen Smith Pts+Rebs+Asts CHI vs. HOU | Over 4.5 Reed Sheppard Assists HOU vs. CHI,,Basketball,NBA
69c1863cde77a551b133de66,Betr Picks,parlay,SETTLED_LOSS,6,,,10,-10.00,03/23/2026 18:28:12 GMT,03/24/2026 04:53:54 GMT,2026-03-23T18:28:12.600Z,2026-03-24T04:53:54.207Z,Over 28.5 Bam Adebayo PTS+REB SA vs. MIA | Over 20.5 Reed Sheppard PTS+AST HOU vs. CHI | Over 27.5 Donovan Clingan PTS+REB BKN vs. POR,,Basketball,NBA
1535602915,PrizePicks,parlay,SETTLED_LOSS,6,,,5,-5.00,03/23/2026 15:43:04 GMT,03/24/2026 02:11:00 GMT,2026-03-23T15:43:04.238Z,2026-03-24T02:11:00.000Z,Over 2.5 Luguentz Dort Rebounds OKC vs. PHI | Under 1.5 Olivier-Maxence Prosper 3-PT Made MEM vs. ATL | Under 23.5 Ryan Rollins Pts+Rebs MIL vs. LAC,,Basketball,NBA
1535240864,PrizePicks,parlay,SETTLED_LOSS,5,,,10,-10.00,03/23/2026 01:34:03 GMT,03/23/2026 04:34:03 GMT,2026-03-23T01:34:03.513Z,2026-03-23T04:34:03.513Z,Over 18.5 Labaron Philon Points ALA vs. TTU | Over 6.5 Amari Allen Rebounds ALA vs. TTU | Over 4.5 Jaylen Brown Assists BOS vs. MIN,,Basketball,NCAAM | NBA
0401ab89-56d1-42f5-b0eb-9b1135b59da2,Underdog,parlay,SETTLED_WIN,8.7,,,10,35.00,03/22/2026 21:59:30 GMT,03/23/2026 03:00:00 GMT,2026-03-22T21:59:30.000Z,2026-03-23T03:00:00.000Z,Lower 16.5 Josh Minott Pts + Rebs + Asts O/U BKN @ SAC | Lower 7.5 Mikal Bridges Rebounds + Assists O/U WAS @ NYK | Higher 9.5 Neemias Queta Rebounds + Assists O/U MIN @ BOS,,Basketball,NBA
69c0630a1589a0fe5aa6aadf,Betr Picks,parlay,SETTLED_WIN,6,,,10,50.00,03/22/2026 21:45:46 GMT,03/23/2026 03:37:18 GMT,2026-03-22T21:45:46.278Z,2026-03-23T03:37:18.437Z,Over 26.5 Scottie Barnes Pts+Rebs+Asst TOR vs. PHO | Over 12.5 Rudy Gobert AST+REB MIN vs. BOS | Over 4.5 Ayo Dosunmu Assists MIN vs. BOS,,Basketball,NBA
1534863478,PrizePicks,round_robin_6,SETTLED_LOSS,20,,,5,-5.00,03/22/2026 21:40:54 GMT,03/23/2026 02:08:00 GMT,2026-03-22T21:40:54.817Z,2026-03-23T02:08:00.000Z,Under 11.5 Terance Mann Pts+Rebs BKN vs. SAC | Under 9.5 Josh Minott Points BKN vs. SAC | Under 1.5 Kent Johnson Shots On Goal CBJ vs. NYI | Over 0.5 Alex Tuch Points BUF vs. ANA | Under 3.5 Sam Hauser Rebounds BOS vs. MIN | Under 6 Immanuel Quickley Assists TOR vs. PHX,,Basketball | Ice Hockey,NBA | NHL
1341547802114682880,Sleeper,parlay,SETTLED_WIN,6.0600000000000005,,,10,50.60,03/22/2026 20:47:10 GMT,03/22/2026 23:47:10 GMT,2026-03-22T20:47:10.078Z,2026-03-22T23:47:10.078Z,O 1.5 Brayden Burries Threes Made USU @ ARIZ | U 6.5 Bryson Tiller Rebounds SJU @ KU | U 4.5 Donovan Atwell Rebounds TTU @ ALA,,Basketball,NCAAM
69c05486a9e1f57c2e50427d,Betr Picks,parlay,SETTLED_LOSS,6,,,10,-10.00,03/22/2026 20:43:50 GMT,03/23/2026 04:37:46 GMT,2026-03-22T20:43:50.399Z,2026-03-23T04:37:46.747Z,Over 26.5 Donovan Clingan Pts+Rebs+Asst POR vs. DEN | Over 31.5 Labaron Philon Jr. Pts+Rebs+Asst TXTECH vs. ALA | Under 4.5 Josh Minott Rebounds BKN vs. SAC,,Basketball,NBA | NCAAM
69c05335b368198f12d1e5a4,Betr Picks,parlay,SETTLED_LOSS,6,,,10,-10.00,03/22/2026 20:38:13 GMT,03/23/2026 03:37:16 GMT,2026-03-22T20:38:13.972Z,2026-03-23T03:37:16.155Z,Over 3.5 Devin Booker Rebounds TOR vs. PHO | Over 3.5 Immanuel Quickley Rebounds TOR vs. PHO | Over 31.5 Karl-Anthony Towns PTS+REB WAS vs. NY,,Basketball,NBA
1534721196,PrizePicks,parlay,SETTLED_LOSS,6,,,10,-10.00,03/22/2026 20:25:08 GMT,03/23/2026 00:10:00 GMT,2026-03-22T20:25:08.246Z,2026-03-23T00:10:00.000Z,Over 18.5 Labaron Philon Points ALA vs. TTU | Over 10.5 Jamal Murray Rebs+Asts DEN vs. POR | Over 21.5 Collin Gillespie Pts+Rebs+Asts PHX vs. TOR,,Basketball,NCAAM | NBA
1341526062219157504,Sleeper,parlay,SETTLED_LOSS,5.1,,,10,-10.00,03/22/2026 19:20:46 GMT,03/22/2026 22:20:46 GMT,2026-03-22T19:20:46.884Z,2026-03-22T22:20:46.884Z,O 1.5 Cooper Koch Threes Made IOWA @ FLA | O 21.5 Labaron Philon Points TTU @ ALA | O 5.5 Cam Manyawu Rebounds IOWA @ FLA,,Basketball,NCAAM
1534369935,PrizePicks,parlay,SETTLED_LOSS,6,,,5,-5.00,03/22/2026 16:43:08 GMT,03/23/2026 02:40:00 GMT,2026-03-22T16:43:08.614Z,2026-03-23T02:40:00.000Z,Over 26.5 Donovan Clingan Pts+Rebs+Asts POR vs. DEN | Under 3.5 Mikal Bridges Assists NYK vs. WAS | Over 3.5 Will Riley Rebounds WAS vs. NYK,,Basketball,NBA
1534366258,PrizePicks,parlay,SETTLED_VOID,6,,,5,0.00,03/22/2026 16:40:25 GMT,03/23/2026 02:40:00 GMT,2026-03-22T16:40:25.020Z,2026-03-23T02:40:00.000Z,Under 7.5 Terance Mann Points BKN vs. SAC | Under 22.5 Jerami Grant Pts+Rebs+Asts POR vs. DEN | Over 5.5 Mitchell Robinson Points NYK vs. WAS,,Basketball,NBA
69bf330dd02ed91de47bf464,Betr Picks,parlay,SETTLED_WIN,6,,,10,50.00,03/22/2026 00:08:45 GMT,03/22/2026 23:57:42 GMT,2026-03-22T00:08:45.802Z,2026-03-22T23:57:42.531Z,Over 30.5 Darius Acuff Jr. PTS+AST HPNT vs. ARK | Under 5.5 Dylan Harper Assists IND vs. SA | Under 4.5 Darryn Peterson Rebounds STJOHN vs. KAN,,Basketball,NCAAM | NBA
69bece3adbbf3b7f1a11aa3f,Betr Picks,parlay,SETTLED_LOSS,6,,,10,-10.00,03/21/2026 16:58:34 GMT,03/22/2026 02:45:33 GMT,2026-03-21T16:58:34.343Z,2026-03-22T02:45:33.177Z,Over 30.5 Cameron Boozer PTS+REB TCU vs. DUKE | Over 16.5 Luka Dončić AST+REB LAL vs. ORL | Under 0.5 Bam Adebayo Double Doubles MIA vs. HOU,,Basketball,NCAAM | NBA
69be8626ed35be0d60387e1c,Betr Picks,parlay,SETTLED_VOID,6,,,5,0.00,03/21/2026 11:51:02 GMT,03/22/2026 02:44:58 GMT,2026-03-21T11:51:02.215Z,2026-03-22T02:44:58.423Z,Over 9.5 Jalen Johnson Rebounds GS vs. ATL | Under 12.5 Tre Johnson Points OKC vs. WAS | Under 12.5 Gary Payton II Points GS vs. ATL,,Basketball,NBA
1532067797,PrizePicks,parlay,SETTLED_LOSS,6,,,5,-5.00,03/21/2026 00:20:53 GMT,03/21/2026 03:30:00 GMT,2026-03-21T00:20:53.779Z,2026-03-21T03:30:00.000Z,Over 1.5 Michael Carcone Hits UTA vs. ANA | Over 2.5 Josh Manson Hits COL vs. CHI | Under 9.5 Brandon Ingram Rebs+Asts TOR vs. DEN,,Ice Hockey | Basketball,NHL | NBA
Grb7dYQ,DK Pick6,round_robin_3,SETTLED_LOSS,6,,,10,-10.00,03/20/2026 23:30:00 GMT,03/21/2026 03:00:00 GMT,2026-03-20T23:30:00.000Z,2026-03-21T03:00:00.000Z,Over 7.5 Ronald Holland II Points Golden State Warriors vs. Detroit Pistons | Over 20.5 Julius Randle Points Portland Trail Blazers vs. Minnesota Timberwolves | Under 2.5 Sam Hauser 3-Pointers Made Boston Celtics vs. Memphis Grizzlies,,Basketball,NBA
1531758583,PrizePicks,parlay,SETTLED_LOSS,6,,,15,-15.00,03/20/2026 22:17:38 GMT,03/21/2026 02:40:00 GMT,2026-03-20T22:17:38.575Z,2026-03-21T02:40:00.000Z,Over 4.5 Baylor Scheierman Rebounds BOS vs. MEM | Under 2.5 Landry Shamet Rebounds NYK vs. BKN | Over 6.5 Onyeka Okongwu Rebounds ATL vs. HOU,,Basketball,NBA
e87cebd0-5658-4b6d-a356-0be266d0e4d9,Underdog,parlay,SETTLED_LOSS,7.67,,,10,-10.00,03/20/2026 22:15:43 GMT,03/21/2026 02:30:00 GMT,2026-03-20T22:15:43.000Z,2026-03-21T02:30:00.000Z,Higher 2.5 Caris LeVert Rebounds O/U GSW @ DET | Lower 7.5 Mitchell Robinson Points O/U NYK @ BKN | Higher 2.5 Nic Claxton Assists O/U NYK @ BKN,,Basketball,NBA
1531370309,PrizePicks,round_robin_6,SETTLED_WIN,14,,,5,9.00,03/20/2026 18:34:44 GMT,03/22/2026 04:02:00 GMT,2026-03-20T18:34:44.586Z,2026-03-22T04:02:00.000Z,Under 6.5 Mohamed Diawara Points NYK vs. BKN | Under 1.5 Draymond Green 3-PT Made GSW vs. DET | Under 6 Dyson Daniels Rebounds ATL vs. HOU | Under 5.5 Cedric Coward Rebounds MEM vs. BOS | Under 5.5 Melvin Council Assists KU vs. CBU | Over 16.5 Tyler Nickel Pts+Rebs+Asts VAN vs. NEB,,Basketball,NBA | NCAAM
1531338163,PrizePicks,parlay,SETTLED_WIN,6,,,5,25.00,03/20/2026 18:11:04 GMT,03/21/2026 05:05:00 GMT,2026-03-20T18:11:04.608Z,2026-03-21T05:05:00.000Z,Under 5.5 Melvin Council Assists KU vs. CBU | Under 10 Derrick White Rebs+Asts BOS vs. MEM | Under 4.5 German Plotnikov Rebounds HOF vs. ALA,,Basketball,NCAAM | NBA
1340782921841143808,Sleeper,parlay,SETTLED_WIN,18.224,,,10,172.24,03/20/2026 18:07:48 GMT,03/21/2026 19:00:00 GMT,2026-03-20T18:07:48.410Z,2026-03-21T19:00:00.000Z,O 3.5 Adrian Wooley Rebounds LOU @ MSU | U 5.5 Antwone Woolfolk Rebounds M-OH @ TENN | U 5.5 Eian Elmer Rebounds M-OH @ TENN | U 1.5 J'Vonne Hadley Threes Made LOU @ MSU | U 3.5 Trent Pierce Rebounds MIZZ @ MIA,,Basketball,NCAAM
69bd89bce4cc8f417c4b4811,Betr Picks,parlay,SETTLED_LOSS,6,,,10,-10.00,03/20/2026 17:54:04 GMT,03/21/2026 04:31:37 GMT,2026-03-20T17:54:04.686Z,2026-03-21T04:31:37.723Z,Under 3.5 Nickeil Alexander-Walker Rebounds ATL vs. HOU | Under 9.5 Brandin Podziemski AST+REB GS vs. DET | Over 24.5 Darryn Peterson PTS+REB CABAP vs. KAN,,Basketball,NBA | NCAAM
69bd7a8e37e33490f724da94,Betr Picks,parlay,SETTLED_LOSS,10,,,10,-10.00,03/20/2026 16:49:18 GMT,03/21/2026 03:47:23 GMT,2026-03-20T16:49:18.236Z,2026-03-21T03:47:23.328Z,Over 4.5 Julius Randle Assists POR vs. MIN | Under 14.5 Rudy Gobert AST+REB POR vs. MIN | Over 23.5 Brandon Ingram PTS+REB TOR vs. DEN | Over 5.5 Tobias Harris Rebounds GS vs. DET,,Basketball,NBA
1531210569,PrizePicks,round_robin_4,SETTLED_WIN,6,,,5,25.00,03/20/2026 16:45:02 GMT,03/21/2026 03:38:00 GMT,2026-03-20T16:45:02.438Z,2026-03-21T03:38:00.000Z,Under 25.5 Jalen Duren Pts+Asts DET vs. GSW | Under 5.5 Cedric Coward Rebounds MEM vs. BOS | Under 1.5 Julius Randle Steals MIN vs. POR | Under 4.5 Nathan MacKinnon Shots On Goal COL vs. CHI,,Basketball | Ice Hockey,NBA | NHL
69bd6867ab1d6bb47253d5c4,Betr Picks,parlay,SETTLED_LOSS,6,,,5,-5.00,03/20/2026 15:31:51 GMT,03/21/2026 02:52:33 GMT,2026-03-20T15:31:51.381Z,2026-03-21T02:52:33.425Z,Over 19.5 Neemias Queta PTS+REB BOS vs. MEM | Under 12.5 Rudy Gobert Rebounds POR vs. MIN | Over 7.5 Draymond Green Points GS vs. DET,,Basketball,NBA
69bd593895ce750ded3ecc9c,Betr Picks,parlay,SETTLED_LOSS,6,,,10,-10.00,03/20/2026 14:27:04 GMT,03/21/2026 03:46:31 GMT,2026-03-20T14:27:04.310Z,2026-03-21T03:46:31.281Z,Over 32.5 Jaylen Brown Pts+Rebs+Asst BOS vs. MEM | Over 1.5 Cameron Johnson 3PT Made TOR vs. DEN | Over 5.5 Alperen Sengün Assists ATL vs. HOU,,Basketball,NBA
1340507921435357184,Sleeper,parlay,SETTLED_LOSS,5.2,,,9.7,-9.70,03/19/2026 23:55:03 GMT,03/20/2026 02:55:03 GMT,2026-03-19T23:55:03.205Z,2026-03-20T02:55:03.205Z,O 14.5 Kingston Flemings Points IDHO @ HOU | O 5.5 Zion Williamson Rebounds LAC @ NOP | O 9.5 Evan Mobley Rebounds CLE @ CHI,,Basketball,NCAAM | NBA
1530355955,PrizePicks,round_robin_6,SETTLED_LOSS,10,,,5,-5.00,03/19/2026 23:54:28 GMT,03/20/2026 03:10:00 GMT,2026-03-19T23:54:28.270Z,2026-03-20T03:10:00.000Z,Under 19 LeBron James Points LAL vs. MIA | Under 11.5 Kel'el Ware Rebs+Asts MIA vs. LAL | Under 10.5 Deandre Ayton Points LAL vs. MIA | Under 9.5 Josh Giddey Assists CHI vs. CLE | Under 4.5 Collin Sexton Rebs+Asts CHI vs. CLE | Under 17.5 Collin Gillespie Pts+Rebs PHX vs. SAS,,Basketball,NBA
1340498748723191808,Sleeper,parlay,SETTLED_LOSS,5.29,,,10,-10.00,03/19/2026 23:18:36 GMT,03/20/2026 02:18:36 GMT,2026-03-19T23:18:36.259Z,2026-03-20T02:18:36.259Z,O 21.5 AJ Dybantsa Points TEX @ BYU | O 12.5 Russell Westbrook Rebounds & Assists PHI @ SAC | O 4.5 Austin Reaves Assists LAL @ MIA,,Basketball,NCAAM | NBA
5ad54e28-d391-4c8a-ad5c-31ec8c57f342,Underdog,parlay,SETTLED_LOSS,5.68,,,10,-10.00,03/19/2026 23:10:12 GMT,03/20/2026 03:00:00 GMT,2026-03-19T23:10:12.000Z,2026-03-20T03:00:00.000Z,Higher 11.5 Keldon Johnson Points O/U PHX @ SAS | Higher 4.5 Collin Gillespie Assists O/U PHX @ SAS | Lower 10.5 Evan Mobley Rebounds O/U CLE @ CHI,,Basketball,NBA
1530057892,PrizePicks,parlay,SETTLED_LOSS,7.2,,,5,-5.00,03/19/2026 21:48:44 GMT,03/20/2026 03:11:00 GMT,2026-03-19T21:48:44.213Z,2026-03-20T03:11:00.000Z,Under 4.5 Tyler Herro Rebounds MIA vs. LAL | Over 2.5 Preston Edmead 3-PT Made HOF vs. ALA | Under 5.5 Devin Booker Assists PHX vs. SAS,,Basketball,NBA | NCAAM
b0961cca-2455-4ded-b638-920d743ddc68,Underdog,parlay,SETTLED_LOSS,9.25,,,10,-10.00,03/19/2026 19:22:21 GMT,03/20/2026 03:00:00 GMT,2026-03-19T19:22:21.000Z,2026-03-20T03:00:00.000Z,Higher 7.5 Tre Jones Rebounds + Assists O/U CLE @ CHI | Higher 3.5 Kyle Filipowski Assists O/U MIL @ UTA | Lower 4.5 Jabari Walker Rebounds O/U PHI @ SAC,,Basketball,NBA
69bc471c146fc942ab9aa5b1,Betr Picks,parlay,SETTLED_LOSS,6,,,5,-5.00,03/19/2026 18:57:32 GMT,03/21/2026 04:16:30 GMT,2026-03-19T18:57:32.666Z,2026-03-21T04:16:30.974Z,Under 4.5 Dontae Horne Rebounds PVAM vs. FL | Under 7.5 Nate Ament Rebounds MIAOH vs. TENN | Over 10.5 Braden Smith Assists QUEEN vs. PUR,,Basketball,NCAAM
1529653134,PrizePicks,parlay,SETTLED_LOSS,6,,,15,-15.00,03/19/2026 17:24:51 GMT,03/20/2026 03:11:00 GMT,2026-03-19T17:24:51.265Z,2026-03-20T03:11:00.000Z,Over 0.5 Cameron Boozer Points DUKE vs. SIE | Under 6.5 LeBron James Rebounds LAL vs. MIA | Over 5.5 Davion Mitchell Assists MIA vs. LAL,,Basketball,NCAAM | NBA
69bc2bdc8d418da2b5e0cdb0,Betr Picks,parlay,SETTLED_LOSS,6,,,10,-10.00,03/19/2026 17:01:16 GMT,03/20/2026 02:50:36 GMT,2026-03-19T17:01:16.346Z,2026-03-20T02:50:36.427Z,Over 31.5 Victor Wembanyama PTS+REB PHO vs. SA | Over 5.5 Daniss Jenkins Assists DET vs. WAS | Under 1.5 Herbert Jones 3PT Made LAC vs. NO,,Basketball,NBA
RV44xxq,DK Pick6,round_robin_3,SETTLED_LOSS,5,,,10,-10.00,03/19/2026 16:15:00 GMT,03/20/2026 01:50:00 GMT,2026-03-19T16:15:00.000Z,2026-03-20T01:50:00.000Z,Over 0.5 Cameron Boozer Points Siena Saints vs. Duke Blue Devils | Over 12.5 Xavier Edmonds Points TCU Horned Frogs vs. Ohio State Buckeyes | Under 10.5 Jarin Stevenson Points VCU Rams vs. North Carolina Tar Heels,,Basketball,NCAAM
a8d325b1-30f6-4ccc-a8a6-e8e004450446,Underdog,parlay,SETTLED_LOSS,6.5,,,10,-10.00,03/19/2026 15:44:19 GMT,03/19/2026 22:15:00 GMT,2026-03-19T15:44:19.000Z,2026-03-19T22:15:00.000Z,Higher 7.5 Jalen Washington Points O/U MCNS @ VAN | Higher 0.0 Darius Acuff Pts + Rebs + Asts O/U HAW @ ARK | Lower 3.5 Trendon Watford Rebounds O/U PHI @ SAC,,Basketball,NCAAM | NBA
69bc12a795ce750ded3ebbbc,Betr Picks,parlay,SETTLED_WIN,6,,,10,50.00,03/19/2026 15:13:43 GMT,03/20/2026 21:43:35 GMT,2026-03-19T15:13:43.710Z,2026-03-20T21:43:35.944Z,Over 27.5 Luka Dončić Points LAL vs. MIA | Under 2.5 Cruz Davis 3PT Made HOFST vs. ALA | Under 1.5 Brook Lopez 3PT Made LAC vs. NO,,Basketball,NBA | NCAAM
1529454738,PrizePicks,parlay,SETTLED_VOID,6,,,10,0.00,03/19/2026 14:57:27 GMT,03/20/2026 05:10:00 GMT,2026-03-19T14:57:27.824Z,2026-03-20T05:10:00.000Z,Over 0.5 Cameron Boozer Points DUKE vs. SIE | Over 3.5 Nique Clifford Assists SAC vs. PHI | Over 4.5 Stephon Castle Rebounds SAS vs. PHX,,Basketball,NCAAM | NBA
69bc0d3028b043782b9beada,Betr Picks,parlay,SETTLED_LOSS,6,,,10,-10.00,03/19/2026 14:50:24 GMT,03/20/2026 02:55:49 GMT,2026-03-19T14:50:24.568Z,2026-03-20T02:55:49.500Z,Over 31.5 Jalen Duren PTS+REB DET vs. WAS | Over 2.5 Brandon Miller 3PT Made ORL vs. CHA | Under 9.5 Bam Adebayo Rebounds LAL vs. MIA,,Basketball,NBA
69bb3bd7af0000538e870b08,Betr Picks,parlay,SETTLED_LOSS,6,,,10,-10.00,03/18/2026 23:57:11 GMT,03/19/2026 03:10:20 GMT,2026-03-18T23:57:11.932Z,2026-03-19T03:10:20.461Z,Over 5.5 Dyson Daniels Assists ATL vs. DAL | Over 8.5 Jakob Poeltl Rebounds TOR vs. CHI | Over 3.5 Ayo Dosunmu Rebounds UTA vs. MIN,,Basketball,NBA
f7d25067-c483-49da-a9ea-62e0dfba3ea3,Underdog,parlay,SETTLED_LOSS,9.25,,,10,-10.00,03/18/2026 23:43:47 GMT,03/19/2026 03:30:00 GMT,2026-03-18T23:43:47.000Z,2026-03-19T03:30:00.000Z,Higher 7.5 Matas Buzelis Rebounds + Assists O/U TOR @ CHI | Lower 8.5 Christian Braun Rebounds + Assists O/U DEN @ MEM | Higher 10.5 LeBron James Rebounds + Assists O/U LAL @ HOU,,Basketball,NBA
69bb364116ef594f9ae78e42,Betr Picks,parlay,SETTLED_LOSS,150,,,5,-5.00,03/18/2026 23:33:21 GMT,03/19/2026 04:29:51 GMT,2026-03-18T23:33:21.352Z,2026-03-19T04:29:51.803Z,Under 38.5 Luka Dončić PTS+REB LAL vs. HOU | Over 8.5 Josh Giddey Rebounds TOR vs. CHI | Under 27.5 Shai Gilgeous-Alexander Points OKC vs. BKN | Over 31.5 Jalen Johnson PTS+AST ATL vs. DAL | Under 28.5 Kawhi Leonard Points LAC vs. NO | Over 13 Nikola Jokić Rebounds DEN vs. MEM | Under 12.5 Cooper Flagg AST+REB ATL vs. DAL | Over 14.5 Chet Holmgren Points OKC vs. BKN,,Basketball,NBA
1528645854,PrizePicks,parlay,SETTLED_LOSS,6,,,5,-5.00,03/18/2026 23:14:03 GMT,03/20/2026 22:23:00 GMT,2026-03-18T23:14:03.786Z,2026-03-20T22:23:00.000Z,Over 3.5 Yoav Berman Assists QUC vs. PUR | Over 6.5 Amari Allen Rebounds ALA vs. HOF | Over 3.5 Mason Falslev Assists USU vs. VILL,,Basketball,NCAAM
7b579025-49df-4c57-bdd5-5a928315cbbf,Underdog,parlay,SETTLED_LOSS,3.5,,,5,-5.00,03/18/2026 23:05:34 GMT,03/19/2026 03:00:00 GMT,2026-03-18T23:05:34.000Z,2026-03-19T03:00:00.000Z,Lower 4.5 Ace Bailey 1Q Points O/U UTA @ MIN | Higher 0.5 Jock Landale 3-Pointers Made O/U ATL @ DAL,,Basketball,NBA
69bb2e7e121d619c46d34bea,Betr Picks,parlay,SETTLED_LOSS,6,,,15,-15.00,03/18/2026 23:00:14 GMT,03/19/2026 02:52:39 GMT,2026-03-18T23:00:14.593Z,2026-03-19T02:52:39.050Z,Over 35.5 Josh Giddey Pts+Rebs+Asst TOR vs. CHI | Over 5.5 Gui Santos Rebounds GS vs. BOS | Under 7.5 Julius Randle Rebounds UTA vs. MIN,,Basketball,NBA
69bb2dacc824c32c9bbcd7ae,Betr Picks,parlay,SETTLED_LOSS,6,,,10,-10.00,03/18/2026 22:56:44 GMT,03/19/2026 02:14:04 GMT,2026-03-18T22:56:44.190Z,2026-03-19T02:14:04.418Z,Over 26.5 Jayson Tatum PTS+REB GS vs. BOS | Under 3.5 Cason Wallace Rebounds OKC vs. BKN | Over 8.5 Nicolas Claxton AST+REB OKC vs. BKN,,Basketball,NBA
00ac833a-05a8-4b66-a4c7-1539a11bf5e7,Underdog,parlay,SETTLED_LOSS,8.15,,,10,-10.00,03/18/2026 22:52:15 GMT,03/19/2026 02:30:00 GMT,2026-03-18T22:52:15.000Z,2026-03-19T02:30:00.000Z,Higher 8.5 Danny Wolf Rebounds + Assists O/U OKC @ BKN | Lower 4.5 Kris Dunn Assists O/U LAC @ NOP | Higher 4.5 Naji Marshall Rebounds O/U ATL @ DAL,,Basketball,NBA
69bb294176b9322865a9ea45,Betr Picks,parlay,SETTLED_LOSS,6,,,10,-10.00,03/18/2026 22:37:53 GMT,03/19/2026 03:09:48 GMT,2026-03-18T22:37:53.720Z,2026-03-19T03:09:48.133Z,Over 38.5 Jalen Johnson Pts+Rebs+Asst ATL vs. DAL | Over 8.5 Payton Pritchard AST+REB GS vs. BOS | Over 1.5 Brandon Ingram 3PT Made TOR vs. CHI,,Basketball,NBA
1527133102,PrizePicks,parlay,SETTLED_LOSS,6,,,15,-15.00,03/17/2026 23:53:26 GMT,03/18/2026 03:10:00 GMT,2026-03-17T23:53:26.338Z,2026-03-18T03:10:00.000Z,Over 5.5 Donovan Mitchell Assists CLE vs. MIL | Over 2.5 Bones Hyland Assists MIN vs. PHX | Over 12.5 Stephon Castle Points SAS vs. SAC,,Basketball,NBA
Vn4R5Ly,DK Pick6,round_robin_4,SETTLED_LOSS,9.89,,,10,-10.00,03/17/2026 23:00:00 GMT,03/18/2026 03:10:41 GMT,2026-03-17T23:00:00.000Z,2026-03-18T03:10:41.000Z,Over 8.5 Royce O'Neale Points Phoenix Suns vs. Minnesota Timberwolves | Under 30.5 Donovan Mitchell Points + Rebounds Cleveland Cavaliers vs. Milwaukee Bucks | Over 13.5 Donte DiVincenzo Points Phoenix Suns vs. Minnesota Timberwolves | Over 23.5 Nikola Jokic Points Philadelphia 76ers vs. Denver Nuggets,,Basketball,NBA
jKwLrWb,DK Pick6,round_robin_3,SETTLED_LOSS,5.982,,,10,-10.00,03/17/2026 23:00:00 GMT,03/18/2026 03:10:41 GMT,2026-03-17T23:00:00.000Z,2026-03-18T03:10:41.000Z,Over 21.5 Donovan Mitchell Points Cleveland Cavaliers vs. Milwaukee Bucks | Under 16.5 Collin Gillespie Points + Rebounds Phoenix Suns vs. Minnesota Timberwolves | Over 7.5 Ayo Dosunmu Assists + Rebounds Phoenix Suns vs. Minnesota Timberwolves,,Basketball,NBA
69b9dcb347ad6ecc874706fd,Betr Picks,parlay,SETTLED_LOSS,6,,,10,-10.00,03/17/2026 22:58:59 GMT,03/18/2026 02:50:00 GMT,2026-03-17T22:58:59.852Z,2026-03-18T02:50:00.517Z,Under 8.5 Ivica Zubac Rebounds IND vs. NY | Over 6.5 Julius Randle Rebounds PHO vs. MIN | Over 19.5 Jalen Green Points PHO vs. MIN,,Basketball,NBA
1526951678,PrizePicks,parlay,SETTLED_LOSS,6,,,15,-15.00,03/17/2026 22:56:54 GMT,03/18/2026 02:10:00 GMT,2026-03-17T22:56:54.464Z,2026-03-18T02:10:00.000Z,Over 2.5 Nolan McLean Pitcher Strikeouts USA vs. VEN | Over 7.5 James Harden Assists CLE vs. MIL | Over 3.5 Moritz Wagner Rebounds ORL vs. OKC,,other | Basketball,other | NBA
69b9c537baf2cf3dfec747ef,Betr Picks,parlay,SETTLED_LOSS,6,,,15,-15.00,03/17/2026 21:18:47 GMT,03/18/2026 04:29:30 GMT,2026-03-17T21:18:47.411Z,2026-03-18T04:29:30.713Z,Over 20.5 DeMar DeRozan PTS+AST SA vs. SAC | Under 5.5 Kon Knueppel Rebounds MIA vs. CHA | Under 6.5 Josh Hart Assists IND vs. NY,,Basketball,NBA
69b9c105898096cec5881a77,Betr Picks,parlay,SETTLED_LOSS,6,,,10,0.00,03/17/2026 21:00:53 GMT,03/18/2026 02:55:25 GMT,2026-03-17T21:00:53.787Z,2026-03-18T02:55:25.664Z,Over 24.5 Evan Mobley PTS+REB CLE vs. MIL | Under 9.5 Tyler Herro AST+REB MIA vs. CHA | Under 4.5 Ryan Rollins Rebounds CLE vs. MIL,,Basketball,NBA
1526350158,PrizePicks,round_robin_6,SETTLED_LOSS,25,,,5,-5.00,03/17/2026 18:22:45 GMT,03/18/2026 02:10:00 GMT,2026-03-17T18:22:45.700Z,2026-03-18T02:10:00.000Z,Under 7.5 Caris LeVert Points DET vs. WAS | Over 6.5 Will Riley Rebs+Asts WAS vs. DET | Under 8 Ayo Dosunmu Rebs+Asts MIN vs. PHX | Over 7.5 Royce O'Neale Points PHX vs. MIN | Under 24.5 Jamal Murray Points DEN vs. PHI | Under 18.5 Keldon Johnson Pts+Rebs+Asts SAS vs. SAC,,Basketball,NBA
1526301209,PrizePicks,parlay,SETTLED_LOSS,6,,,15,-15.00,03/17/2026 17:50:25 GMT,03/18/2026 02:10:00 GMT,2026-03-17T17:50:25.387Z,2026-03-18T02:10:00.000Z,Over 34.5 Shai Gilgeous-Alexander Pts+Rebs+Asts OKC vs. ORL | Over 6.5 Will Riley Rebs+Asts WAS vs. DET | Over 11.5 Karl-Anthony Towns Rebounds NYK vs. IND,,Basketball,NBA
69b87c6744cebdb472c3d924,Betr Picks,parlay,SETTLED_LOSS,6,,,10,-10.00,03/16/2026 21:55:51 GMT,03/17/2026 04:25:03 GMT,2026-03-16T21:55:51.515Z,2026-03-17T04:25:03.442Z,Over 23.5 Kevin Durant Points LAL vs. HOU | Over 6.5 Cooper Flagg Rebounds DAL vs. NO | Over 11.5 Jayson Tatum AST+REB PHO vs. BOS,,Basketball,NBA
1524703510,PrizePicks,parlay,SETTLED_WIN,6,,,20,100.00,03/16/2026 18:26:23 GMT,03/17/2026 04:43:00 GMT,2026-03-16T18:26:23.834Z,2026-03-17T04:43:00.000Z,Over 0.5 Jalen Johnson Points ATL vs. ORL | Over 17.5 Walter Clayton Pts+Rebs+Asts MEM vs. CHI | Under 6.5 LeBron James Assists LAL vs. HOU,,Basketball,NBA
69b82ae8451fc850acde8ab2,Betr Picks,parlay,SETTLED_LOSS,6,,,10,-10.00,03/16/2026 16:08:08 GMT,03/17/2026 05:06:06 GMT,2026-03-16T16:08:08.873Z,2026-03-17T05:06:06.188Z,Over 27.5 Donovan Clingan PTS+REB POR vs. BKN | Under 9.5 Nicolas Claxton AST+REB POR vs. BKN | Over 35.5 Victor Wembanyama PTS+REB SA vs. LAC,,Basketball,NBA
4c8fdc5a-40e3-43c4-82da-85e4f7021355,Underdog,parlay,SETTLED_LOSS,3.5,,,5,-5.00,03/16/2026 15:57:55 GMT,03/17/2026 05:00:00 GMT,2026-03-16T15:57:55.000Z,2026-03-17T05:00:00.000Z,Lower 4.5 Victor Wembanyama Blocks + Steals O/U SAS @ LAC | Higher 11.5 Eian Elmer Points O/U M-OH @ SMU,,Basketball,NBA | NCAAM
69b81a5505fe26ff74a9b49c,Betr Picks,parlay,SETTLED_WIN,6,,,10,50.00,03/16/2026 14:57:25 GMT,03/17/2026 02:38:12 GMT,2026-03-16T14:57:25.521Z,2026-03-17T02:38:12.415Z,Over 21.5 Devin Booker Points PHO vs. BOS | Under 4.5 Desmond Bane Assists ORL vs. ATL | Over 9.5 Trey Murphy III AST+REB DAL vs. NO,,Basketball,NBA
69b70c62444f8d5099cfd879,Betr Picks,parlay,SETTLED_LOSS,6,,,10,-10.00,03/15/2026 19:45:38 GMT,03/16/2026 03:06:05 GMT,2026-03-15T19:45:38.079Z,2026-03-16T03:06:05.007Z,Over 31.5 Deni Avdija Pts+Rebs+Asst POR vs. PHI | Under 4.5 Pat Spencer Assists GS vs. NY | Over 10.5 Jalen Brunson AST+REB GS vs. NY,,Basketball,NBA
1522230953,PrizePicks,parlay,SETTLED_LOSS,3,,,10,-10.00,03/15/2026 00:12:18 GMT,03/16/2026 01:11:00 GMT,2026-03-15T00:12:18.015Z,2026-03-16T01:11:00.000Z,Over 5.5 VJ Edgecombe Rebounds PHI vs. POR | Over 7.5 Toumani Camara Rebs+Asts POR vs. PHI,,Basketball,NBA
1ac1a0e4-5fa4-4097-ba7a-043cc58a40ec,Underdog,parlay,SETTLED_WIN,3.5,,,7.32,17.75,03/14/2026 23:21:27 GMT,03/16/2026 03:00:00 GMT,2026-03-14T23:21:27.000Z,2026-03-16T03:00:00.000Z,Higher 11.5 Josh Hart Rebounds + Assists O/U GSW @ NYK | Higher 15.5 Gui Santos Points O/U GSW @ NYK,,Basketball,NBA
69b5ed19444f8d5099cfcc47,Betr Picks,parlay,SETTLED_LOSS,6,,,10,-10.00,03/14/2026 23:19:53 GMT,03/15/2026 03:52:54 GMT,2026-03-14T23:19:53.563Z,2026-03-15T03:52:54.026Z,Over 45.5 Luka Dončić Pts+Rebs+Asst DEN vs. LAL | Over 9.5 Deandre Ayton Points DEN vs. LAL | Over 3.5 Pelle Larsson Assists ORL vs. MIA,,Basketball,NBA
95PBgrG,DK Pick6,round_robin_4,SETTLED_LOSS,10,,,10,-10.00,03/13/2026 23:30:00 GMT,03/14/2026 02:30:00 GMT,2026-03-13T23:30:00.000Z,2026-03-14T02:30:00.000Z,Under 6.5 Amen Thompson Assists New Orleans Pelicans vs. Houston Rockets | Under 11.5 Mitchell Robinson Rebounds New York Knicks vs. Indiana Pacers | Over 14.5 Ty Jerome Points Memphis Grizzlies vs. Detroit Pistons | Over 2.5 Klay Thompson 3-Pointers Made Cleveland Cavaliers vs. Dallas Mavericks,,Basketball,NBA
bP4Qd2y,DK Pick6,round_robin_3,SETTLED_LOSS,6,,,10,-10.00,03/13/2026 23:30:00 GMT,03/14/2026 02:30:00 GMT,2026-03-13T23:30:00.000Z,2026-03-14T02:30:00.000Z,Over 4.5 Royce O'Neale Rebounds Phoenix Suns vs. Toronto Raptors | Over 2.5 Kevin Huerter Rebounds Memphis Grizzlies vs. Detroit Pistons | Over 20.5 Cade Cunningham Points Memphis Grizzlies vs. Detroit Pistons,,Basketball,NBA
rYP8bD5,DK Pick6,round_robin_3,SETTLED_LOSS,5.634,,,10,-10.00,03/13/2026 23:30:00 GMT,03/14/2026 02:30:00 GMT,2026-03-13T23:30:00.000Z,2026-03-14T02:30:00.000Z,Over 2.5 Collin Gillespie 3-Pointers Made Phoenix Suns vs. Toronto Raptors | Over 2.5 Jalen Green Assists Phoenix Suns vs. Toronto Raptors | Over 17.5 Bennedict Mathurin Points Chicago Bulls vs. Los Angeles Clippers,,Basketball,NBA
69b499820a8232d166e4f33a,Betr Picks,parlay,SETTLED_WIN,6,,,5,25.00,03/13/2026 23:10:58 GMT,03/14/2026 02:53:57 GMT,2026-03-13T23:10:58.718Z,2026-03-14T02:53:57.542Z,Under 1.5 Dejounte Murray Steals NO vs. HOU | Over 1.5 Herbert Jones Steals NO vs. HOU | Under 7 Scottie Barnes Rebounds PHO vs. TOR,,Basketball,NBA
8084db1a-94da-49db-ae61-622ef251df97,Underdog,parlay,SETTLED_LOSS,8.7,,,10,-10.00,03/13/2026 23:09:24 GMT,03/14/2026 03:00:00 GMT,2026-03-13T23:09:24.000Z,2026-03-14T03:00:00.000Z,Lower 10.5 Donovan Mitchell Rebounds + Assists O/U CLE @ DAL | Higher 6.5 Ivica Zubac Points O/U NYK @ IND | Higher 7.5 Clint Capela Rebounds O/U NOP @ HOU,,Basketball,NBA
d1bf4229-ad6d-4d4f-8aee-8b1d291c65d7,Underdog,parlay,SETTLED_LOSS,8.7,,,10,-10.00,03/13/2026 22:53:57 GMT,03/14/2026 02:30:00 GMT,2026-03-13T22:53:57.000Z,2026-03-14T02:30:00.000Z,Lower 6.5 Cade Cunningham 1Q Points O/U MEM @ DET | Higher 3.5 Mikal Bridges Assists O/U NYK @ IND | Higher 15.5 Josh Giddey Rebounds + Assists O/U CHI @ LAC,,Basketball,NBA
69b4782490c366b23cf15d3c,Betr Picks,parlay,SETTLED_LOSS,6,,,15,-15.00,03/13/2026 20:48:36 GMT,03/14/2026 04:45:52 GMT,2026-03-13T20:48:36.307Z,2026-03-14T04:45:52.052Z,Over 23.5 Dejounte Murray Pts+Rebs+Asst NO vs. HOU | Under 4.5 Naji Marshall Rebounds CLE vs. DAL | Over 5.5 Darius Acuff Jr. Assists OKL vs. ARK,,Basketball,NBA | NCAAM
1519368758,PrizePicks,round_robin_6,SETTLED_LOSS,25,,,5,-5.00,03/13/2026 15:42:13 GMT,03/14/2026 02:40:00 GMT,2026-03-13T15:42:13.970Z,2026-03-14T02:40:00.000Z,Under 17.5 Scottie Barnes Points TOR vs. PHX | Over 3.5 Devin Booker Rebounds PHX vs. TOR | Under 10.5 Cade Cunningham Assists DET vs. MEM | Under 14.5 Gui Santos Points GSW vs. MIN | Over 1.5 Kristaps Porziņģis Assists GSW vs. MIN | Under 8 Kobe Sanders Points LAC vs. CHI,,Basketball,NBA
69b42cb86c3b59c0e4d4cdd1,Betr Picks,parlay,SETTLED_LOSS,6,,,7.5,0.00,03/13/2026 15:26:48 GMT,03/14/2026 05:10:12 GMT,2026-03-13T15:26:48.029Z,2026-03-14T05:10:12.520Z,Under 9.5 Kris Dunn AST+REB CHI vs. LAC | Over 5.5 Al Horford Rebounds MIN vs. GS | Over 11.5 Rudy Gobert Rebounds MIN vs. GS,,Basketball,NBA
1519333919,PrizePicks,parlay,SETTLED_LOSS,6,,,5,-5.00,03/13/2026 15:10:37 GMT,03/14/2026 02:40:00 GMT,2026-03-13T15:10:37.017Z,2026-03-14T02:40:00.000Z,Over 1.5 Kristaps Porziņģis Assists GSW vs. MIN | Over 3.5 Devin Booker Rebounds PHX vs. TOR | Under 5.5 Kris Dunn Assists LAC vs. CHI,,Basketball,NBA
c6a5ae38-07d5-45f3-9f7c-b8fe8694e5c5,Underdog,parlay,SETTLED_VOID,1000,,,5,0.00,03/12/2026 22:48:26 GMT,03/13/2026 04:00:00 GMT,2026-03-12T22:48:26.000Z,2026-03-13T04:00:00.000Z,Lower 4.5 Tyler Herro Rebounds O/U MIL @ MIA | Lower 2.5 Tim Hardaway Jr. Rebounds O/U DEN @ SAS,,Basketball,NBA
1518046230,PrizePicks,round_robin_6,SETTLED_LOSS,25,,,5,-5.00,03/12/2026 21:27:13 GMT,03/13/2026 02:12:00 GMT,2026-03-12T21:27:13.649Z,2026-03-13T02:12:00.000Z,Under 19.5 Will Riley Pts+Rebs+Asts WAS vs. ORL | Under 20.5 Tobias Harris Pts+Rebs+Asts DET vs. PHI | Over 6.5 Dylan Harper Rebs+Asts SAS vs. DEN | Over 4.5 Payton Pritchard Assists BOS vs. OKC | Under 9 jL MAP 1 Headshots Liquid vs. OlyBet MAP 1 | Under 14 HEN1 MAP 1 Kills Gaimin Gladiators vs. Famalicão MAP 1,,Basketball | other,NBA | other
69b30b56a66c655d5cc42fef,Betr Picks,parlay,SETTLED_WIN,6,,,10,50.00,03/12/2026 18:52:06 GMT,03/13/2026 05:16:40 GMT,2026-03-12T18:52:06.795Z,2026-03-13T05:16:40.482Z,Over 11.5 Shai Gilgeous-Alexander AST+REB BOS vs. OKC | Over 11.5 Cooper Flagg AST+REB DAL vs. MEM | Over 44.5 Luka Dončić Pts+Rebs+Asst CHI vs. LAL,,Basketball,NBA
1517708960,PrizePicks,round_robin_3,SETTLED_WIN,3,,,5,10.00,03/12/2026 17:43:01 GMT,03/13/2026 04:12:00 GMT,2026-03-12T17:43:01.789Z,2026-03-13T04:12:00.000Z,Under 7.5 Grayson Allen Rebs+Asts PHX vs. IND | Over 3.5 Will Riley Rebounds WAS vs. ORL | Over 6.5 Dylan Harper Rebs+Asts SAS vs. DEN,,Basketball,NBA
1517534500,PrizePicks,parlay,SETTLED_LOSS,6,,,5,-5.00,03/12/2026 15:17:36 GMT,03/13/2026 04:12:00 GMT,2026-03-12T15:17:36.075Z,2026-03-13T04:12:00.000Z,Over 18.5 Ajay Mitchell Pts+Rebs+Asts OKC vs. BOS | Under 9.5 Desmond Bane Rebs+Asts ORL vs. WAS | Over 5.5 Devin Vassell Rebs+Asts SAS vs. DEN,,Basketball,NBA
69b1df3a4253bd45095a4482,Betr Picks,parlay,SETTLED_WIN,6,,,5,32.50,03/11/2026 21:31:38 GMT,03/12/2026 04:34:38 GMT,2026-03-11T21:31:38.783Z,2026-03-12T04:34:38.676Z,Under 8.5 Jakob Poeltl Rebounds TOR vs. NO | Over 3.5 DeMar DeRozan Assists CHA vs. SAC | Under 9.5 Maxime Raynaud Rebounds CHA vs. SAC,,Basketball,NBA
0a67adae-f31d-4269-b674-f13c6dc43c12,Underdog,parlay,SETTLED_LOSS,3.5,,,5,-5.00,03/11/2026 19:28:57 GMT,03/11/2026 23:00:00 GMT,2026-03-11T19:28:57.000Z,2026-03-11T23:00:00.000Z,Higher 2.5 Stefan Vaaks Rebounds O/U PROV @ BUT | Lower 3.5 Ilias Kamardine Rebounds O/U MISS @ TEX,,Basketball,NCAAM
69b1ae8f427dd8bb2308ae55,Betr Picks,parlay,SETTLED_LOSS,6,,,10,-10.00,03/11/2026 18:03:59 GMT,03/12/2026 04:40:10 GMT,2026-03-11T18:03:59.416Z,2026-03-12T04:40:10.798Z,Over 13.5 Alperen Sengün AST+REB HOU vs. DEN | Over 6.5 Wendell Carter Jr. Rebounds CLE vs. ORL | Over 18.5 Trey Murphy III Points TOR vs. NO,,Basketball,NBA
69b1a01bf833a06fae1e2972,Betr Picks,parlay,SETTLED_LOSS,6,,,10,-10.00,03/11/2026 17:02:19 GMT,03/12/2026 05:20:26 GMT,2026-03-11T17:02:19.164Z,2026-03-12T05:20:26.606Z,Under 8.5 Anthony Edwards AST+REB MIN vs. LAC | Over 30.5 Karl-Anthony Towns PTS+REB NY vs. UTA | Over 8.5 Brandon Miller AST+REB CHA vs. SAC,,Basketball,NBA
025438fc-0dac-492a-8426-68443f36bc09,Underdog,parlay,SETTLED_LOSS,3.5,,,5,-5.00,03/11/2026 15:33:41 GMT,03/12/2026 02:30:00 GMT,2026-03-11T15:33:41.000Z,2026-03-12T02:30:00.000Z,Higher 27.5 Donovan Mitchell Points O/U CLE @ ORL | Lower 12.5 Bruce Brown Pts + Rebs + Asts O/U HOU @ DEN,,Basketball,NBA
1515834381,PrizePicks,parlay,SETTLED_LOSS,6,,,5,-5.00,03/11/2026 15:09:15 GMT,03/12/2026 05:42:00 GMT,2026-03-11T15:09:15.392Z,2026-03-12T05:42:00.000Z,Under 17.5 Jeremiah Fears Pts+Rebs+Asts NOP vs. TOR | Under 12.5 Isaiah Jackson Pts+Rebs LAC vs. MIN | Over 34.5 Kawhi Leonard Pts+Rebs LAC vs. MIN,,Basketball,NBA
89ff4a1e-f689-4e22-9312-5eaf3f29a679,Underdog,parlay,SETTLED_LOSS,3.5,,,5,-5.00,03/11/2026 15:06:40 GMT,03/12/2026 05:30:00 GMT,2026-03-11T15:06:40.000Z,2026-03-12T05:30:00.000Z,Lower 29.5 Keyonte George Pts + Rebs + Asts O/U NYK @ UTA | Lower 6.5 Isaiah Jackson Points O/U MIN @ LAC,,Basketball,NBA
bc3d63bd-8adf-4daf-9831-982d42ee7113,Underdog,parlay,SETTLED_LOSS,3.11,,,5,-5.00,03/11/2026 14:58:04 GMT,03/12/2026 04:00:00 GMT,2026-03-11T14:58:04.000Z,2026-03-12T04:00:00.000Z,Higher 13.5 Herb Jones Pts + Rebs + Asts O/U TOR @ NOP | Lower 7.5 Mitchell Robinson Rebounds O/U NYK @ UTA,,Basketball,NBA
1515812821,PrizePicks,parlay,SETTLED_WIN,6,,,5,25.00,03/11/2026 14:43:25 GMT,03/12/2026 05:42:00 GMT,2026-03-11T14:43:25.268Z,2026-03-12T05:42:00.000Z,Under 21.5 Keyonte George Points UTA vs. NYK | Over 6.5 Derik Queen Rebs+Asts NOP vs. TOR | Over 3.5 Derrick Jones Rebounds LAC vs. MIN,,Basketball,NBA
69b17e74f833a06fae1e265a,Betr Picks,parlay,SETTLED_LOSS,6,,,10,-10.00,03/11/2026 14:38:44 GMT,03/12/2026 04:41:48 GMT,2026-03-11T14:38:44.121Z,2026-03-12T04:41:48.412Z,Under 8.5 Kon Knueppel AST+REB CHA vs. SAC | Over 5.5 Russell Westbrook Assists CHA vs. SAC | Over 25.5 Amen Thompson Pts+Rebs+Asst HOU vs. DEN,,Basketball,NBA
1515246427,PrizePicks,parlay,SETTLED_LOSS,6,,,5,-5.00,03/11/2026 02:02:05 GMT,03/11/2026 06:09:00 GMT,2026-03-11T02:02:05.032Z,2026-03-11T06:09:00.000Z,Over 22.5 Anthony Edwards Points MIN vs. LAL | Over 6.5 Jaden McDaniels Rebs+Asts MIN vs. LAL | Over 5.5 Ryan Kalkbrenner Points CHA vs. POR,,Basketball,NBA
1515102384,PrizePicks,parlay,SETTLED_LOSS,3.75,,,16.41,-16.41,03/11/2026 01:07:08 GMT,03/11/2026 06:09:00 GMT,2026-03-11T01:07:08.749Z,2026-03-11T06:09:00.000Z,Over 22.5 Anthony Edwards Points MIN vs. LAL | Over 6.5 Jalen Smith Rebs+Asts CHI vs. GSW | Over 14.5 Kon Knueppel Points CHA vs. POR,,Basketball,NBA
69b0a52ff5ae99d71af95e1b,Betr Picks,parlay,SETTLED_LOSS,6,,,5,-5.00,03/10/2026 23:11:43 GMT,03/11/2026 05:00:42 GMT,2026-03-10T23:11:43.215Z,2026-03-11T05:00:42.936Z,Over 5.5 Draymond Green Assists CHI vs. GS | Under 6.5 Davion Mitchell Assists WAS vs. MIA | Over 2.5 Jalen Green 3PT Made PHO vs. MIL,,Basketball,NBA
69b0a46b002af1ffcab6385c,Betr Picks,parlay,SETTLED_LOSS,6,,,3.5,0.00,03/10/2026 23:08:27 GMT,03/11/2026 05:56:41 GMT,2026-03-10T23:08:27.140Z,2026-03-11T05:56:41.631Z,Under 0.5 Jaden McDaniels Blocks MIN vs. LAL | Under 2.5 Cade Cunningham STL+BLK DET vs. BKN | Over 1.5 Bub Carrington 3PT Made WAS vs. MIA,,Basketball,NBA
LypMjRK,DK Pick6,round_robin_3,SETTLED_WIN,3,,,10,20.00,03/10/2026 23:00:00 GMT,03/11/2026 06:13:08 GMT,2026-03-10T23:00:00.000Z,2026-03-11T06:13:08.000Z,Over 5.5 Dyson Daniels Assists Dallas Mavericks vs. Atlanta Hawks | Over 0.5 Anthony Edwards Points Minnesota Timberwolves vs. Los Angeles Lakers | Over 3.5 Jaxson Hayes Rebounds Minnesota Timberwolves vs. Los Angeles Lakers,,Basketball,NBA
1514595095,PrizePicks,parlay,SETTLED_LOSS,6,,,10,-10.00,03/10/2026 22:09:30 GMT,03/11/2026 02:40:00 GMT,2026-03-10T22:09:30.526Z,2026-03-11T02:40:00.000Z,Under 6.5 Myron Gardner Rebounds MIA vs. WAS | Over 4.5 Ty Jerome Assists MEM vs. PHI | Over 17.5 Kevin Durant Points HOU vs. TOR,,Basketball,NBA
3cebe331-cf6f-4822-89b3-5649d03426fe,Underdog,parlay,SETTLED_LOSS,3.5,,,5,-5.00,03/10/2026 22:07:44 GMT,03/11/2026 02:30:00 GMT,2026-03-10T22:07:44.000Z,2026-03-11T02:30:00.000Z,Lower 1.5 Jock Landale Assists O/U DAL @ ATL | Higher 6.5 Nic Claxton Rebounds O/U DET @ BKN,,Basketball,NBA
69b0924233f465cceaf03b9e,Betr Picks,parlay,SETTLED_LOSS,6,,,10,-10.00,03/10/2026 21:50:58 GMT,03/11/2026 05:01:24 GMT,2026-03-10T21:50:58.080Z,2026-03-11T05:01:24.102Z,Over 33.5 Jaylen Brown Pts+Rebs+Asst BOS vs. SA | Under 8.5 Tre Jones AST+REB CHI vs. GS | Over 6.5 Dyson Daniels Rebounds DAL vs. ATL,,Basketball,NBA
fb228b64-9fc6-4fc7-aa13-4ba1058bb3cb,Underdog,parlay,SETTLED_WIN,3.5,,,5,12.50,03/10/2026 19:01:24 GMT,03/11/2026 03:00:00 GMT,2026-03-10T19:01:24.000Z,2026-03-11T03:00:00.000Z,Lower 11.5 Drake Powell Pts + Rebs + Asts O/U DET @ BKN | Higher 8.5 Ousmane Dieng Points O/U PHX @ MIL,,Basketball,NBA
e683755a-e4a2-4496-9800-6638afe315c1,Underdog,parlay,SETTLED_LOSS,3.5,,,5,-5.00,03/10/2026 18:44:58 GMT,03/10/2026 22:00:00 GMT,2026-03-10T18:44:58.000Z,2026-03-10T22:00:00.000Z,Lower 10.5 Jalen Celestine Points O/U UTAH @ CIN | Lower 2.5 Bones Hyland Assists O/U MIN @ LAL,,Basketball,NCAAM | NBA
1aed35cc-e102-4390-a1d7-8163f508a683,Underdog,parlay,SETTLED_VOID,2.96,,,5,0.00,03/10/2026 18:43:47 GMT,03/10/2026 19:31:26 GMT,2026-03-10T18:43:47.000Z,2026-03-10T19:31:26.582Z,Lower 11.5 Keanu Dawes Points O/U UTAH @ CIN | Lower 10.5 Jalen Celestine Points O/U UTAH @ CIN,,Basketball,NCAAM
1514101481,PrizePicks,parlay,SETTLED_LOSS,6,,,5,-5.00,03/10/2026 18:06:41 GMT,03/11/2026 01:10:00 GMT,2026-03-10T18:06:41.116Z,2026-03-11T01:10:00.000Z,Under 5.5 Kevin Durant Rebounds HOU vs. TOR | Over 6.5 Adem Bona Rebounds PHI vs. MEM | Under 8.5 Bub Carrington Rebs+Asts WAS vs. MIA,,Basketball,NBA
198fd16f-191b-4fd6-8d54-58b647cd87e8,Underdog,parlay,SETTLED_VOID,4.18,,,5,0.00,03/10/2026 17:56:23 GMT,03/10/2026 19:31:26 GMT,2026-03-10T17:56:23.000Z,2026-03-10T19:31:26.581Z,Lower 5.5 Jaylen Brown Assists O/U BOS @ SAS | Lower 7.5 Kyle Kuzma Rebounds + Assists O/U PHX @ MIL | Lower 22.5 Malik Monk Pts + Rebs + Asts O/U IND @ SAC,,Basketball,NBA
69b059e47490e7b60ee58a00,Betr Picks,parlay,SETTLED_LOSS,6,,,15,0.00,03/10/2026 17:50:28 GMT,03/11/2026 05:58:23 GMT,2026-03-10T17:50:28.954Z,2026-03-11T05:58:23.338Z,Over 31.5 Luka Dončić Points MIN vs. LAL | Over 28.5 Devin Booker PTS+AST PHO vs. MIL | Over 9.5 Nicolas Claxton AST+REB DET vs. BKN,,Basketball,NBA
1513983933,PrizePicks,parlay,SETTLED_LOSS,6,,,5,-5.00,03/10/2026 17:04:28 GMT,03/11/2026 03:11:00 GMT,2026-03-10T17:04:28.513Z,2026-03-11T03:11:00.000Z,Under 11.5 Olivier-Maxence Prosper Points MEM vs. PHI | Over 12.5 Kristaps Porziņģis Points GSW vs. CHI | Over 16.5 Oso Ighodaro Pts+Rebs+Asts PHX vs. MIL,,Basketball,NBA
1513973733,PrizePicks,round_robin_3,SETTLED_LOSS,3,,,10,-10.00,03/10/2026 16:58:54 GMT,03/11/2026 02:40:00 GMT,2026-03-10T16:58:54.170Z,2026-03-11T02:40:00.000Z,Over 14.5 Cooper Flagg Points DAL vs. ATL | Under 4.5 Grayson Allen Assists PHX vs. MIL | Under 4.5 Tyler Herro Assists MIA vs. WAS,,Basketball,NBA
45f92582-3cbb-439b-a99b-fe321bd2a685,Underdog,parlay,SETTLED_LOSS,3.5,,,5,-5.00,03/10/2026 15:43:23 GMT,03/11/2026 03:00:00 GMT,2026-03-10T15:43:23.000Z,2026-03-11T03:00:00.000Z,Lower 17.5 Amen Thompson Points O/U TOR @ HOU | Higher 20.5 Ryan Rollins Points + Assists O/U PHX @ MIL,,Basketball,NBA
1513855769,PrizePicks,round_robin_3,SETTLED_WIN,3,,,5,10.00,03/10/2026 15:37:43 GMT,03/11/2026 02:40:00 GMT,2026-03-10T15:37:43.813Z,2026-03-11T02:40:00.000Z,Over 5.5 Brandon Williams Rebs+Asts DAL vs. ATL | Under 4.5 Tyler Herro Assists MIA vs. WAS | Under 12.5 Nolan Traore Pts+Rebs BKN vs. DET,,Basketball,NBA
1513853949,PrizePicks,parlay,SETTLED_LOSS,6,,,5,-5.00,03/10/2026 15:36:01 GMT,03/11/2026 02:40:00 GMT,2026-03-10T15:36:01.241Z,2026-03-11T02:40:00.000Z,Over 7.5 P.J. Washington Rebs+Asts DAL vs. ATL | Under 14.5 Robert Williams Pts+Rebs+Asts POR vs. CHA | Over 1.5 Precious Achiuwa Assists SAC vs. IND,,Basketball,NBA
1513852456,PrizePicks,parlay,SETTLED_LOSS,6,,,5,-5.00,03/10/2026 15:34:33 GMT,03/11/2026 05:10:00 GMT,2026-03-10T15:34:33.444Z,2026-03-11T05:10:00.000Z,Over 27.5 Quentin Grimes Pts+Rebs+Asts PHI vs. MEM | Over 22.5 Kelly Oubre Pts+Rebs PHI vs. MEM | Under 14.5 Robert Williams Pts+Rebs+Asts POR vs. CHA,,Basketball,NBA
9bdf813c-2497-4020-800b-d66427718f18,Underdog,parlay,SETTLED_VOID,3.5,,,5,0.00,03/10/2026 14:39:10 GMT,03/11/2026 05:00:00 GMT,2026-03-10T14:39:10.000Z,2026-03-11T05:00:00.000Z,Higher 17.5 Anthony Roy Points O/U OKST @ COLO | Lower 23.5 De'Anthony Melton Pts + Rebs + Asts O/U CHI @ GSW,,Basketball,NCAAM | NBA
1513799655,PrizePicks,parlay,SETTLED_LOSS,6,,,5,-5.00,03/10/2026 14:38:31 GMT,03/11/2026 02:40:00 GMT,2026-03-10T14:38:31.375Z,2026-03-11T02:40:00.000Z,Over 7.5 P.J. Washington Rebs+Asts DAL vs. ATL | Over 26.5 LaMelo Ball Pts+Asts CHA vs. POR | Under 6.5 De'Anthony Melton Rebs+Asts GSW vs. CHI,,Basketball,NBA
69b01c3056db8653054e2992,Betr Picks,parlay,SETTLED_LOSS,6,,,10,-10.00,03/10/2026 13:27:12 GMT,03/11/2026 05:58:11 GMT,2026-03-10T13:27:12.208Z,2026-03-11T05:58:11.612Z,Over 26.5 Anthony Edwards Points MIN vs. LAL | Over 3.5 Derrick White Rebounds BOS vs. SA | Over 18.5 Jalen Duren PTS+AST DET vs. BKN,,Basketball,NBA
1336882847394312192,Sleeper,parlay,SETTLED_LOSS,5.13,,,10,-10.00,03/09/2026 23:50:18 GMT,03/10/2026 02:50:18 GMT,2026-03-09T23:50:18.203Z,2026-03-10T02:50:18.203Z,O 14.5 Brandin Podziemski Points GSW @ UTA | U 4.5 Davis Fogle Rebounds ORST @ GONZ | U 5.5 John Konchar Rebounds GSW @ UTA,,Basketball,NBA | NCAAM
1512874836,PrizePicks,round_robin_3,SETTLED_WIN,3.75,,,5,13.75,03/09/2026 22:47:54 GMT,03/10/2026 02:43:00 GMT,2026-03-09T22:47:54.522Z,2026-03-10T02:43:00.000Z,Under 16.5 Dennis Schröder Pts+Rebs+Asts CLE vs. PHI | Over 4.5 Jonas Valančiūnas Points DEN vs. OKC | Over 0.5 Christian Braun Steals DEN vs. OKC,,Basketball,NBA
29c4c671-4838-4253-8bbd-0ac8eb14f910,Underdog,parlay,SETTLED_WIN,3.5,,,5,12.50,03/09/2026 21:53:18 GMT,03/10/2026 04:00:00 GMT,2026-03-09T21:53:18.000Z,2026-03-10T04:00:00.000Z,Higher 14.5 John Konchar Pts + Rebs + Asts O/U GSW @ UTA | Higher 1.5 De'Anthony Melton Steals O/U GSW @ UTA,,Basketball,NBA
1512737106,PrizePicks,parlay,SETTLED_LOSS,7.5,,,5,-5.00,03/09/2026 21:41:05 GMT,03/10/2026 02:40:00 GMT,2026-03-09T21:41:05.905Z,2026-03-10T02:40:00.000Z,Over 6.5 Gui Santos Rebounds GSW vs. UTA | Under 3.5 Mikal Bridges Rebounds NYK vs. LAC | Over 6.5 Olivier-Maxence Prosper Rebounds MEM vs. BKN,,Basketball,NBA
69af36f20d3d71eec3f04751,Betr Picks,parlay,SETTLED_LOSS,6,,,10,-10.00,03/09/2026 21:09:06 GMT,03/10/2026 05:03:57 GMT,2026-03-09T21:09:06.037Z,2026-03-10T05:03:57.177Z,Under 2.5 Noah Clowney 3PT Made MEM vs. BKN | Over 7.5 James Harden Assists PHI vs. CLE | Over 29.5 Kawhi Leonard PTS+REB NY vs. LAC,,Basketball,NBA
1512679558,PrizePicks,parlay,SETTLED_WIN,7.5,,,5,32.50,03/09/2026 21:04:55 GMT,03/10/2026 05:10:00 GMT,2026-03-09T21:04:55.559Z,2026-03-10T05:10:00.000Z,Over 11.5 Isaiah Joe Points OKC vs. DEN | Over 14.5 Derrick Jones Pts+Rebs+Asts LAC vs. NYK | Over 8.5 Landry Shamet Points NYK vs. LAC,,Basketball,NBA
8b71663c-880f-4c40-908b-826eb0f4d1fb,Underdog,parlay,SETTLED_WIN,3.04,,,5.7,11.62,03/09/2026 20:51:29 GMT,03/10/2026 04:00:00 GMT,2026-03-09T20:51:29.000Z,2026-03-10T04:00:00.000Z,Higher 12.5 Nikola Jokic Rebounds O/U DEN @ OKC | Higher 22.5 Brice Sensabaugh Pts + Rebs + Asts O/U GSW @ UTA,,Basketball,NBA
1512633971,PrizePicks,parlay,SETTLED_LOSS,6,,,10,-10.00,03/09/2026 20:30:24 GMT,03/10/2026 05:10:00 GMT,2026-03-09T20:30:24.766Z,2026-03-10T05:10:00.000Z,Over 4.5 Brice Sensabaugh Rebs+Asts UTA vs. GSW | Over 3.5 Kris Dunn Assists LAC vs. NYK | Over 2.5 Paul Skenes Pitcher Strikeouts USA vs. MEX,,Basketball | other,NBA | other
69af1560b9b550a424b01764,Betr Picks,parlay,SETTLED_LOSS,6,,,10,-10.00,03/09/2026 18:45:52 GMT,03/10/2026 05:01:18 GMT,2026-03-09T18:45:52.025Z,2026-03-10T05:01:18.527Z,Over 4.5 Brandin Podziemski Assists GS vs. UTA | Over 45.5 Nikola Jokić Pts+Rebs+Asst DEN vs. OKC | Over 9.5 Kawhi Leonard AST+REB NY vs. LAC,,Basketball,NBA
1512398335,PrizePicks,parlay,SETTLED_WIN,6,,,15,75.00,03/09/2026 17:32:26 GMT,03/10/2026 04:10:00 GMT,2026-03-09T17:32:26.888Z,2026-03-10T04:10:00.000Z,Over 2.5 Paul Skenes Pitcher Strikeouts USA vs. MEX | Under 28.5 Evan Mobley Pts+Rebs CLE vs. PHI | Over 6.5 De'Anthony Melton Rebs+Asts GSW vs. UTA,,other | Basketball,other | NBA
14e707b4-a34e-4571-a2d7-35c5fa5a6de9,Underdog,parlay,SETTLED_LOSS,6.5,,,5,-5.00,03/09/2026 13:57:11 GMT,03/10/2026 02:30:00 GMT,2026-03-09T13:57:11.000Z,2026-03-10T02:30:00.000Z,Lower 4.5 Donovan Mitchell Rebounds O/U PHI @ CLE | Lower 9.5 Nikola Jokic Assists O/U DEN @ OKC | Lower 18.5 De'Anthony Melton Points O/U GSW @ UTA,,Basketball,NBA
1336539136080752640,Sleeper,parlay,SETTLED_WIN,4.970000000000001,,,10,39.70,03/09/2026 01:04:31 GMT,03/09/2026 04:04:31 GMT,2026-03-09T01:04:31.040Z,2026-03-09T04:04:31.040Z,O 20.5 Devin Booker Points CHA @ PHX | U 3.5 Jerami Grant Rebounds IND @ POR | O 7.5 Josh Giddey Assists CHI @ SAC,,Basketball,NBA
69adeb2966b5129587c30397,Betr Picks,parlay,SETTLED_LOSS,6,,,15,-15.00,03/08/2026 21:33:29 GMT,03/09/2026 04:52:08 GMT,2026-03-08T21:33:29.266Z,2026-03-09T04:52:08.195Z,Over 4.5 Deni Avdija Assists IND vs. POR | Over 22.5 Brandon Miller PTS+REB CHA vs. PHO | Over 10.5 Jalen Duren Rebounds DET vs. MIA,,Basketball,NBA
1511314235,PrizePicks,parlay,SETTLED_LOSS,5.75,,,10,-10.00,03/08/2026 21:21:17 GMT,03/09/2026 01:10:00 GMT,2026-03-08T21:21:17.820Z,2026-03-09T01:10:00.000Z,Over 3.5 Khris Middleton Rebounds DAL vs. TOR | Over 7.5 P.J. Washington Rebs+Asts DAL vs. TOR | Over 12.5 LaMelo Ball Points CHA vs. PHX,,Basketball,NBA
69addf1e55cbeae24922cd62,Betr Picks,parlay,SETTLED_LOSS,6,,,10,-10.00,03/08/2026 20:42:06 GMT,03/09/2026 02:57:38 GMT,2026-03-08T20:42:06.702Z,2026-03-09T02:57:38.277Z,Over 8.5 Daniss Jenkins Points DET vs. MIA | Over 31.5 Victor Wembanyama PTS+REB HOU vs. SA | Over 1.5 Brandon Ingram 3PT Made DAL vs. TOR,,Basketball,NBA
69add59821cae7f0d458200c,Betr Picks,parlay,SETTLED_LOSS,6,,,10,-10.00,03/08/2026 20:01:28 GMT,03/09/2026 02:42:16 GMT,2026-03-08T20:01:28.867Z,2026-03-09T02:42:16.697Z,Over 28.5 Paolo Banchero PTS+REB ORL vs. MIL | Over 19.5 Ryan Rollins Points ORL vs. MIL | Over 2.5 Kel'el Ware STL+BLK DET vs. MIA,,Basketball,NBA
69adc88a55cbeae24922cb64,Betr Picks,parlay,SETTLED_LOSS,6,,,15,-15.00,03/08/2026 19:05:46 GMT,03/09/2026 04:49:54 GMT,2026-03-08T19:05:46.485Z,2026-03-09T04:49:54.344Z,Over 22.5 Brandon Miller PTS+REB CHA vs. PHO | Over 8.5 Luka Dončić Assists NY vs. LAL | Over 5.5 RJ Barrett Rebounds DAL vs. TOR,,Basketball,NBA
78ea07a7-5af4-4dc6-9bde-a8ac5d92f905,Underdog,parlay,SETTLED_LOSS,3.5,,,5,-5.00,03/08/2026 16:34:58 GMT,03/09/2026 01:00:00 GMT,2026-03-08T16:34:58.000Z,2026-03-09T01:00:00.000Z,Lower 18.5 Jaylon Tyson Pts + Rebs + Asts O/U BOS @ CLE | Lower 11.5 Jakob Poeltl Rebounds + Assists O/U DAL @ TOR,,Basketball,NBA
69ada20095fc0878f4c148b4,Betr Picks,parlay,SETTLED_LOSS,6,,,5,-5.00,03/08/2026 16:21:20 GMT,03/09/2026 02:42:08 GMT,2026-03-08T16:21:20.745Z,2026-03-09T02:42:08.335Z,Under 6.5 Aday Mara Rebounds MST vs. MICH | Under 1.5 LeBron James 3PT Made NY vs. LAL | Over 9.5 Tristan da Silva Points ORL vs. MIL,,Basketball,NCAAM | NBA
1510681014,PrizePicks,parlay,SETTLED_LOSS,6,,,5,-5.00,03/08/2026 16:17:01 GMT,03/08/2026 22:40:00 GMT,2026-03-08T16:17:01.664Z,2026-03-08T22:40:00.000Z,Under 8.5 Austin Reaves Rebs+Asts LAL vs. NYK | Over 2.5 Nathan Bastian Hits DAL vs. CHI | Over 6.5 Bukky Oboye Points SCU vs. PAC,,Basketball | Ice Hockey,NBA | NHL | NCAAM
1510663546,PrizePicks,parlay,SETTLED_WIN,6,,,5,25.00,03/08/2026 16:08:00 GMT,03/09/2026 04:11:00 GMT,2026-03-08T16:08:00.964Z,2026-03-09T04:11:00.000Z,Under 8.5 Jaxon Kohler Rebounds MSU vs. MICH | Under 15.5 Myles Turner Pts+Rebs+Asts MIL vs. ORL | Over 5.5 Pascal Siakam Rebounds IND vs. POR,,Basketball,NCAAM | NBA
cb053185-f71e-484e-91c9-2d26dccb4cf0,Underdog,parlay,SETTLED_LOSS,3.67,,,5,-5.00,03/08/2026 15:30:56 GMT,03/08/2026 20:00:00 GMT,2026-03-08T15:30:56.000Z,2026-03-08T20:00:00.000Z,Higher 2.5 Evan Mobley Assists O/U BOS @ CLE | Lower 4.5 Alvaro Folgueiras Rebounds O/U IOWA @ NEB,,Basketball,NBA | NCAAM
69ad95e5c3c08bed1776834b,Betr Picks,parlay,SETTLED_LOSS,6,,,5,-5.00,03/08/2026 15:29:41 GMT,03/09/2026 03:46:37 GMT,2026-03-08T15:29:41.175Z,2026-03-09T03:46:37.626Z,Over 7.5 Luka Dončić Rebounds NY vs. LAL | Over 8.5 Alperen Sengün Rebounds HOU vs. SA | Over 6.5 Josh Giddey Rebounds CHI vs. SAC,,Basketball,NBA
69ad9584c4d6533908f6cd54,Betr Picks,parlay,SETTLED_LOSS,6,,,5,-5.00,03/08/2026 15:28:04 GMT,03/09/2026 01:53:35 GMT,2026-03-08T15:28:04.662Z,2026-03-09T01:53:35.088Z,Under 0.5 Kel'el Ware Double Doubles DET vs. MIA | Under 1.5 Herbert Jones 3PT Made WAS vs. NO | Under 18.5 Payton Pritchard PTS+REB BOS vs. CLE,,Basketball,NBA
afc6ae27-2b4d-4e6e-9038-aec6d7a1789c,Underdog,parlay,SETTLED_VOID,3.5,,,5,0.00,03/08/2026 15:24:54 GMT,03/09/2026 03:00:00 GMT,2026-03-08T15:24:54.000Z,2026-03-09T03:00:00.000Z,Lower 8.5 Carson Cooper Points O/U MSU @ MICH | Higher 10.5 Kevin Porter Jr. Rebounds + Assists O/U ORL @ MIL,,Basketball,NCAAM | NBA
1510584632,PrizePicks,parlay,SETTLED_LOSS,6,,,5,-5.00,03/08/2026 15:19:44 GMT,03/09/2026 01:10:00 GMT,2026-03-08T15:19:44.008Z,2026-03-09T01:10:00.000Z,Over 2.5 Jarace Walker Assists IND vs. POR | Under 8.5 Tyler Herro Rebs+Asts MIA vs. DET | Under 20.5 Jalen Brunson FG Attempted NYK vs. LAL,,Basketball,NBA
1510579677,PrizePicks,parlay,SETTLED_WIN,6,,,5,25.00,03/08/2026 15:16:04 GMT,03/09/2026 04:11:00 GMT,2026-03-08T15:16:04.923Z,2026-03-09T04:11:00.000Z,Under 2.5 Max Christie Assists DAL vs. TOR | Under 4.5 Naji Marshall Rebounds DAL vs. TOR | Over 17.5 Jrue Holiday Points POR vs. IND,,Basketball,NBA
1510578046,PrizePicks,parlay,SETTLED_LOSS,6,,,5,-5.00,03/08/2026 15:14:53 GMT,03/09/2026 01:12:00 GMT,2026-03-08T15:14:53.471Z,2026-03-09T01:12:00.000Z,Under 4.5 Cooper Flagg Assists DAL vs. TOR | Under 0.5 Rui Hachimura Steals LAL vs. NYK | Under 0.5 Klay Thompson Steals DAL vs. TOR,,Basketball,NBA
1509623085,PrizePicks,parlay,SETTLED_LOSS,6,,,15,-15.00,03/07/2026 23:59:29 GMT,03/08/2026 02:59:29 GMT,2026-03-07T23:59:29.844Z,2026-03-08T02:59:29.844Z,Over 31.5 Max Holloway Significant Strikes Max Holloway vs. Charles Oliveira | Under 3.5 Tahaad Pettiford Rebounds AUB vs. ALA | Over 4.5 Olivier-Maxence Prosper Rebounds MEM vs. LAC,,other | Basketball,other | NCAAM | NBA
69acaf9e2394a0cd633e3d90,Betr Picks,parlay,SETTLED_LOSS,6,,,5,-5.00,03/07/2026 23:07:10 GMT,03/08/2026 04:35:09 GMT,2026-03-07T23:07:10.347Z,2026-03-08T04:35:09.227Z,Under 24.5 Dyson Daniels Pts+Rebs+Asst PHI vs. ATL | Over 8.5 Michael Porter Jr. AST+REB BKN vs. DET | Under 5.5 Draymond Green Rebounds GS vs. OKC,,Basketball,NBA
1509499191,PrizePicks,parlay,SETTLED_LOSS,6,,,10,0.00,03/07/2026 23:04:56 GMT,03/08/2026 02:04:56 GMT,2026-03-07T23:04:56.511Z,2026-03-08T02:04:56.511Z,Under 18.5 Quentin Grimes Pts+Asts PHI vs. ATL | Over 9 Ronald Holland Points DET vs. BKN | Over 4.5 Olivier-Maxence Prosper Rebounds MEM vs. LAC,,Basketball,NBA
69acaa2b2abf6f462f7b4056,Betr Picks,parlay,SETTLED_LOSS,6,,,5,-5.00,03/07/2026 22:43:55 GMT,03/08/2026 11:22:46 GMT,2026-03-07T22:43:55.632Z,2026-03-08T11:22:46.766Z,Over 8.5 Gui Santos AST+REB GS vs. OKC | Over 1.5 Ryan Rollins Steals UTA vs. MIL | Under 3.5 Quentin Grimes Assists PHI vs. ATL,,Basketball,NBA
1509352876,PrizePicks,parlay,SETTLED_LOSS,6,,,5,-5.00,03/07/2026 22:20:24 GMT,03/08/2026 03:08:00 GMT,2026-03-07T22:20:24.449Z,2026-03-08T03:08:00.000Z,Under 3.5 Mathieu Olivier Hits CBJ vs. UTA | Over 12.5 David Mirkovic Points ILL vs. MD | Over 1.5 Mike Matheson Blocked Shots MTL vs. LA,,Ice Hockey | Basketball,NHL | NCAAM
69ac973c0eb6b21148a11074,Betr Picks,parlay,SETTLED_LOSS,6,,,15,-15.00,03/07/2026 21:23:08 GMT,03/08/2026 11:22:18 GMT,2026-03-07T21:23:08.760Z,2026-03-08T11:22:18.023Z,Over 25.5 Keyonte George PTS+AST UTA vs. MIL | Over 10.5 Tyrese Maxey AST+REB PHI vs. ATL | Under 1.5 Mike Matheson Blocks MON vs. LA,,Basketball | Ice Hockey,NBA | NHL
69ac82f29d61cd5b0f146322,Betr Picks,parlay,SETTLED_LOSS,6,,,10,-10.00,03/07/2026 19:56:34 GMT,03/08/2026 05:51:21 GMT,2026-03-07T19:56:34.302Z,2026-03-08T05:51:21.811Z,Over 5.5 Gui Santos Rebounds GS vs. OKC | Over 5.5 Jalen Suggs Assists ORL vs. MIN | Over 40.5 Charles Oliveira Sig Strikes Oliveira vs Holloway,,Basketball | MMA,NBA | UFC
69ac80e455cbeae24922b825,Betr Picks,parlay,SETTLED_LOSS,6,,,5,-5.00,03/07/2026 19:47:48 GMT,03/08/2026 11:23:40 GMT,2026-03-07T19:47:48.853Z,2026-03-08T11:23:40.832Z,Over 3.5 Brandin Podziemski Assists GS vs. OKC | Under 2.5 Brook Lopez STL+BLK LAC vs. MEM | Over 9.5 Jared McCain Points GS vs. OKC,,Basketball,NBA
1508980491,PrizePicks,parlay,SETTLED_VOID,6,,,5,0.00,03/07/2026 19:45:55 GMT,03/08/2026 06:38:00 GMT,2026-03-07T19:45:55.780Z,2026-03-08T06:38:00.000Z,Over 11.5 LeJuan Watts Points TTU vs. BYU | Over 3.5 Aden Holloway Assists ALA vs. AUB | Under 3.5 Tahaad Pettiford Rebounds AUB vs. ALA,,Basketball,NCAAM
69ac7baf448a4201030a8aee,Betr Picks,parlay,SETTLED_WIN,6,,,15,75.00,03/07/2026 19:25:35 GMT,03/08/2026 11:22:38 GMT,2026-03-07T19:25:35.278Z,2026-03-08T11:22:38.678Z,Under 1.5 Isaiah Stewart Blocks BKN vs. DET | Over 25.5 Keyonte George PTS+AST UTA vs. MIL | Over 10.5 Onyeka Okongwu AST+REB PHI vs. ATL,,Basketball,NBA
20281b61-c9e2-4c45-8cc2-044e67e66c88,Underdog,parlay,SETTLED_WIN,3.5,,,5,12.50,03/07/2026 17:15:05 GMT,03/08/2026 02:30:00 GMT,2026-03-07T17:15:05.000Z,2026-03-08T02:30:00.000Z,Higher 17.5 Tyler Tanner Points O/U VAN @ TENN | Higher 6.5 Henri Veesaar Rebounds O/U UNC @ DUKE,,Basketball,NCAAM
1508551258,PrizePicks,round_robin_3,SETTLED_LOSS,3,,,5,-5.00,03/07/2026 17:02:18 GMT,03/07/2026 22:05:00 GMT,2026-03-07T17:02:18.632Z,2026-03-07T22:05:00.000Z,Under 10.5 Cason Wallace Points OKC vs. GSW | Under 26.5 Cade Cunningham Points DET vs. BKN | Over 0.5 Devin McGlockton 3-PT Made VAN vs. TENN,,Basketball,NBA | NCAAM
69ac56442358ae62eea0fb73,Betr Picks,parlay,SETTLED_WIN,6,,,10,20.00,03/07/2026 16:45:56 GMT,03/08/2026 04:35:12 GMT,2026-03-07T16:45:56.067Z,2026-03-08T04:35:12.250Z,Over 24.5 Chet Holmgren PTS+REB GS vs. OKC | Under 4.5 Ron Holland II Rebounds BKN vs. DET | Over 9.5 Nicolas Claxton AST+REB BKN vs. DET,,Basketball,NBA
c8e6f5d1-47a7-4898-9599-ac53755ca7ac,Underdog,parlay,SETTLED_LOSS,3.5,,,5,-5.00,03/07/2026 16:27:13 GMT,03/07/2026 22:00:00 GMT,2026-03-07T16:27:13.000Z,2026-03-07T22:00:00.000Z,Higher 12.5 Filip Borovicanin Points O/U XAV @ VILL | Lower 20.5 Ryan Conwell Points O/U LOU @ MIA,,Basketball,NCAAM
69eb7d2c-91d7-41d6-a6eb-6cd8eb90ae1d,Underdog,parlay,SETTLED_WIN,3.64,,,5,13.20,03/07/2026 16:26:43 GMT,03/08/2026 02:00:00 GMT,2026-03-07T16:26:43.000Z,2026-03-08T02:00:00.000Z,Higher 12.5 Malik Messina-Moore Points O/U XAV @ VILL | Lower 1.5 Corey Kispert Assists O/U PHI @ ATL,,Basketball,NCAAM | NBA
5ee5fc0b-bf10-4f4f-a2e4-80452947ec37,Underdog,parlay,SETTLED_VOID,3.64,,,1,0.00,03/07/2026 16:26:09 GMT,03/07/2026 20:00:00 GMT,2026-03-07T16:26:09.000Z,2026-03-07T20:00:00.000Z,Higher 12.5 Malik Messina-Moore Points O/U XAV @ VILL | Lower 1.5 Corey Kispert Assists O/U PHI @ ATL,,Basketball,NCAAM | NBA
49182dff-efcd-43a9-95d9-0b0aec1a5055,Underdog,parlay,SETTLED_LOSS,3.5,,,5,-5.00,03/07/2026 16:24:23 GMT,03/08/2026 04:00:00 GMT,2026-03-07T16:24:23.000Z,2026-03-08T04:00:00.000Z,Higher 18.5 Mark Mitchell Points O/U ARK @ MIZZ | Higher 5.5 Keyonte George Assists O/U UTA @ MIL,,Basketball,NCAAM | NBA
1508483046,PrizePicks,round_robin_3,SETTLED_LOSS,3,,,5,-5.00,03/07/2026 16:19:50 GMT,03/07/2026 21:10:00 GMT,2026-03-07T16:19:50.251Z,2026-03-07T21:10:00.000Z,Under 19.5 GG Jackson Pts+Rebs MEM vs. LAC | Under 10.5 Cason Wallace Points OKC vs. GSW | Under 7.5 Justin Edwards Points PHI vs. ATL,,Basketball,NBA
1508477060,PrizePicks,parlay,SETTLED_LOSS,6,,,5,-5.00,03/07/2026 16:15:20 GMT,03/08/2026 04:10:00 GMT,2026-03-07T16:15:20.552Z,2026-03-08T04:10:00.000Z,Over 10.5 AJ Green Pts+Asts MIL vs. UTA | Over 1.5 Lamar Wilkerson Assists IND vs. OSU | Over 3.5 Aden Holloway Assists ALA vs. AUB,,Basketball,NBA | NCAAM
69ab81fc522d0098dc203d3a,Betr Picks,parlay,SETTLED_LOSS,6,,,10,-10.00,03/07/2026 01:40:12 GMT,03/07/2026 06:26:11 GMT,2026-03-07T01:40:12.474Z,2026-03-07T06:26:11.360Z,Over 48.5 Luka Dončić Pts+Rebs+Asst IND vs. LAL | Over 3.5 Aaron Gordon Rebounds NY vs. DEN | Under 12.5 Nikola Jokić Rebounds NY vs. DEN,,Basketball,NBA
69ab8058118d508b7291895b,Betr Picks,parlay,SETTLED_LOSS,23,,,5,-5.00,03/07/2026 01:33:12 GMT,03/07/2026 06:25:56 GMT,2026-03-07T01:33:12.148Z,2026-03-07T06:25:56.228Z,Over 19.5 Saddiq Bey PTS+AST NO vs. PHO | Over 1.5 Rui Hachimura 3PT Made IND vs. LAL | Over 36.5 Jalen Brunson Pts+Rebs+Asst NY vs. DEN | Over 5.5 Dejounte Murray Assists NO vs. PHO | Over 13.5 Collin Gillespie Points NO vs. PHO,,Basketball,NBA
69ab780e2394a0cd633e28b2,Betr Picks,parlay,SETTLED_LOSS,10,,,10,-10.00,03/07/2026 00:57:50 GMT,03/07/2026 06:26:30 GMT,2026-03-07T00:57:50.483Z,2026-03-07T06:26:30.156Z,Over 48.5 Luka Dončić Pts+Rebs+Asst IND vs. LAL | Over 6.5 Tari Eason Rebounds POR vs. HOU | Under 12.5 Amen Thompson AST+REB POR vs. HOU | Over 8.5 Landry Shamet Points NY vs. DEN,,Basketball,NBA
Lyp7N7r,DK Pick6,round_robin_4,SETTLED_LOSS,10,,,10,-10.00,03/07/2026 00:00:00 GMT,03/07/2026 03:10:34 GMT,2026-03-07T00:00:00.000Z,2026-03-07T03:10:34.000Z,Over 1.5 Jaylen Brown 3-Pointers Made Dallas Mavericks vs. Boston Celtics | Under 3.5 Kon Knueppel 3-Pointers Made Miami Heat vs. Charlotte Hornets | Over 6.5 Jalen Brunson Assists New York Knicks vs. Denver Nuggets | Over 10.5 Jayson Tatum Points Dallas Mavericks vs. Boston Celtics,,Basketball,NBA
5r4w4YG,DK Pick6,round_robin_3,SETTLED_LOSS,6,,,5,-5.00,03/07/2026 00:00:00 GMT,03/07/2026 03:10:34 GMT,2026-03-07T00:00:00.000Z,2026-03-07T03:10:34.000Z,Under 19.5 Moussa Diabate Points + Rebounds Miami Heat vs. Charlotte Hornets | Under 11.5 Nikola Vucevic Points Dallas Mavericks vs. Boston Celtics | Under 25.5 LaMelo Ball Points + Rebounds Miami Heat vs. Charlotte Hornets,,Basketball,NBA
VnpgGQK,DK Pick6,round_robin_3,SETTLED_LOSS,6,,,10,-10.00,03/07/2026 00:00:00 GMT,03/07/2026 05:10:39 GMT,2026-03-07T00:00:00.000Z,2026-03-07T05:10:39.000Z,Over 9.5 Nikola Jokic Assists New York Knicks vs. Denver Nuggets | Over 7.5 Reed Sheppard Assists + Rebounds Portland Trail Blazers vs. Houston Rockets | Over 29.5 Luka Doncic Points Indiana Pacers vs. Los Angeles Lakers,,Basketball,NBA
1507317295,PrizePicks,round_robin_6,SETTLED_LOSS,35,,,5,-5.00,03/06/2026 23:45:07 GMT,03/07/2026 03:14:00 GMT,2026-03-06T23:45:07.847Z,2026-03-07T03:14:00.000Z,Under 27.5 Kevin Durant Points HOU vs. POR | Over 4.5 Jaylen Brown Free Throws Made BOS vs. DAL | Over 4.5 Kris Dunn Assists LAC vs. SAS | Under 3.5 Trey Murphy Assists NOP vs. PHX | Over 3.5 Dylan Harper Assists SAS vs. LAC | Under 4.5 Jayson Tatum Rebounds BOS vs. DAL,,Basketball,NBA
1506952102,PrizePicks,parlay,SETTLED_LOSS,6,,,5,-5.00,03/06/2026 20:51:00 GMT,03/07/2026 20:30:00 GMT,2026-03-06T20:51:00.531Z,2026-03-07T20:30:00.000Z,Under 21.5 Scoot Henderson Pts+Rebs+Asts POR vs. HOU | Under 15.5 Aaron Gordon Pts+Rebs DEN vs. NYK | Under 5.5 Alex Karaban Rebounds CONN vs. MARQ,,Basketball,NBA | NCAAM
1506732035,PrizePicks,parlay,SETTLED_LOSS,6,,,5,-5.00,03/06/2026 18:25:42 GMT,03/07/2026 06:41:00 GMT,2026-03-06T18:25:42.873Z,2026-03-07T06:41:00.000Z,Over 5.5 Jaxson Hayes Rebounds LAL vs. IND | Under 5.5 Austin Reaves Assists LAL vs. IND | Over 9.5 Dejounte Murray Rebs+Asts NOP vs. PHX,,Basketball,NBA
69ab12eb7053f6eb57f15c23,Betr Picks,parlay,SETTLED_LOSS,6,,,10,-10.00,03/06/2026 17:46:19 GMT,03/07/2026 03:59:31 GMT,2026-03-06T17:46:19.985Z,2026-03-07T03:59:31.356Z,Over 23.5 Kevin Durant Points POR vs. HOU | Over 13.5 Donovan Clingan AST+REB POR vs. HOU | Over 9.5 Derrick White AST+REB DAL vs. BOS,,Basketball,NBA
69ab0d98c59be39c25b7950f,Betr Picks,parlay,SETTLED_LOSS,6,,,5,-5.00,03/06/2026 17:23:36 GMT,03/07/2026 05:03:32 GMT,2026-03-06T17:23:36.822Z,2026-03-07T05:03:32.719Z,Over 8.5 Kel'el Ware Rebounds MIA vs. CHA | Under 18.5 Jerami Grant Points POR vs. HOU | Under 7.5 Josh Hart Rebounds NY vs. DEN,,Basketball,NBA
1506631069,PrizePicks,parlay,SETTLED_CASH_OUT,6,,,5,0.16,03/06/2026 17:05:12 GMT,03/07/2026 05:42:00 GMT,2026-03-06T17:05:12.386Z,2026-03-07T05:42:00.000Z,Over 4.5 Cooper Flagg Rebounds DAL vs. BOS | Under 8.5 Clint Capela Pts+Rebs+Asts HOU vs. POR | Over 3.5 Dylan Harper Assists SAS vs. LAC,,Basketball,NBA
69aaf307118d508b72917f1e,Betr Picks,parlay,SETTLED_LOSS,6,,,5,-5.00,03/06/2026 15:30:15 GMT,03/07/2026 06:31:27 GMT,2026-03-06T15:30:15.685Z,2026-03-07T06:31:27.539Z,Over 5.5 Nikola Vučević Rebounds DAL vs. BOS | Over 3.5 Devin Vassell Rebounds LAC vs. SA | Under 9.5 Andrew Nembhard AST+REB IND vs. LAL,,Basketball,NBA
69aaeffa33f58441b1e498bf,Betr Picks,parlay,SETTLED_LOSS,7,,,5,-5.00,03/06/2026 15:17:14 GMT,03/07/2026 06:31:49 GMT,2026-03-06T15:17:14.824Z,2026-03-07T06:31:49.146Z,Over 3.5 Kawhi Leonard Assists LAC vs. SA | Under 5.5 Kevin Durant Rebounds POR vs. HOU | Under 9.5 Andrew Nembhard AST+REB IND vs. LAL,,Basketball,NBA
69aaefe67aeaaa983572af0f,Betr Picks,parlay,SETTLED_LOSS,6,,,10,-10.00,03/06/2026 15:16:54 GMT,03/07/2026 05:36:44 GMT,2026-03-06T15:16:54.170Z,2026-03-07T05:36:44.180Z,Over 3.5 Kawhi Leonard Assists LAC vs. SA | Over 30.5 Jalen Brunson PTS+AST NY vs. DEN | Over 3.5 Jeremiah Fears Assists NO vs. PHO,,Basketball,NBA
1506532376,PrizePicks,parlay,SETTLED_VOID,6,,,5,0.00,03/06/2026 14:55:43 GMT,03/07/2026 06:41:00 GMT,2026-03-06T14:55:43.914Z,2026-03-07T06:41:00.000Z,Over 3.5 Kawhi Leonard Assists LAC vs. SAS | Over 5.5 Marcus Smart Rebs+Asts LAL vs. IND | Under 8.5 Daniel Gafford Points DAL vs. BOS,,Basketball,NBA
69aadb2e33f58441b1e496a2,Betr Picks,parlay,SETTLED_LOSS,6,,,5,-5.00,03/06/2026 13:48:30 GMT,03/07/2026 05:13:47 GMT,2026-03-06T13:48:30.570Z,2026-03-07T05:13:47.805Z,Over 16.5 Saddiq Bey Points NO vs. PHO | Under 2.5 Sam Reinhart Shots on goal FLA vs. DET | Under 31.5 Bam Adebayo Pts+Rebs+Asst MIA vs. CHA,,Basketball | Ice Hockey,NBA | NHL
1506484439,PrizePicks,parlay,SETTLED_LOSS,6,,,5,-5.00,03/06/2026 13:33:16 GMT,03/07/2026 00:00:00 GMT,2026-03-06T13:33:16.449Z,2026-03-07T00:00:00.000Z,Under 26.5 Derrick White Pts+Rebs+Asts BOS vs. DAL | Under 10.5 DARKWINGS MAPS 1-3 Kills SEN vs. FUR MAPS 1-3 | Under 1.5 Alex Newhook Shots On Goal MTL vs. ANA,,Basketball | other | Ice Hockey,NBA | other | NHL
1505893409,PrizePicks,parlay,SETTLED_LOSS,6,,,5,-5.00,03/06/2026 00:55:38 GMT,03/06/2026 05:00:00 GMT,2026-03-06T00:55:38.097Z,2026-03-06T05:00:00.000Z,Over 5.5 Devin Booker Assists PHX vs. CHI | Over 7.5 Austin Reaves Rebs+Asts LAL vs. DEN | Under 17.5 Wes Enis Points USF vs. MEM,,Basketball,NBA | NCAAM
69aa1e69e5b5fc06d25a9337,Betr Picks,parlay,SETTLED_LOSS,23,,,5,-5.00,03/06/2026 00:23:05 GMT,03/06/2026 06:00:06 GMT,2026-03-06T00:23:05.955Z,2026-03-06T06:00:06.296Z,Over 19.5 Bam Adebayo Points BKN vs. MIA | Over 21.5 Michael Porter Jr. Points BKN vs. MIA | Over 13.5 Devin Vassell Points DET vs. SA | Over 14.5 Maxime Raynaud Points NO vs. SAC | Over 22.5 Trey Murphy III Points NO vs. SAC,,Basketball,NBA
69aa1bbde1c07765e6fa2bda,Betr Picks,parlay,SETTLED_LOSS,6,,,5,-5.00,03/06/2026 00:11:41 GMT,03/06/2026 06:08:08 GMT,2026-03-06T00:11:41.086Z,2026-03-06T06:08:08.119Z,Over 2.5 Donte DiVincenzo 3PT Made TOR vs. MIN | Over 7.5 Luke Kennard Points LAL vs. DEN | Over 4.5 Scottie Barnes Assists TOR vs. MIN,,Basketball,NBA
1335437443184214016,Sleeper,parlay,SETTLED_LOSS,5.865,,,10,-10.00,03/06/2026 00:06:46 GMT,03/06/2026 03:06:46 GMT,2026-03-06T00:06:46.985Z,2026-03-06T03:06:46.985Z,O 2.5 Bam Adebayo Assists BKN @ MIA | O 2.5 Victor Wembanyama Assists DET @ SAS | O 3.5 Donte DiVincenzo Assists TOR @ MIN,,Basketball,NBA
1335435769564655616,Sleeper,parlay,SETTLED_LOSS,5.865,,,10,-10.00,03/06/2026 00:00:07 GMT,03/06/2026 03:00:07 GMT,2026-03-06T00:00:07.963Z,2026-03-06T03:00:07.963Z,U 2.5 Brayden Point Shots TB @ WPG | O 1.5 Morgan Rielly Shots TOR @ NYR | O 1.5 Josh Doan Shots BUF @ PIT,,other | Ice Hockey,other | NHL
7M4RBzy,DK Pick6,round_robin_3,SETTLED_LOSS,6,,,5,-5.00,03/06/2026 00:00:00 GMT,03/06/2026 03:43:03 GMT,2026-03-06T00:00:00.000Z,2026-03-06T03:43:03.000Z,Over 1.5 Tari Eason 3-Pointers Made Golden State Warriors vs. Houston Rockets | Over 7.5 Jakob Poeltl Rebounds Toronto Raptors vs. Minnesota Timberwolves | Over 2.5 Reed Sheppard Rebounds Golden State Warriors vs. Houston Rockets,,Basketball,NBA
4g4RzZV,DK Pick6,round_robin_3,SETTLED_LOSS,7.8,,,10,-10.00,03/06/2026 00:00:00 GMT,03/06/2026 06:10:14 GMT,2026-03-06T00:00:00.000Z,2026-03-06T06:10:14.000Z,Under 14.5 Trae Young Points Utah Jazz vs. Washington Wizards | Under 5.5 Cooper Flagg Rebounds Dallas Mavericks vs. Orlando Magic | Over 14.5 Maxime Raynaud Points New Orleans Pelicans vs. Sacramento Kings,,Basketball,NBA
69aa179a7347ddfe9e66cb4e,Betr Picks,parlay,SETTLED_LOSS,6,,,5,-5.00,03/05/2026 23:54:02 GMT,03/06/2026 05:54:59 GMT,2026-03-05T23:54:02.916Z,2026-03-06T05:54:59.686Z,Under 10.5 Herbert Jones Points NO vs. SAC | Over 12.5 Jeremiah Fears Points NO vs. SAC | Over 9.5 Al Horford Points GS vs. HOU,,Basketball,NBA
69aa164b10cd1a3f48099777,Betr Picks,parlay,SETTLED_LOSS,6,,,5,-5.00,03/05/2026 23:48:27 GMT,03/06/2026 05:54:24 GMT,2026-03-05T23:48:27.404Z,2026-03-06T05:54:24.803Z,Over 7.5 Alperen Sengün FG Made GS vs. HOU | Over 1.5 Nicolas Claxton STL+BLK BKN vs. MIA | Over 0.5 Artemi Panarin Assists NYI vs. LA,,Basketball | Ice Hockey,NBA | NHL
1505599881,PrizePicks,parlay,SETTLED_LOSS,6,,,10,-10.00,03/05/2026 22:58:26 GMT,03/06/2026 04:11:00 GMT,2026-03-05T22:58:26.301Z,2026-03-06T04:11:00.000Z,Over 22.5 Nikola Jokić Points DEN vs. LAL | Under 16.5 De'Aaron Fox Points SAS vs. DET | Over 5.5 Immanuel Quickley Assists TOR vs. MIN,,Basketball,NBA
69aa03666f115cc1a506c9b4,Betr Picks,parlay,SETTLED_LOSS,10,,,7.5,0.00,03/05/2026 22:27:50 GMT,03/06/2026 06:08:23 GMT,2026-03-05T22:27:50.204Z,2026-03-06T06:08:23.256Z,Over 12.5 Jalen Duren AST+REB DET vs. SA | Over 15.5 Luka Dončić AST+REB LAL vs. DEN | Under 10.5 Devin Booker AST+REB CHI vs. PHO | Over 8.5 Trey Murphy III AST+REB NO vs. SAC,,Basketball,NBA
69a9fc1704ece997583c2ee1,Betr Picks,parlay,SETTLED_LOSS,6,,,10,0.00,03/05/2026 21:56:39 GMT,03/06/2026 06:08:52 GMT,2026-03-05T21:56:39.483Z,2026-03-06T06:08:52.916Z,Under 13.5 Tobias Harris Points DET vs. SA | Over 41.5 Nikola Jokić PTS+REB LAL vs. DEN | Over 3.5 Russell Westbrook Rebounds NO vs. SAC,,Basketball,NBA
1505333869,PrizePicks,parlay,SETTLED_VOID,6,,,10,0.00,03/05/2026 19:47:57 GMT,03/06/2026 06:12:00 GMT,2026-03-05T19:47:57.318Z,2026-03-06T06:12:00.000Z,Over 5.5 Austin Reaves 3-PT Attempted LAL vs. DEN | Over 0.5 Jalen Duren Blocked Shots DET vs. SAS | Over 22.5 Nikola Jokić Points DEN vs. LAL,,Basketball,NBA
1505270624,PrizePicks,parlay,SETTLED_LOSS,6,,,15,-15.00,03/05/2026 19:03:40 GMT,03/06/2026 04:13:00 GMT,2026-03-05T19:03:40.145Z,2026-03-06T04:13:00.000Z,Over 22.5 Nikola Jokić Points DEN vs. LAL | Over 5.5 RJ Barrett Rebounds TOR vs. MIN | Over 8.5 Anthony Edwards Rebs+Asts MIN vs. TOR,,Basketball,NBA
69a9d0201c07dddaf9ad1d4c,Betr Picks,parlay,SETTLED_LOSS,6,,,10,0.00,03/05/2026 18:49:04 GMT,03/06/2026 04:11:47 GMT,2026-03-05T18:49:04.167Z,2026-03-06T04:11:47.735Z,Under 14.5 Devin Vassell Points DET vs. SA | Over 25.5 Jalen Duren PTS+REB DET vs. SA | Under 19.5 Al Horford Pts+Rebs+Asst GS vs. HOU,,Basketball,NBA
69a9cf378baa2dc76db57e76,Betr Picks,parlay,SETTLED_WIN,7,,,10,60.00,03/05/2026 18:45:11 GMT,03/06/2026 04:11:03 GMT,2026-03-05T18:45:11.402Z,2026-03-06T04:11:03.294Z,Under 9.5 De'Aaron Fox AST+REB DET vs. SA | Over 1.5 Will Riley 3PT Made UTA vs. WAS | Over 22.5 Kevin Durant Points GS vs. HOU,,Basketball,NBA
1505126747,PrizePicks,parlay,SETTLED_LOSS,6,,,5,-5.00,03/05/2026 16:48:59 GMT,03/06/2026 03:12:00 GMT,2026-03-05T16:48:59.306Z,2026-03-06T03:12:00.000Z,Over 13.5 Naz Reid Pts+Asts MIN vs. TOR | Under 7.5 Daniel Gafford Rebs+Asts DAL vs. ORL | Over 7.5 Deandre Ayton Rebs+Asts LAL vs. DEN,,Basketball,NBA
1505062092,PrizePicks,parlay,SETTLED_LOSS,6,,,5,-5.00,03/05/2026 15:17:31 GMT,03/06/2026 03:40:00 GMT,2026-03-05T15:17:31.140Z,2026-03-06T03:40:00.000Z,Over 8.5 Tari Eason Rebs+Asts HOU vs. GSW | Under 13.5 Nikola Jokić Rebounds DEN vs. LAL | Over 3.5 Anthony Edwards Assists MIN vs. TOR,,Basketball,NBA
69a99e10e26e605367361968,Betr Picks,parlay,SETTLED_LOSS,10,,,5,-5.00,03/05/2026 15:15:28 GMT,03/06/2026 05:08:55 GMT,2026-03-05T15:15:28.360Z,2026-03-06T05:08:55.287Z,Over 10.5 Jalen Duren Rebounds DET vs. SA | Over 2.5 Scottie Barnes STL+BLK TOR vs. MIN | Over 3.5 Grayson Allen Assists CHI vs. PHO | Over 9.5 Dylan Harper Points DET vs. SA,,Basketball,NBA
69a995271c07dddaf9ad197d,Betr Picks,parlay,SETTLED_LOSS,6,,,5,-5.00,03/05/2026 14:37:27 GMT,03/06/2026 06:08:10 GMT,2026-03-05T14:37:27.380Z,2026-03-06T06:08:10.460Z,Over 12.5 Tim Hardaway Jr. Points LAL vs. DEN | Under 13.5 P.J. Washington Points DAL vs. ORL | Under 8.5 Sandro Mamukelashvili Points TOR vs. MIN,,Basketball,NBA
1504718911,PrizePicks,parlay,SETTLED_LOSS,6,,,5,-5.00,03/05/2026 03:29:08 GMT,03/05/2026 06:40:00 GMT,2026-03-05T03:29:08.190Z,2026-03-05T06:40:00.000Z,Under 1.5 Aaron Nesmith Assists IND vs. LAC | Over 5.5 Ben Sheppard Points IND vs. LAC | Under 8.5 Bennedict Mathurin Rebs+Asts LAC vs. IND,,Basketball,NBA
b646ccc8-9fe1-434b-ae31-d434a49f6d1b,Underdog,parlay,SETTLED_LOSS,5.64,,,5,-5.00,03/05/2026 03:19:56 GMT,03/05/2026 06:30:00 GMT,2026-03-05T03:19:56.000Z,2026-03-05T06:30:00.000Z,Higher 1.5 Andrew Nembhard 3-Pointers Made O/U IND @ LAC | Higher 5.5 Jarace Walker Rebounds O/U IND @ LAC | Higher 5.5 Yanic Konan Niederhauser Rebounds O/U IND @ LAC,,Basketball,NBA
69a8e9da0121c2283109b34a,Betr Picks,parlay,SETTLED_LOSS,3,,,10,-10.00,03/05/2026 02:26:34 GMT,03/05/2026 06:36:33 GMT,2026-03-05T02:26:34.124Z,2026-03-05T06:36:33.460Z,Over 33.5 Giannis Antetokounmpo PTS+REB ATL vs. MIL | Under 9.5 Jordan Miller Points IND vs. LAC,,Basketball,NBA
8138d14c-9f21-4712-850f-b42ffd9e4a2c,Underdog,parlay,SETTLED_LOSS,6.5,,,10,-10.00,03/05/2026 01:17:04 GMT,03/05/2026 05:30:00 GMT,2026-03-05T01:17:04.000Z,2026-03-05T05:30:00.000Z,Higher 8.5 Ousmane Dieng Points O/U ATL @ MIL | Lower 6.5 Dyson Daniels Rebounds O/U ATL @ MIL | Lower 3.5 Zaccharie Risacher Rebounds O/U ATL @ MIL,,Basketball,NBA
69a8d010ef218f15642e3085,Betr Picks,parlay,SETTLED_LOSS,6,,,10,-10.00,03/05/2026 00:36:32 GMT,03/05/2026 03:29:46 GMT,2026-03-05T00:36:32.684Z,2026-03-05T03:29:46.768Z,Over 20.5 Trendon Watford Pts+Rebs+Asst UTA vs. PHI | Over 10.5 Nikola Vučević Points CHA vs. BOS | Over 21.5 Brandon Miller PTS+REB CHA vs. BOS,,Basketball,NBA
1a676206-ddd4-4243-a7d7-0de3906e5eb8,Underdog,parlay,SETTLED_LOSS,5.56,,,5,-5.00,03/05/2026 00:27:12 GMT,03/05/2026 04:00:00 GMT,2026-03-05T00:27:12.000Z,2026-03-05T04:00:00.000Z,Higher 13.5 Olivier-Maxence Prosper Points O/U POR @ MEM | Higher 26.5 GG Jackson Pts + Rebs + Asts O/U POR @ MEM | Lower 8.5 Toumani Camara Rebounds + Assists O/U POR @ MEM,,Basketball,NBA
1504399632,PrizePicks,round_robin_3,SETTLED_LOSS,3,,,5,-5.00,03/05/2026 00:17:13 GMT,03/05/2026 04:12:00 GMT,2026-03-05T00:17:13.406Z,2026-03-05T04:12:00.000Z,Under 20 Kon Knueppel Pts+Asts CHA vs. BOS | Over 5.5 Scoot Henderson Assists POR vs. MEM | Over 18.5 Kawhi Leonard FG Attempted LAC vs. IND,,Basketball,NBA
69a8c9070d3d71eec3efeb69,Betr Picks,parlay,SETTLED_LOSS,3,,,10,-10.00,03/05/2026 00:06:31 GMT,03/05/2026 05:44:48 GMT,2026-03-05T00:06:31.063Z,2026-03-05T05:44:48.468Z,Over 27.5 Shai Gilgeous-Alexander Points OKC vs. NY | Under 14.5 Onyeka Okongwu Points ATL vs. MIL,,Basketball,NBA
WnW7N9P,DK Pick6,round_robin_3,SETTLED_LOSS,6,,,5,-5.00,03/05/2026 00:00:00 GMT,03/05/2026 04:00:00 GMT,2026-03-05T00:00:00.000Z,2026-03-05T04:00:00.000Z,Under 2.5 Jrue Holiday 3-Pointers Made Portland Trail Blazers vs. Memphis Grizzlies | Over 2.5 Kyle Filipowski Assists Utah Jazz vs. Philadelphia 76ers | Under 6.5 Walter Clayton Jr. Assists Portland Trail Blazers vs. Memphis Grizzlies,,Basketball,NBA
zLYNwGQ,DK Pick6,round_robin_3,SETTLED_LOSS,5.982,,,5,-5.00,03/05/2026 00:00:00 GMT,03/05/2026 03:30:00 GMT,2026-03-05T00:00:00.000Z,2026-03-05T03:30:00.000Z,Over 3.5 Nickeil Alexander-Walker Assists Atlanta Hawks vs. Milwaukee Bucks | Over 2.5 Kon Knueppel Assists Charlotte Hornets vs. Boston Celtics | Over 2.5 Miles Bridges Assists Charlotte Hornets vs. Boston Celtics,,Basketball,NBA
mjDBdrd,DK Pick6,round_robin_3,SETTLED_LOSS,6,,,5,-5.00,03/05/2026 00:00:00 GMT,03/05/2026 03:00:00 GMT,2026-03-05T00:00:00.000Z,2026-03-05T03:00:00.000Z,Over 5.5 Bennedict Mathurin Rebounds Indiana Pacers vs. Los Angeles Clippers | Under 5.5 Jrue Holiday Assists Portland Trail Blazers vs. Memphis Grizzlies | Under 6.5 Shai Gilgeous-Alexander Assists Oklahoma City Thunder vs. New York Knicks,,Basketball,NBA
1335037554918985728,Sleeper,parlay,SETTLED_LOSS,5.36,,,10,-10.00,03/04/2026 21:37:46 GMT,03/05/2026 00:37:46 GMT,2026-03-04T21:37:46.193Z,2026-03-05T00:37:46.193Z,O 0.5 Jalen Brunson Points OKC @ NYK | O 5.5 GG Jackson Rebounds POR @ MEM | U 12.5 Josh Hart Rebounds & Assists OKC @ NYK,,Basketball,NBA
69a88ffd56db8653054dbb7c,Betr Picks,parlay,SETTLED_LOSS,6,,,10,-10.00,03/04/2026 20:03:09 GMT,03/05/2026 04:03:33 GMT,2026-03-04T20:03:09.736Z,2026-03-05T04:03:33.389Z,Under 8.5 Quentin Grimes AST+REB UTA vs. PHI | Under 5.5 Cam Spencer Assists POR vs. MEM | Over 21.5 Brandon Miller PTS+REB CHA vs. BOS,,Basketball,NBA
69a8788014e6e2c922b02909,Betr Picks,parlay,SETTLED_LOSS,6,,,10,-10.00,03/04/2026 18:22:56 GMT,03/05/2026 03:29:34 GMT,2026-03-04T18:22:56.672Z,2026-03-05T03:29:34.243Z,Over 21.5 Brandon Miller PTS+REB CHA vs. BOS | Over 3.5 Tyrese Maxey Rebounds UTA vs. PHI | Over 7.5 Isaiah Hartenstein Rebounds OKC vs. NY,,Basketball,NBA
1503850343,PrizePicks,parlay,SETTLED_LOSS,6,,,5,-5.00,03/04/2026 18:03:15 GMT,03/05/2026 03:40:00 GMT,2026-03-04T18:03:15.909Z,2026-03-05T03:40:00.000Z,Under 12.5 Coby White Points CHA vs. BOS | Under 4.5 Baylor Scheierman Rebounds BOS vs. CHA | Over 5.5 Keyonte George 3-PT Attempted UTA vs. PHI,,Basketball,NBA
49cfe1d4-5bb5-48e1-8004-53e95a8ecf64,Underdog,parlay,SETTLED_LOSS,6.5,,,6.25,-6.25,03/04/2026 15:58:14 GMT,03/05/2026 03:30:00 GMT,2026-03-04T15:58:14.000Z,2026-03-05T03:30:00.000Z,Lower 2.5 Quentin Grimes 3-Pointers Made O/U UTA @ PHI | Higher 7.5 Kon Knueppel Rebounds + Assists O/U CHA @ BOS | Higher 1.5 Jaylen Wells 3-Pointers Made O/U POR @ MEM,,Basketball,NBA
1503059869,PrizePicks,parlay,SETTLED_VOID,2.3,,,15,0.00,03/04/2026 01:09:29 GMT,03/04/2026 04:14:00 GMT,2026-03-04T01:09:29.797Z,2026-03-04T04:14:00.000Z,Over 21.5 Anthony Edwards Points MIN vs. MEM | Over 14.5 VJ Edgecombe Points PHI vs. SAS,,Basketball,NBA
1502984600,PrizePicks,parlay,SETTLED_LOSS,3,,,25,-25.00,03/04/2026 00:36:48 GMT,03/04/2026 05:00:00 GMT,2026-03-04T00:36:48.564Z,2026-03-04T05:00:00.000Z,Under 13.5 Jizzle James Points CIN vs. BYU | Over 14.5 Zion Williamson Points NOP vs. LAL,,Basketball,NCAAM | NBA
69a77a6b107427bd95aa9eb7,Betr Picks,parlay,SETTLED_LOSS,6,,,10,-10.00,03/04/2026 00:18:51 GMT,03/04/2026 05:31:24 GMT,2026-03-04T00:18:51.307Z,2026-03-04T05:31:24.508Z,Over 33.5 Tyrese Maxey PTS+AST SA vs. PHI | Over 0.5 Chet Holmgren Double Doubles OKC vs. CHI | Under 12.5 KeShawn Murphy Points LSU vs. AUBRN,,Basketball,NBA | NCAAM
xz5YwV5,DK Pick6,round_robin_4,SETTLED_LOSS,10,,,10,-10.00,03/04/2026 00:00:00 GMT,03/04/2026 04:10:29 GMT,2026-03-04T00:00:00.000Z,2026-03-04T04:10:29.000Z,Over 17.5 Victor Wembanyama Points San Antonio Spurs vs. Philadelphia 76ers | Over 5.5 Devin Vassell Assists + Rebounds San Antonio Spurs vs. Philadelphia 76ers | Over 4.5 Anthony Edwards Rebounds Memphis Grizzlies vs. Minnesota Timberwolves | Under 15.5 Cason Wallace Points Oklahoma City Thunder vs. Chicago Bulls,,Basketball,NBA
Zzr9nY7,DK Pick6,round_robin_3,SETTLED_LOSS,5.934,,,10,-10.00,03/04/2026 00:00:00 GMT,03/04/2026 03:11:18 GMT,2026-03-04T00:00:00.000Z,2026-03-04T03:11:18.000Z,Under 24.5 Cason Wallace Pts + Rebs + Asts Oklahoma City Thunder vs. Chicago Bulls | Over 18.5 Cade Cunningham Points Detroit Pistons vs. Cleveland Cavaliers | Under 30.5 Josh Giddey Pts + Rebs + Asts Oklahoma City Thunder vs. Chicago Bulls,,Basketball,NBA
KQpn4yG,DK Pick6,round_robin_2,SETTLED_WIN,3,,,10,20.00,03/04/2026 00:00:00 GMT,03/04/2026 06:41:02 GMT,2026-03-04T00:00:00.000Z,2026-03-04T06:41:02.000Z,Under 5.5 Cason Wallace Assists Oklahoma City Thunder vs. Chicago Bulls | Over 23.5 Luka Doncic Points New Orleans Pelicans vs. Los Angeles Lakers,,Basketball,NBA
1502828633,PrizePicks,parlay,SETTLED_WIN,6,,,10,50.00,03/03/2026 23:44:51 GMT,03/04/2026 06:22:15 GMT,2026-03-03T23:44:51.945Z,2026-03-04T06:22:15.927Z,Over 19.5 Sergei Bobrovsky Goalie Saves FLA vs. NJ | Under 20.5 Christian Anderson Points TTU vs. TCU | Under 3.5 Donovan Dent Rebounds UCLA vs. NEB,,Ice Hockey | Basketball,NHL | NCAAM
7b5039e0-8b79-43ba-82a1-68bb5d8e3452,Underdog,parlay,SETTLED_LOSS,5.9,,,10,-10.00,03/03/2026 23:43:39 GMT,03/04/2026 03:00:00 GMT,2026-03-03T23:43:39.000Z,2026-03-04T03:00:00.000Z,Lower 16.5 Cade Cunningham Rebounds + Assists O/U DET @ CLE | Lower 29.5 James Harden Points + Assists O/U DET @ CLE | Lower 2.5 Sion James Assists O/U DAL @ CHA,,Basketball,NBA
be334df8-036b-4e8f-96a4-ce5a67137528,Underdog,parlay,SETTLED_LOSS,3.08,,,5,-5.00,03/03/2026 18:21:36 GMT,03/04/2026 03:00:00 GMT,2026-03-03T18:21:36.000Z,2026-03-04T03:00:00.000Z,Higher 16.5 Jarrett Allen Points O/U DET @ CLE | Lower 11.5 Jake LaRavia Pts + Rebs + Asts O/U NOP @ LAL,,Basketball,NBA
1502313621,PrizePicks,parlay,SETTLED_LOSS,6,,,10,-10.00,03/03/2026 18:19:03 GMT,03/04/2026 03:43:00 GMT,2026-03-03T18:19:03.014Z,2026-03-04T03:43:00.000Z,Over 21.5 Anthony Edwards Points MIN vs. MEM | Over 8.5 Terance Mann Pts+Rebs+Asts BKN vs. MIA | Under 16.5 Day'Ron Sharpe Pts+Rebs BKN vs. MIA,,Basketball,NBA
2b801139-46ac-4950-855f-d0f90745b71a,Underdog,parlay,SETTLED_WIN,3.5,,,7.5,18.75,03/03/2026 16:43:48 GMT,03/04/2026 04:00:00 GMT,2026-03-03T16:43:48.000Z,2026-03-04T04:00:00.000Z,Lower 1.5 Keon Ellis 3-Pointers Made O/U DET @ CLE | Higher 16.5 Nick Richards Pts + Rebs + Asts O/U OKC @ CHI,,Basketball,NBA
69a70f3107dd942f9087b1f6,Betr Picks,parlay,SETTLED_LOSS,6,,,10,0.00,03/03/2026 16:41:21 GMT,03/04/2026 06:39:15 GMT,2026-03-03T16:41:21.643Z,2026-03-04T06:39:15.834Z,Over 3.5 Brandon Ingram Assists NY vs. TOR | Over 4.5 Derik Queen Rebounds NO vs. LAL | Over 36.5 Luka Dončić PTS+AST NO vs. LAL,,Basketball,NBA
1502142180,PrizePicks,parlay,SETTLED_LOSS,6,,,5,-5.00,03/03/2026 15:15:18 GMT,03/04/2026 03:10:00 GMT,2026-03-03T15:15:18.712Z,2026-03-04T03:10:00.000Z,Over 8.5 Dejounte Murray Rebs+Asts NOP vs. LAL | Under 10.5 Bam Adebayo Rebounds MIA vs. BKN | Over 6.5 Tobias Harris Rebs+Asts DET vs. CLE,,Basketball,NBA
1501648325,PrizePicks,parlay,SETTLED_LOSS,6,,,10,-10.00,03/03/2026 01:16:12 GMT,03/03/2026 05:12:00 GMT,2026-03-03T01:16:12.824Z,2026-03-03T05:12:00.000Z,Over 19.5 Kawhi Leonard Points LAC vs. GSW | Over 14.5 Ace Bailey FG Attempted UTA vs. DEN | Over 9.5 Chandler Stephenson Faceoffs Won SEA vs. CAR,,Basketball | Ice Hockey,NBA | NHL
69a6258a548c298f3f7f40fb,Betr Picks,parlay,SETTLED_WIN,6,,,15,75.00,03/03/2026 00:04:26 GMT,03/03/2026 06:08:54 GMT,2026-03-03T00:04:26.462Z,2026-03-03T06:08:54.342Z,Over 28.5 Jamal Murray PTS+AST DEN vs. UTA | Under 2.5 Brook Lopez STL+BLK LAC vs. GS | Over 19.5 Reed Sheppard PTS+REB HOU vs. WAS,,Basketball,NBA
RVpgrwY,DK Pick6,round_robin_3,SETTLED_LOSS,7.8,,,10,-10.00,03/03/2026 00:00:00 GMT,03/03/2026 03:41:09 GMT,2026-03-03T00:00:00.000Z,2026-03-03T03:41:09.000Z,Under 16.5 Tari Eason Points + Assists Houston Rockets vs. Washington Wizards | Over 6.5 Jamal Murray Assists Denver Nuggets vs. Utah Jazz | Under 6.5 Payton Pritchard Assists Boston Celtics vs. Milwaukee Bucks,,Basketball,NBA
69a604e1e3dda9b33372a137,Betr Picks,parlay,SETTLED_LOSS,6,,,5,-5.00,03/02/2026 21:45:05 GMT,03/03/2026 06:10:41 GMT,2026-03-02T21:45:05.838Z,2026-03-03T06:10:41.785Z,Over 4.5 Isaiah Collier FG Made DEN vs. UTA | Under 8.5 Bennedict Mathurin AST+REB LAC vs. GS | Over 8.5 Brook Lopez Points LAC vs. GS,,Basketball,NBA
1501236668,PrizePicks,parlay,SETTLED_VOID,6,,,10,0.00,03/02/2026 21:27:49 GMT,03/03/2026 06:10:00 GMT,2026-03-02T21:27:49.783Z,2026-03-03T06:10:00.000Z,Over 19.5 Kawhi Leonard Points LAC vs. GSW | Under 4.5 Ryan Rollins Rebounds MIL vs. BOS | Over 7.5 Christian Braun Rebs+Asts DEN vs. UTA,,Basketball,NBA
9ba756fc-9e9c-4ef2-9dac-f0737a4d6e19,Underdog,parlay,SETTLED_LOSS,3.5,,,5,-5.00,03/02/2026 21:20:18 GMT,03/03/2026 03:00:00 GMT,2026-03-02T21:20:18.000Z,2026-03-03T03:00:00.000Z,Lower 34.5 Kevin Durant Pts + Rebs + Asts O/U HOU @ WAS | Higher 1.5 Elias Pettersson Shots on Goal O/U DAL @ VAN,,Basketball | Ice Hockey,NBA | NHL
ccad9b0f-0bf6-4b52-9e91-b8454346e224,Underdog,parlay,SETTLED_LOSS,3.5,,,5,-5.00,03/02/2026 21:15:30 GMT,03/03/2026 03:00:00 GMT,2026-03-02T21:15:30.000Z,2026-03-03T03:00:00.000Z,Lower 10.5 Bilal Coulibaly Points O/U HOU @ WAS | Lower 18.5 Bennedict Mathurin Points O/U LAC @ GSW,,Basketball,NBA
1501213885,PrizePicks,parlay,SETTLED_LOSS,6,,,5,-5.00,03/02/2026 21:09:15 GMT,03/03/2026 03:42:00 GMT,2026-03-02T21:09:15.426Z,2026-03-03T03:42:00.000Z,Over 19.5 Kawhi Leonard Points LAC vs. GSW | Over 3.5 Kris Dunn Rebounds LAC vs. GSW | Over 23.5 Nikola Vučević Pts+Rebs BOS vs. MIL,,Basketball,NBA
69a5fb605e6774ef292e3a54,Betr Picks,parlay,SETTLED_LOSS,6,,,15,-15.00,03/02/2026 21:04:32 GMT,03/03/2026 06:10:31 GMT,2026-03-02T21:04:32.790Z,2026-03-03T06:10:31.611Z,Over 8.5 AJ Green Points BOS vs. MIL | Over 4.5 Brook Lopez Rebounds LAC vs. GS | Over 28.5 Jamal Murray PTS+AST DEN vs. UTA,,Basketball,NBA
9bbd5acc-a42d-43d2-a4d6-a33f466c1563,Underdog,parlay,SETTLED_WIN,3.5,,,5,12.50,03/02/2026 19:04:25 GMT,03/03/2026 05:00:00 GMT,2026-03-02T19:04:25.000Z,2026-03-03T05:00:00.000Z,Higher 18.5 Giannis Antetokounmpo Points O/U BOS @ MIL | Higher 16.5 Julian Strawther Pts + Rebs + Asts O/U DEN @ UTA,,Basketball,NBA
ef19fc57-a682-4bf6-a133-addeb5c81522,Underdog,parlay,SETTLED_VOID,3.29,,,5,0.00,03/02/2026 18:53:52 GMT,03/03/2026 05:00:00 GMT,2026-03-02T18:53:52.000Z,2026-03-03T05:00:00.000Z,Lower 10.5 Kyle Kuzma Points O/U BOS @ MIL | Lower 7.5 Cody Williams Points O/U DEN @ UTA,,Basketball,NBA
1501027187,PrizePicks,parlay,SETTLED_LOSS,6,,,10,-10.00,03/02/2026 18:48:54 GMT,03/03/2026 03:42:00 GMT,2026-03-02T18:48:54.559Z,2026-03-03T03:42:00.000Z,Over 19.5 Kawhi Leonard Points LAC vs. GSW | Over 8.5 Ryan Rollins Rebs+Asts MIL vs. BOS | Over 12.5 Pat Spencer Pts+Asts GSW vs. LAC,,Basketball,NBA
9888cd0e-4717-4b53-af59-326c4b7c9730,Underdog,parlay,SETTLED_LOSS,9.25,,,10,-10.00,03/02/2026 18:16:22 GMT,03/03/2026 03:00:00 GMT,2026-03-02T18:16:22.000Z,2026-03-03T03:00:00.000Z,Higher 8.5 Bub Carrington Points O/U HOU @ WAS | Higher 15.5 Tre Johnson Pts + Rebs + Asts O/U HOU @ WAS | Lower 8.5 Draymond Green Points O/U LAC @ GSW,,Basketball,NBA
e7f78184-6df1-490a-81fe-a4fc9479a99f,Underdog,parlay,SETTLED_LOSS,3.5,,,5,-5.00,03/02/2026 16:43:07 GMT,03/03/2026 03:00:00 GMT,2026-03-02T16:43:07.000Z,2026-03-03T03:00:00.000Z,Lower 9.5 Dorian Finney-Smith Pts + Rebs + Asts O/U HOU @ WAS | Lower 0.5 Nathan MacKinnon Goals O/U COL @ LA,,Basketball | Ice Hockey,NBA | NHL
69a4f874babbccca6246ac3d,Betr Picks,parlay,SETTLED_LOSS,6,,,5,-5.00,03/02/2026 02:39:48 GMT,03/02/2026 05:29:15 GMT,2026-03-02T02:39:48.290Z,2026-03-02T05:29:15.988Z,Over 7.5 Nique Clifford AST+REB SAC vs. LAL | Under 16.5 Luka Dončić AST+REB SAC vs. LAL | Under 10.5 Maxime Raynaud AST+REB SAC vs. LAL,,Basketball,NBA
b0f011c1-83d1-4e60-abc6-f76ce3faf099,Underdog,parlay,SETTLED_LOSS,3.5,,,5,-5.00,03/02/2026 00:03:27 GMT,03/02/2026 04:00:00 GMT,2026-03-02T00:03:27.000Z,2026-03-02T04:00:00.000Z,Higher 11.5 Adem Bona Pts + Rebs + Asts O/U PHI @ BOS | Higher 7.5 Reed Sheppard Rebounds + Assists O/U HOU @ WAS,,Basketball,NBA
69a4d267c72a6623e58029a1,Betr Picks,parlay,SETTLED_LOSS,6,,,5,-5.00,03/01/2026 23:57:27 GMT,03/02/2026 05:27:54 GMT,2026-03-01T23:57:27.275Z,2026-03-02T05:27:54.539Z,Over 2.5 Chet Holmgren STL+BLK OKC vs. DAL | Over 8.5 Payton Pritchard AST+REB PHI vs. BOS | Over 14.5 Nique Clifford PTS+AST SAC vs. LAL,,Basketball,NBA
1cf64af9-e82e-4d14-b601-070851fbf175,Underdog,parlay,SETTLED_LOSS,4.5,,,5,-5.00,03/01/2026 23:33:32 GMT,03/02/2026 04:00:00 GMT,2026-03-01T23:33:32.000Z,2026-03-02T04:00:00.000Z,Higher 1.5 Jared McCain Assists O/U OKC @ DAL | Higher 8.5 Austin Reaves Rebounds + Assists O/U SAC @ LAL,,Basketball,NBA
69a4cc8e8a660ef9d8a9cdf5,Betr Picks,parlay,SETTLED_LOSS,6,,,5,-5.00,03/01/2026 23:32:30 GMT,03/02/2026 05:05:09 GMT,2026-03-01T23:32:30.572Z,2026-03-02T05:05:09.153Z,Under 4.5 Dejounte Murray Rebounds NO vs. LAC | Over 0.5 Caleb Martin 3PT Made OKC vs. DAL | Under 1.5 Derrick White Blocks PHI vs. BOS,,Basketball,NBA
1500177207,PrizePicks,parlay,SETTLED_WIN,6,,,5,25.00,03/01/2026 23:20:02 GMT,03/02/2026 05:41:00 GMT,2026-03-01T23:20:02.758Z,2026-03-02T05:41:00.000Z,Over 3.5 Jaxson Hayes Rebounds LAL vs. SAC | Under 2.5 Kawhi Leonard 3-PT Made LAC vs. NOP | Under 5.5 Payton Pritchard Assists BOS vs. PHI,,Basketball,NBA
69a4c7dda1effa4f475f4fcf,Betr Picks,parlay,SETTLED_LOSS,6,,,5,-5.00,03/01/2026 23:12:29 GMT,03/02/2026 04:09:06 GMT,2026-03-01T23:12:29.324Z,2026-03-02T04:09:06.079Z,Over 10.5 Shai Gilgeous-Alexander AST+REB OKC vs. DAL | Over 10.5 Chet Holmgren AST+REB OKC vs. DAL | Under 7.5 Neemias Queta Rebounds PHI vs. BOS,,Basketball,NBA
69a4b531d18e908d914f52d0,Betr Picks,parlay,SETTLED_LOSS,6,,,10,-10.00,03/01/2026 21:52:49 GMT,03/02/2026 04:08:17 GMT,2026-03-01T21:52:49.723Z,2026-03-02T04:08:17.664Z,Over 1.5 Tristan da Silva 3PT Made DET vs. ORL | Over 2.5 Donovan Clingan STL+BLK POR vs. ATL | Over 30.5 Tyrese Maxey PTS+AST PHI vs. BOS,,Basketball,NBA
1499948388,PrizePicks,parlay,SETTLED_LOSS,6,,,5,-5.00,03/01/2026 21:22:41 GMT,03/02/2026 04:00:00 GMT,2026-03-01T21:22:41.847Z,2026-03-02T04:00:00.000Z,Under 7.5 Nickeil Alexander-Walker Rebs+Asts ATL vs. POR | Under 8.5 Mikael Backlund Faceoffs Won CGY vs. ANA | Under 6.5 Sam Hauser 3-PT Attempted BOS vs. PHI,,Basketball | Ice Hockey,NBA | NHL
66c28e15-2ac8-4ad2-a21b-7d1a5b478f2f,Underdog,parlay,SETTLED_WIN,3.5,,,10,25.00,03/01/2026 20:27:50 GMT,03/01/2026 23:30:00 GMT,2026-03-01T20:27:50.000Z,2026-03-01T23:30:00.000Z,Higher 8.5 Anthony Edwards Rebounds + Assists O/U MIN @ DEN | Lower 13.5 Kevin Porter Jr. Rebounds + Assists O/U MIL @ CHI,,Basketball,NBA
1333931798052241408,Sleeper,parlay,SETTLED_LOSS,8.19,,,8.4,-8.40,03/01/2026 20:23:53 GMT,03/01/2026 23:23:53 GMT,2026-03-01T20:23:53.212Z,2026-03-01T23:23:53.212Z,O 0.5 Jonathan Kuminga Threes Made POR @ ATL | O 1.5 Wendell Carter Assists DET @ ORL | O 1.5 Nolan Traore Rebounds CLE @ BKN | O 1.5 GG Jackson Assists MEM @ IND,,Basketball,NBA
69a496d464395ad665410a4c,Betr Picks,parlay,SETTLED_LOSS,6,,,10,-10.00,03/01/2026 19:43:16 GMT,03/02/2026 03:45:17 GMT,2026-03-01T19:43:16.563Z,2026-03-02T03:45:17.040Z,Under 1.5 Jalen Johnson 3PT Made POR vs. ATL | Under 2.5 Myles Turner STL+BLK MIL vs. CHI | Over 35.5 Shai Gilgeous-Alexander PTS+AST OKC vs. DAL,,Basketball,NBA
1333916748428091392,Sleeper,parlay,SETTLED_LOSS,12.089999999999998,,,10,-10.00,03/01/2026 19:24:05 GMT,03/01/2026 22:24:05 GMT,2026-03-01T19:24:05.101Z,2026-03-01T22:24:05.101Z,U 6.5 Micah Potter Rebounds MEM @ IND | O 6.5 Tyrese Maxey Assists PHI @ BOS | U 8.5 James Harden Assists CLE @ BKN | O 5.5 Michael Porter Rebounds CLE @ BKN,,Basketball,NBA
1499681204,PrizePicks,parlay,SETTLED_LOSS,6,,,5,-5.00,03/01/2026 19:14:41 GMT,03/02/2026 04:10:00 GMT,2026-03-01T19:14:41.468Z,2026-03-02T04:10:00.000Z,Over 1.5 Malik Monk Rebounds SAC vs. LAL | Under 4.5 Austin Reaves Rebounds LAL vs. SAC | Under 6.5 Sam Hauser 3-PT Attempted BOS vs. PHI,,Basketball,NBA
69a4832ef118fea7eb844732,Betr Picks,parlay,SETTLED_LOSS,6,,,10,-10.00,03/01/2026 18:19:26 GMT,03/02/2026 05:04:29 GMT,2026-03-01T18:19:26.154Z,2026-03-02T05:04:29.731Z,Over 1.5 Dejounte Murray Steals NO vs. LAC | Over 12.5 Kevin Porter Jr. AST+REB MIL vs. CHI | Over 2.5 Matt Boldy Shots on goal STL vs. MIN,,Basketball | Ice Hockey,NBA | NHL
69a4818de5eaace32b1a7865,Betr Picks,parlay,SETTLED_LOSS,6,,,10,-10.00,03/01/2026 18:12:29 GMT,03/02/2026 05:04:30 GMT,2026-03-01T18:12:29.030Z,2026-03-02T05:04:30.483Z,Over 7.5 Christian Braun AST+REB MIN vs. DEN | Over 9.5 Dejounte Murray AST+REB NO vs. LAC | Over 30.5 Tyrese Maxey PTS+AST PHI vs. BOS,,Basketball,NBA
f77ca307-950e-447f-9ca7-6dbab75c66c9,Underdog,parlay,SETTLED_LOSS,5.57,,,10,-10.00,03/01/2026 18:09:18 GMT,03/01/2026 23:30:00 GMT,2026-03-01T18:09:18.000Z,2026-03-01T23:30:00.000Z,Lower 6.5 Josh Giddey Rebounds O/U MIL @ CHI | Lower 7.5 Jalen Johnson Assists O/U POR @ ATL | Higher 7.5 Deandre Ayton Rebounds O/U SAC @ LAL,,Basketball,NBA
1499570579,PrizePicks,parlay,SETTLED_LOSS,3,,,9.15,-9.15,03/01/2026 18:07:50 GMT,03/02/2026 02:12:00 GMT,2026-03-01T18:07:50.590Z,2026-03-02T02:12:00.000Z,Under 10.5 Marcus Smart Pts+Rebs LAL vs. SAC | Under 34 Cade Cunningham Pts+Rebs DET vs. ORL,,Basketball,NBA
1333897008204746752,Sleeper,parlay,SETTLED_LOSS,6.79,,,10,-10.00,03/01/2026 18:05:38 GMT,03/01/2026 21:05:38 GMT,2026-03-01T18:05:38.665Z,2026-03-01T21:05:38.665Z,O 14.5 Jalen Duren Points DET @ ORL | O 1.5 Max Christie Assists OKC @ DAL | O 2.5 Tyrese Maxey Threes Made PHI @ BOS | O 1.5 Nikola Jokić Threes Made MIN @ DEN,,Basketball,NBA
69a47cd464395ad66541078f,Betr Picks,parlay,SETTLED_LOSS,10,,,5,-5.00,03/01/2026 17:52:20 GMT,03/02/2026 04:13:33 GMT,2026-03-01T17:52:20.710Z,2026-03-02T04:13:33.314Z,Over 6.5 Jamal Murray Assists MIN vs. DEN | Under 3.5 Sam Hauser Rebounds PHI vs. BOS | Under 9.5 Andre Drummond Rebounds PHI vs. BOS | Under 7.5 OG Anunoby AST+REB SA vs. NY,,Basketball,NBA
1499478635,PrizePicks,parlay,SETTLED_LOSS,6,,,5,-5.00,03/01/2026 17:32:51 GMT,03/01/2026 23:40:00 GMT,2026-03-01T17:32:51.971Z,2026-03-01T23:40:00.000Z,Over 5.5 Michael Porter Rebounds BKN vs. CLE | Over 12.5 Donovan Clingan Rebounds POR vs. ATL | Under 12.5 Klay Thompson Points DAL vs. OKC,,Basketball,NBA
516b96eb-8fe1-480b-9dad-6e9b40a5315a,Underdog,parlay,SETTLED_VOID,3.81,,,10,0.00,03/01/2026 17:27:47 GMT,03/02/2026 02:00:00 GMT,2026-03-01T17:27:47.000Z,2026-03-02T02:00:00.000Z,Lower 14.5 Jonas Valanciunas Pts + Rebs + Asts O/U MIN @ DEN | Lower 3.5 Anthony Black Assists O/U DET @ ORL,,Basketball,NBA
69a476b4f6fc278f436f963a,Betr Picks,parlay,SETTLED_WIN,6,,,10,50.00,03/01/2026 17:26:12 GMT,03/02/2026 05:04:56 GMT,2026-03-01T17:26:12.613Z,2026-03-02T05:04:56.689Z,Over 30.5 Tyrese Maxey PTS+AST PHI vs. BOS | Under 1.5 Brook Lopez Blocks NO vs. LAC | Over 8.5 Chet Holmgren Rebounds OKC vs. DAL,,Basketball,NBA
69a37406be6924dc2a2fada7,Betr Picks,parlay,SETTLED_WIN,6,,,10,50.00,02/28/2026 23:02:30 GMT,03/01/2026 05:38:18 GMT,2026-02-28T23:02:30.563Z,2026-03-01T05:38:18.412Z,Over 69.5 David Martinez Sig Strikes Vera vs. Martinez | Over 4.5 Anthony Gill Rebounds TOR vs. WAS | Under 7.5 John Konchar AST+REB NO vs. UTA,,MMA | Basketball,UFC | NBA
1333591075264163840,Sleeper,parlay,SETTLED_LOSS,13.93,,,10,-10.00,02/28/2026 21:49:58 GMT,03/01/2026 00:49:58 GMT,2026-02-28T21:49:58.568Z,2026-03-01T00:49:58.568Z,O 26.5 Luka Dončić Points LAL @ GSW | U 8.5 Cody Williams Points NOP @ UTA | O 11.5 LeBron James Rebounds & Assists LAL @ GSW | O 4.5 Josiah Lake Assists ORST @ SCU | O 19.5 Brice Sensabaugh Pts Reb Ast NOP @ UTA,,Basketball,NBA | NCAAM
1498354752,PrizePicks,round_robin_3,SETTLED_LOSS,3,,,11.25,0.00,02/28/2026 21:43:35 GMT,03/01/2026 01:30:00 GMT,2026-02-28T21:43:35.517Z,2026-03-01T01:30:00.000Z,Over 17.5 Zion Williamson Points NOP vs. UTA | Under 5.5 Brenen Lorient Rebounds WVU vs. BYU | Under 5.5 Draymond Green Rebounds GSW vs. LAL,,Basketball,NBA | NCAAM
69a360f38a660ef9d8a9b86c,Betr Picks,parlay,SETTLED_VOID,6,,,10,0.00,02/28/2026 21:41:07 GMT,03/01/2026 05:39:28 GMT,2026-02-28T21:41:07.178Z,2026-03-01T05:39:28.815Z,Over 5.5 Zion Williamson Rebounds NO vs. UTA | Over 3.5 Jaxson Hayes Rebounds LAL vs. GS | Over 44.5 Luka Dončić Pts+Rebs+Asst LAL vs. GS,,Basketball,NBA
9dc98deb-0044-4d3b-8cd4-dca8cb67223b,Underdog,parlay,SETTLED_LOSS,3.5,,,8,-8.00,02/28/2026 21:39:49 GMT,03/01/2026 04:30:00 GMT,2026-02-28T21:39:49.000Z,2026-03-01T04:30:00.000Z,Higher 4.5 Austin Reaves Rebounds O/U LAL @ GSW | Higher 1.5 Brice Sensabaugh Assists O/U NOP @ UTA,,Basketball,NBA
DR8gnY8,DK Pick6,round_robin_3,SETTLED_LOSS,6,,,10,-10.00,02/28/2026 00:00:00 GMT,02/28/2026 04:00:00 GMT,2026-02-28T00:00:00.000Z,2026-02-28T04:00:00.000Z,Under 8.5 Isaiah Hartenstein Rebounds Denver Nuggets vs. Oklahoma City Thunder | Under 3.5 Jaylen Wells Rebounds Memphis Grizzlies vs. Dallas Mavericks | Over 15.5 Ryan Rollins Points New York Knicks vs. Milwaukee Bucks,,Basketball,NBA
pgLZ8Qx,DK Pick6,round_robin_4,SETTLED_LOSS,10,,,10,-10.00,02/28/2026 00:00:00 GMT,02/28/2026 03:30:00 GMT,2026-02-28T00:00:00.000Z,2026-02-28T03:30:00.000Z,Under 13.5 Tobias Harris Points Cleveland Cavaliers vs. Detroit Pistons | Under 10.5 Shai Gilgeous-Alexander Assists + Rebounds Denver Nuggets vs. Oklahoma City Thunder | Over 17.5 Naji Marshall Points Memphis Grizzlies vs. Dallas Mavericks | Over 21.5 Derrick White Points + Assists Brooklyn Nets vs. Boston Celtics,,Basketball,NBA
69a2291567c1c2ecdb005023,Betr Picks,parlay,SETTLED_LOSS,6,,,5,-5.00,02/27/2026 23:30:29 GMT,02/28/2026 04:23:55 GMT,2026-02-27T23:30:29.259Z,2026-02-28T04:23:55.495Z,Over 4.5 Khris Middleton Rebounds MEM vs. DAL | Under 9.5 Payton Pritchard AST+REB BKN vs. BOS | Under 7.5 Evan Mobley Rebounds CLE vs. DET,,Basketball,NBA
69a21a2f4ad16d1b8704a74a,Betr Picks,parlay,SETTLED_LOSS,6,,,10,-10.00,02/27/2026 22:26:55 GMT,02/28/2026 06:16:54 GMT,2026-02-27T22:26:55.980Z,2026-02-28T06:16:54.498Z,Over 48.5 Nikola Jokić Pts+Rebs+Asst DEN vs. OKC | Over 7.5 Mitchell Robinson Rebounds NY vs. MIL | Over 3.5 Shai Gilgeous-Alexander Rebounds DEN vs. OKC,,Basketball,NBA
1333226874498723840,Sleeper,parlay,SETTLED_LOSS,5.29,,,10,-10.00,02/27/2026 21:42:46 GMT,02/28/2026 00:42:46 GMT,2026-02-27T21:42:46.340Z,2026-02-28T00:42:46.340Z,O 23.5 Jaylen Brown Points BKN @ BOS | O 3.5 Jamal Murray Rebounds DEN @ OKC | U 9.5 Nikola Vučević Rebounds & Assists BKN @ BOS,,Basketball,NBA
1496591738,PrizePicks,round_robin_3,SETTLED_WIN,3,,,5,-1.25,02/27/2026 21:10:30 GMT,02/28/2026 05:47:00 GMT,2026-02-27T21:10:30.142Z,2026-02-28T05:47:00.000Z,Over 9.5 Cason Wallace Points OKC vs. DEN | Over 0.5 Bruce Brown 3-PT Made DEN vs. OKC | Over 27.5 Ryan Rollins Pts+Rebs+Asts MIL vs. NYK,,Basketball,NBA
1496395689,PrizePicks,round_robin_6,SETTLED_LOSS,14,,,5,0.00,02/27/2026 18:50:37 GMT,02/28/2026 04:07:00 GMT,2026-02-27T18:50:37.788Z,2026-02-28T04:07:00.000Z,Under 25.5 Yaxel Lendeborg Pts+Rebs+Asts MICH vs. ILL | Under 9.5 Anton Lundell Faceoffs Won FLA vs. BUF | Over 5.5 Yakov Trenin Hits MIN vs. UTA | Over 6.5 Baylor Scheierman Points BOS vs. BKN | Over 15.5 James Harden FG Attempted CLE vs. DET | Under 2.5 Isaiah Joe Rebounds OKC vs. DEN,,Basketball | Ice Hockey,NCAAM | NHL | NBA
f81a5625-f836-452f-aa38-2489dcc7fae8,Underdog,parlay,SETTLED_LOSS,3.5,,,7,-7.00,02/27/2026 18:13:38 GMT,02/28/2026 04:30:00 GMT,2026-02-27T18:13:38.000Z,2026-02-28T04:30:00.000Z,Higher 21.5 Brandon Williams Points + Assists O/U MEM @ DAL | Higher 1.5 Lu Dort Assists O/U DEN @ OKC,,Basketball,NBA
69a1d975ea3026c097f61e8b,Betr Picks,parlay,SETTLED_LOSS,10,,,10,-10.00,02/27/2026 17:50:45 GMT,02/28/2026 04:23:37 GMT,2026-02-27T17:50:45.085Z,2026-02-28T04:23:37.680Z,Over 9.5 Bobby Portis Points NY vs. MIL | Over 9.5 Naji Marshall AST+REB MEM vs. DAL | Over 4.5 Nolan Traoré Assists BKN vs. BOS | Over 32.5 Jaylen Brown PTS+REB BKN vs. BOS,,Basketball,NBA
81c0f546-f1af-4cb5-9938-a447f52660ab,Underdog,parlay,SETTLED_VOID,3.38,,,7,0.00,02/27/2026 17:43:22 GMT,02/28/2026 03:00:00 GMT,2026-02-27T17:43:22.000Z,2026-02-28T03:00:00.000Z,Higher 11.5 Sam Merrill Points O/U CLE @ DET | Higher 7.5 Ausar Thompson Rebounds + Assists O/U CLE @ DET,,Basketball,NBA
1496296693,PrizePicks,parlay,SETTLED_WIN,6,,,5,30.00,02/27/2026 17:42:08 GMT,02/28/2026 05:00:00 GMT,2026-02-27T17:42:08.554Z,2026-02-28T05:00:00.000Z,Over 1.5 Jarrett Allen Assists CLE vs. DET | Under 8.5 GG Jackson Rebs+Asts MEM vs. DAL | Under 5.5 Yakov Trenin Hits MIN vs. UTA,,Basketball | Ice Hockey,NBA | NHL
1495818003,PrizePicks,parlay,SETTLED_WIN,3.77,,,20,55.40,02/27/2026 04:47:22 GMT,02/27/2026 05:45:44 GMT,2026-02-27T04:47:22.738Z,2026-02-27T05:45:44.974Z,Over 26.5 Anthony Edwards Points MIN vs. LAC | Over 12.5 Derrick Jones Points LAC vs. MIN,,Basketball,NBA
69a0f1083e0e5698c5eb4912,Betr Picks,parlay,SETTLED_LOSS,6,,,5,-5.00,02/27/2026 01:19:04 GMT,02/27/2026 05:05:18 GMT,2026-02-27T01:19:04.204Z,2026-02-27T05:05:18.196Z,Over 3.5 Malik Monk Assists SAC vs. DAL | Over 3.5 Khris Middleton Assists SAC vs. DAL | Over 17.5 Jalen Green FG Att LAL vs. PHO,,Basketball,NBA
727d6c83-c6e8-4b25-b300-5865b444b2f4,Underdog,parlay,SETTLED_LOSS,5.65,,,10,-10.00,02/27/2026 01:16:24 GMT,02/27/2026 04:30:00 GMT,2026-02-27T01:16:24.000Z,2026-02-27T04:30:00.000Z,Lower 19.5 Nique Clifford Points + Rebounds O/U SAC @ DAL | Lower 2.5 Caleb Martin Assists O/U SAC @ DAL | Higher 2.5 Grayson Allen Rebounds O/U LAL @ PHX,,Basketball,NBA
36fa0932-5669-48c9-a468-05ea42551641,Underdog,parlay,SETTLED_LOSS,3.5,,,10,-10.00,02/27/2026 00:47:39 GMT,02/27/2026 04:00:00 GMT,2026-02-27T00:47:39.000Z,2026-02-27T04:00:00.000Z,Lower 6.5 Jrue Holiday Assists O/U POR @ CHI | Lower 3.5 Jordan Miller Assists O/U MIN @ LAC,,Basketball,NBA
69a0e54519c2d628619a4c1b,Betr Picks,parlay,SETTLED_LOSS,6,,,5,-5.00,02/27/2026 00:28:53 GMT,02/27/2026 06:18:05 GMT,2026-02-27T00:28:53.855Z,2026-02-27T06:18:05.938Z,Under 1.5 Rudy Gobert Blocks MIN vs. LAC | Over 8.5 Michael Porter Jr. AST+REB SA vs. BKN | Under 2.5 Toumani Camara 3PT Made POR vs. CHI,,Basketball,NBA
DR8K5wV,DK Pick6,round_robin_3,SETTLED_LOSS,6,,,5,-5.00,02/27/2026 00:00:00 GMT,02/27/2026 03:10:28 GMT,2026-02-27T00:00:00.000Z,2026-02-27T03:10:28.000Z,Over 5.5 Miles Bridges Rebounds Charlotte Hornets vs. Indiana Pacers | Over 2.5 Matas Buzelis 3-Pointers Made Portland Trail Blazers vs. Chicago Bulls | Over 3.5 Donte DiVincenzo Rebounds Minnesota Timberwolves vs. Los Angeles Clippers,,Basketball,NBA
DR8N2L8,DK Pick6,round_robin_3,SETTLED_LOSS,5.958,,,5,-5.00,02/27/2026 00:00:00 GMT,02/27/2026 04:12:36 GMT,2026-02-27T00:00:00.000Z,2026-02-27T04:12:36.000Z,Over 7.5 Deandre Ayton Rebounds Los Angeles Lakers vs. Phoenix Suns | Over 3.5 Scoot Henderson Rebounds Portland Trail Blazers vs. Chicago Bulls | Under 2.5 Royce O'Neale 3-Pointers Made Los Angeles Lakers vs. Phoenix Suns,,Basketball,NBA
qrm9nMW,DK Pick6,round_robin_3,SETTLED_LOSS,7.8,,,10,-10.00,02/27/2026 00:00:00 GMT,02/27/2026 04:40:49 GMT,2026-02-27T00:00:00.000Z,2026-02-27T04:40:49.000Z,Over 5.5 Bennedict Mathurin Rebounds Minnesota Timberwolves vs. Los Angeles Clippers | Under 5.5 Naji Marshall Rebounds Sacramento Kings vs. Dallas Mavericks | Over 5.5 Jonathan Kuminga Rebounds Washington Wizards vs. Atlanta Hawks,,Basketball,NBA
1495286718,PrizePicks,parlay,SETTLED_LOSS,6,,,5,-5.00,02/26/2026 23:54:16 GMT,02/28/2026 04:14:00 GMT,2026-02-26T23:54:16.130Z,2026-02-28T04:14:00.000Z,Under 9.5 Jalen Brunson Rebs+Asts NYK vs. MIL | Over 3.5 Tyler Herro Rebounds MIA vs. PHI | Under 33.5 Karl-Anthony Towns Pts+Rebs+Asts NYK vs. MIL,,Basketball,NBA
d4c092f3-cade-4974-9215-d32e002376bd,Underdog,parlay,SETTLED_LOSS,3.5,,,5,-5.00,02/26/2026 23:50:54 GMT,02/27/2026 04:30:00 GMT,2026-02-26T23:50:54.000Z,2026-02-27T04:30:00.000Z,Lower 3.5 Tyus Jones Assists O/U SAC @ DAL | Lower 8.5 Naz Reid Rebounds + Assists O/U MIN @ LAC,,Basketball,NBA
590b5b9a-69cd-4582-bad5-b74cab95941c,Underdog,parlay,SETTLED_LOSS,3.5,,,5,-5.00,02/26/2026 23:42:48 GMT,02/27/2026 03:30:00 GMT,2026-02-26T23:42:48.000Z,2026-02-27T03:30:00.000Z,Higher 4.5 De'Aaron Fox 1Q Points O/U SAS @ BKN | Higher 3.5 Jalen Green Assists O/U LAL @ PHX,,Basketball,NBA
1332890367376261120,Sleeper,parlay,SETTLED_WIN,4.84,,,10,38.40,02/26/2026 23:25:36 GMT,02/27/2026 02:25:36 GMT,2026-02-26T23:25:36.790Z,2026-02-27T02:25:36.790Z,O 14.5 Matas Buzelis Points POR @ CHI | O 2.5 Victor Wembanyama Assists SAS @ BKN | O 9.5 Moussa Diabaté Rebounds CHA @ IND,,Basketball,NBA
69a0c6e78eb358996eef87eb,Betr Picks,parlay,SETTLED_LOSS,6,,,5,-5.00,02/26/2026 22:19:19 GMT,02/27/2026 04:24:51 GMT,2026-02-26T22:19:19.808Z,2026-02-27T04:24:51.299Z,Under 9.5 Toumani Camara AST+REB POR vs. CHI | Over 3.5 Anthony Black Rebounds HOU vs. ORL | Over 7.5 Brandon Williams AST+REB SAC vs. DAL,,Basketball,NBA
2b679c1b-b1db-40d0-9a57-130196c025d0,Underdog,parlay,SETTLED_LOSS,3.5,,,5,-5.00,02/26/2026 21:38:13 GMT,02/27/2026 03:30:00 GMT,2026-02-26T21:38:13.000Z,2026-02-27T03:30:00.000Z,Lower 9.5 Jonathan Kuminga Rebounds + Assists O/U WAS @ ATL | Higher 17.5 Brice Sensabaugh Points O/U NOP @ UTA,,Basketball,NBA
69a0bc48c97cfc9fc7683228,Betr Picks,parlay,SETTLED_LOSS,6,,,5,-5.00,02/26/2026 21:34:00 GMT,02/27/2026 06:17:35 GMT,2026-02-26T21:34:00.964Z,2026-02-27T06:17:35.880Z,Over 15.5 Brook Lopez PTS+REB MIN vs. LAC | Over 3.5 Nickeil Alexander-Walker Rebounds WAS vs. ATL | Over 7.5 Dylan Harper AST+REB SA vs. BKN,,Basketball,NBA
69a0af877010ef10aa46ea17,Betr Picks,parlay,SETTLED_LOSS,6,,,10,-10.00,02/26/2026 20:39:35 GMT,02/27/2026 05:09:42 GMT,2026-02-26T20:39:35.374Z,2026-02-27T05:09:42.107Z,Over 44.5 Luka Dončić Pts+Rebs+Asst LAL vs. PHO | Over 21.5 Stephon Castle PTS+AST SA vs. BKN | Over 1.5 Ben Sheppard 3PT Made CHA vs. IND,,Basketball,NBA
f3c5df06-f456-4403-89d2-aa6a6347123d,Underdog,parlay,SETTLED_VOID,3.35,,,5,0.00,02/26/2026 20:27:20 GMT,02/27/2026 00:09:41 GMT,2026-02-26T20:27:20.000Z,2026-02-27T00:09:41.979Z,Higher 22.5 Dylan Harper Pts + Rebs + Asts O/U SAS @ BKN | Lower 12.5 Julius Randle Rebounds + Assists O/U MIN @ LAC,,Basketball,NBA
69a0a4ad7010ef10aa46e92d,Betr Picks,parlay,SETTLED_WIN,6,,,10,50.00,02/26/2026 19:53:17 GMT,02/27/2026 05:03:59 GMT,2026-02-26T19:53:17.217Z,2026-02-27T05:03:59.125Z,Over 31.5 Tyrese Maxey PTS+AST MIA vs. PHI | Under 5.5 John Konchar Rebounds NO vs. UTA | Over 3.5 DeMar DeRozan Assists SAC vs. DAL,,Basketball,NBA
1494771730,PrizePicks,parlay,SETTLED_LOSS,6,,,5,-5.00,02/26/2026 18:55:02 GMT,02/27/2026 03:10:00 GMT,2026-02-26T18:55:02.826Z,2026-02-27T03:10:00.000Z,Under 8 CJ McCollum Rebs+Asts ATL vs. WAS | Under 2.5 Andrew Nembhard Rebounds IND vs. CHA | Over 5.5 Caleb Martin Points DAL vs. SAC,,Basketball,NBA
d84dae3a-c7d0-4aca-803a-d822f6c23fcb,Underdog,parlay,SETTLED_LOSS,5.52,,,10,-10.00,02/26/2026 16:49:49 GMT,02/27/2026 03:00:00 GMT,2026-02-26T16:49:49.000Z,2026-02-27T03:00:00.000Z,Higher 3.5 Jarace Walker Assists O/U CHA @ IND | Lower 22.5 Michael Porter Jr. Points O/U SAS @ BKN | Higher 0.0 Anthony Edwards Points O/U MIN @ LAC,,Basketball,NBA
75aff051-0ba3-4043-9811-72f24a73090b,Underdog,parlay,SETTLED_LOSS,3.5,,,4.6,-4.60,02/26/2026 13:30:40 GMT,02/27/2026 05:00:00 GMT,2026-02-26T13:30:40.000Z,2026-02-27T05:00:00.000Z,Higher 6.5 Precious Achiuwa Rebounds O/U SAC @ DAL | Higher 3.5 Jalen Green Rebounds O/U LAL @ PHX,,Basketball,NBA
69a0497683277555deadf035,Betr Picks,parlay,SETTLED_LOSS,6,,,5,-5.00,02/26/2026 13:24:06 GMT,02/27/2026 06:17:50 GMT,2026-02-26T13:24:06.479Z,2026-02-27T06:17:50.431Z,Over 3.5 Donte DiVincenzo Rebounds MIN vs. LAC | Under 9.5 Dejounte Murray AST+REB NO vs. UTA | Under 3.5 De'Aaron Fox Rebounds SA vs. BKN,,Basketball,NBA
1494438182,PrizePicks,round_robin_3,SETTLED_LOSS,3,,,5,-5.00,02/26/2026 13:19:33 GMT,02/27/2026 04:41:00 GMT,2026-02-26T13:19:33.593Z,2026-02-27T04:41:00.000Z,Over 9 nython MAPS 1-2 Headshots Galorys vs. ODDIK MAPS 1-2 | Over 24.5 Kevin Durant Points HOU vs. ORL | Under 4 Nique Clifford Assists SAC vs. DAL,,other | Basketball,other | NBA
db08ebf5-ab7b-4ab5-9090-a306050d8204,Underdog,parlay,SETTLED_VOID,3.08,,,4.6,0.00,02/26/2026 13:13:03 GMT,02/26/2026 13:31:09 GMT,2026-02-26T13:13:03.000Z,2026-02-26T13:31:09.104Z,Lower 11.5 Quentin Grimes Points O/U MIA @ PHI | Lower 7.5 Jarace Walker Rebounds O/U CHA @ IND,,Basketball,NBA
ae61ecbd-b5a0-43f4-9f76-ff17899adb90,Underdog,parlay,SETTLED_WIN,2.92,,,5,9.60,02/26/2026 05:12:57 GMT,02/26/2026 08:12:57 GMT,2026-02-26T05:12:57.000Z,2026-02-26T08:12:57.000Z,Lower 33.5 Nikola Jokic Points O/U BOS @ DEN | Lower 28.5 Jaylen Brown Points O/U BOS @ DEN,,Basketball,NBA
1493939701,PrizePicks,parlay,SETTLED_LOSS,3,,,10,-10.00,02/26/2026 02:51:39 GMT,02/26/2026 06:14:00 GMT,2026-02-26T02:51:39.549Z,2026-02-26T06:14:00.000Z,Over 1.5 Jaron Pierre Assists SMU vs. CAL | Under 4.5 Jonas Valančiūnas Rebounds DEN vs. BOS,,Basketball,NCAAM | NBA
699f9493e981a213682ae8ca,Betr Picks,parlay,SETTLED_LOSS,6,,,10,-10.00,02/26/2026 00:32:19 GMT,02/26/2026 03:42:15 GMT,2026-02-26T00:32:19.224Z,2026-02-26T03:42:15.352Z,Over 11.5 Victor Wembanyama Rebounds SA vs. TOR | Under 24.5 Ty Jerome Pts+Rebs+Asst GS vs. MEM | Over 3.5 Gui Santos Assists GS vs. MEM,,Basketball,NBA
Bx8Vmz8,DK Pick6,round_robin_4,SETTLED_LOSS,9,,,10,-10.00,02/26/2026 00:30:00 GMT,02/26/2026 03:43:16 GMT,2026-02-26T00:30:00.000Z,2026-02-26T03:43:16.000Z,Under 9.5 Dorian Finney-Smith Points + Rebounds Sacramento Kings vs. Houston Rockets | Under 19.5 Kevin Porter Jr. Points Cleveland Cavaliers vs. Milwaukee Bucks | Over 5.5 Ausar Thompson Rebounds Oklahoma City Thunder vs. Detroit Pistons | Under 4.5 Keldon Johnson Rebounds San Antonio Spurs vs. Toronto Raptors,,Basketball,NBA
KQ8wYQM,DK Pick6,round_robin_3,SETTLED_LOSS,6,,,5,-5.00,02/26/2026 00:30:00 GMT,02/26/2026 03:43:16 GMT,2026-02-26T00:30:00.000Z,2026-02-26T03:43:16.000Z,Under 23.5 Victor Wembanyama Points San Antonio Spurs vs. Toronto Raptors | Under 31.5 Jalen Duren Pts + Rebs + Asts Oklahoma City Thunder vs. Detroit Pistons | Under 16.5 Duncan Robinson Pts + Rebs + Asts Oklahoma City Thunder vs. Detroit Pistons,,Basketball,NBA
qrmxjqd,DK Pick6,round_robin_3,SETTLED_LOSS,5.982,,,5,-5.00,02/26/2026 00:30:00 GMT,02/26/2026 03:43:16 GMT,2026-02-26T00:30:00.000Z,2026-02-26T03:43:16.000Z,Over 5.5 Cade Cunningham Rebounds Oklahoma City Thunder vs. Detroit Pistons | Under 3.5 Al Horford Assists Golden State Warriors vs. Memphis Grizzlies | Under 15.5 Aaron Wiggins Points Oklahoma City Thunder vs. Detroit Pistons,,Basketball,NBA
4gdN8pw,DK Pick6,round_robin_3,SETTLED_LOSS,6,,,5,-5.00,02/26/2026 00:30:00 GMT,02/26/2026 03:42:18 GMT,2026-02-26T00:30:00.000Z,2026-02-26T03:42:18.000Z,Under 13.5 Devin Vassell Points San Antonio Spurs vs. Toronto Raptors | Over 15.5 Jarrett Allen Points Cleveland Cavaliers vs. Milwaukee Bucks | Under 7.5 Jonas Valanciunas Points Boston Celtics vs. Denver Nuggets,,Basketball,NBA
VnbKndy,DK Pick6,round_robin_3,SETTLED_LOSS,3,,,5,-5.00,02/26/2026 00:30:00 GMT,02/26/2026 03:43:16 GMT,2026-02-26T00:30:00.000Z,2026-02-26T03:43:16.000Z,Over 9.5 Dylan Harper Points San Antonio Spurs vs. Toronto Raptors | Under 3.5 Aaron Wiggins Rebounds Oklahoma City Thunder vs. Detroit Pistons | Under 4.5 Donovan Mitchell Rebounds Cleveland Cavaliers vs. Milwaukee Bucks,,Basketball,NBA
1493701023,PrizePicks,parlay,SETTLED_LOSS,6,,,5,-5.00,02/26/2026 00:28:41 GMT,02/26/2026 03:30:00 GMT,2026-02-26T00:28:41.292Z,2026-02-26T03:30:00.000Z,Under 11.5 Filip Borovicanin Points XAV vs. PROV | Under 17.5 AJ Storr Points MISS vs. LSU | Under 1.5 Simon Benoit Blocked Shots TOR vs. TB,,Basketball | Ice Hockey,NCAAM | NHL
1493691988,PrizePicks,parlay,SETTLED_LOSS,6,,,10,-10.00,02/26/2026 00:26:31 GMT,02/26/2026 03:41:00 GMT,2026-02-26T00:26:31.978Z,2026-02-26T03:41:00.000Z,Over 8.5 Kris Dunn Rebs+Asts LAC vs. MIN | Under 17.5 Jakob Poeltl Pts+Rebs+Asts TOR vs. SAS | Over 5.5 Jacob Melanson Hits SEA vs. DAL,,Basketball | Ice Hockey,NBA | NHL
1493625680,PrizePicks,parlay,SETTLED_LOSS,6,,,20,-20.00,02/26/2026 00:08:09 GMT,02/26/2026 03:41:00 GMT,2026-02-26T00:08:09.844Z,2026-02-26T03:41:00.000Z,Under 6.5 Taj Manning Points KSU vs. COLO | Over 3.5 Derrick Jones Rebounds LAC vs. MIN | Under 8.5 RJ Barrett Rebs+Asts TOR vs. SAS,,Basketball,NCAAM | NBA
6bd12d8e-b182-48a4-9eda-aea3bc3a6b12,Underdog,parlay,SETTLED_LOSS,5.33,,,10,-10.00,02/25/2026 23:42:32 GMT,02/26/2026 03:30:00 GMT,2026-02-25T23:42:32.000Z,2026-02-26T03:30:00.000Z,Lower 4.5 Jaylin Williams Assists O/U OKC @ DET | Lower 1.5 Will Richard Steals O/U GSW @ MEM | Lower 3.5 Jaylen Wells Rebounds O/U GSW @ MEM,,Basketball,NBA
699f73d619841d4836958262,Betr Picks,parlay,SETTLED_LOSS,6,,,5,-5.00,02/25/2026 22:12:38 GMT,02/26/2026 06:05:49 GMT,2026-02-25T22:12:38.559Z,2026-02-26T06:05:49.828Z,Over 1.5 Myles Turner 3PT Made CLE vs. MIL | Over 2.5 Sam Hauser 3PT Made BOS vs. DEN | Over 9.5 Nikola Jokić Assists BOS vs. DEN,,Basketball,NBA
6618dcc9-7562-4434-9262-b1afb54a88fc,Underdog,parlay,SETTLED_VOID,3.5,,,5,0.00,02/25/2026 21:11:44 GMT,02/26/2026 06:00:00 GMT,2026-02-25T21:11:44.000Z,2026-02-26T06:00:00.000Z,Lower 2.5 Owen Tippett Shots on Goal O/U PHI @ WSH | Higher 21.5 Nikola Vucevic Pts + Rebs + Asts O/U BOS @ DEN,,Ice Hockey | Basketball,NHL | NBA
c2ce1137-f464-4846-ab04-8f75a8f1227f,Underdog,parlay,SETTLED_VOID,3.43,,,5,0.00,02/25/2026 20:55:06 GMT,02/26/2026 04:00:00 GMT,2026-02-25T20:55:06.000Z,2026-02-26T04:00:00.000Z,Higher 19.5 Reed Sheppard Points + Assists O/U SAC @ HOU | Higher 1.5 Keegan Murray 3-Pointers Made O/U SAC @ HOU,,Basketball,NBA
699f58afe981a213682ae269,Betr Picks,parlay,SETTLED_LOSS,6,,,5,-5.00,02/25/2026 20:16:47 GMT,02/26/2026 06:04:43 GMT,2026-02-25T20:16:47.560Z,2026-02-26T06:04:43.585Z,Over 0.5 Jarrett Allen Double Doubles CLE vs. MIL | Over 11 Jamal Murray AST+REB BOS vs. DEN | Under 10.5 Jaylin Williams Points OKC vs. DET,,Basketball,NBA
699f499d19841d4836957f6f,Betr Picks,parlay,SETTLED_WIN,6,,,5,25.00,02/25/2026 19:12:29 GMT,02/26/2026 03:53:42 GMT,2026-02-25T19:12:29.211Z,2026-02-26T03:53:42.435Z,Under 1.5 Myles Turner Blocks CLE vs. MIL | Under 23.5 Victor Wembanyama Points SA vs. TOR | Under 3.5 Tyler Nickel Rebounds GA vs. VAND,,Basketball,NBA | NCAAM
f461ac8b-2a36-4359-827a-31911d01886d,Underdog,parlay,SETTLED_LOSS,3.5,,,5,-5.00,02/25/2026 18:30:53 GMT,02/26/2026 03:30:00 GMT,2026-02-25T18:30:53.000Z,2026-02-26T03:30:00.000Z,Lower 9.5 Brandon Ingram Rebounds + Assists O/U SAS @ TOR | Higher 1.5 Cason Wallace Steals O/U OKC @ DET,,Basketball,NBA
699f360c6d260e46d771a5dd,Betr Picks,parlay,SETTLED_WIN,6,,,10,50.00,02/25/2026 17:49:00 GMT,02/26/2026 06:04:04 GMT,2026-02-25T17:49:00.566Z,2026-02-26T06:04:04.795Z,Over 24.5 Nikola Jokić Points BOS vs. DEN | Over 10.5 Jamal Shead PTS+AST SA vs. TOR | Over 0.5 Jarrett Allen Double Doubles CLE vs. MIL,,Basketball,NBA
1492987638,PrizePicks,parlay,SETTLED_VOID,5,,,5,0.00,02/25/2026 17:37:38 GMT,02/26/2026 06:14:00 GMT,2026-02-25T17:37:38.556Z,2026-02-26T06:14:00.000Z,Over 17.5 Moses Moody Points GSW vs. MEM | Over 2.5 Derrick White 3-PT Made BOS vs. DEN | Under 3.5 Jeremy Lauzon Hits VGK vs. LA,,Basketball | Ice Hockey,NBA | NHL
ba79cd79-f33b-4105-9b25-2e29e270f88a,Underdog,parlay,SETTLED_LOSS,3.5,,,6.25,-6.25,02/25/2026 15:36:39 GMT,02/26/2026 04:00:00 GMT,2026-02-25T15:36:39.000Z,2026-02-26T04:00:00.000Z,Higher 9.5 Al Horford Rebounds + Assists O/U GSW @ MEM | Higher 9.5 Kevin Durant Rebounds + Assists O/U SAC @ HOU,,Basketball,NBA
1492880945,PrizePicks,round_robin_3,SETTLED_LOSS,3,,,5,-5.00,02/25/2026 15:35:05 GMT,02/25/2026 19:00:00 GMT,2026-02-25T15:35:05.982Z,2026-02-25T19:00:00.000Z,Under 0.5 Nathan MacKinnon Goals COL vs. UTA | Under 16.5 Amon Dörries Points BUCK vs. ARMY | Over 9.5 Al Horford Rebs+Asts GSW vs. MEM,,Ice Hockey | Basketball,NHL | NCAAM | NBA
699f13e56031e1ba9781d914,Betr Picks,parlay,SETTLED_LOSS,6,,,10,-10.00,02/25/2026 15:23:17 GMT,02/26/2026 07:00:16 GMT,2026-02-25T15:23:17.748Z,2026-02-26T07:00:16.088Z,Under 5.5 Mason Falslev Rebounds UTAHST vs. SDST | Over 9.5 Gui Santos AST+REB GS vs. MEM | Over 27.5 Kevin Durant PTS+AST SAC vs. HOU,,Basketball,NCAAM | NBA
1492870426,PrizePicks,parlay,SETTLED_VOID,6,,,5,0.00,02/25/2026 15:20:43 GMT,02/26/2026 06:13:00 GMT,2026-02-25T15:20:43.829Z,2026-02-26T06:13:00.000Z,Over 9.5 Kevin Durant Rebs+Asts HOU vs. SAC | Over 6.5 Jamal Murray Assists DEN vs. BOS | Under 15.5 Tari Eason Points HOU vs. SAC,,Basketball,NBA
699e4a3c7622bdef4ec275e8,Betr Picks,parlay,SETTLED_LOSS,6,,,5,-5.00,02/25/2026 01:02:52 GMT,02/25/2026 04:09:43 GMT,2026-02-25T01:02:52.753Z,2026-02-25T04:09:43.085Z,Under 23.5 De'Anthony Melton Pts+Rebs+Asst GS vs. NO | Over 21.5 Gui Santos Pts+Rebs+Asst GS vs. NO | Under 19.5 Moussa Diabaté PTS+REB CHA vs. CHI,,Basketball,NBA
699e4651e62c27ba2e117b41,Betr Picks,parlay,SETTLED_LOSS,6,,,5,-5.00,02/25/2026 00:46:09 GMT,02/25/2026 06:34:32 GMT,2026-02-25T00:46:09.985Z,2026-02-25T06:34:32.305Z,Under 4.5 Ryan Dunn Rebounds BOS vs. PHO | Under 12.5 LeBron James AST+REB ORL vs. LAL | Under 12.5 Kevin Porter Jr. AST+REB MIA vs. MIL,,Basketball,NBA
1492150863,PrizePicks,parlay,SETTLED_LOSS,3,,,15,-15.00,02/25/2026 00:43:46 GMT,02/25/2026 06:40:00 GMT,2026-02-25T00:43:46.222Z,2026-02-25T06:40:00.000Z,Under 6.5 Zion Williamson Rebounds NOP vs. GSW | Over 23.5 Luka Dončić Points LAL vs. ORL,,Basketball,NBA
1492145521,PrizePicks,parlay,SETTLED_LOSS,6,,,10,-10.00,02/25/2026 00:40:09 GMT,02/25/2026 03:41:00 GMT,2026-02-25T00:40:09.550Z,2026-02-25T03:41:00.000Z,Over 23.5 Luka Dončić Points LAL vs. ORL | Under 6.5 Payton Pritchard Assists BOS vs. PHX | Under 20.5 Isaiah Joe Pts+Rebs+Asts OKC vs. TOR,,Basketball,NBA
rYzPYGY,DK Pick6,round_robin_3,SETTLED_LOSS,6,,,10,-10.00,02/25/2026 00:00:00 GMT,02/25/2026 03:42:51 GMT,2026-02-25T00:00:00.000Z,2026-02-25T03:42:51.000Z,Over 23.5 Jalen Brunson Points New York Knicks vs. Cleveland Cavaliers | Over 8.5 Kon Knueppel Assists + Rebounds Charlotte Hornets vs. Chicago Bulls | Over 5.5 Oso Ighodaro Points Boston Celtics vs. Phoenix Suns,,Basketball,NBA
699e245feee68e9bc5272f34,Betr Picks,parlay,SETTLED_LOSS,6,,,5,-5.00,02/24/2026 22:21:19 GMT,02/25/2026 06:20:13 GMT,2026-02-24T22:21:19.089Z,2026-02-25T06:20:13.665Z,Under 5.5 RJ Barrett Rebounds OKC vs. TOR | Under 5.5 Anthony Edwards Rebounds MIN vs. POR | Under 10.5 Moussa Diabaté Rebounds CHA vs. CHI,,Basketball,NBA
bc9d154f-b66d-4b70-8eb9-7083d7cd3561,Underdog,parlay,SETTLED_LOSS,3.5,,,5,-5.00,02/24/2026 21:42:54 GMT,02/25/2026 06:00:00 GMT,2026-02-24T21:42:54.000Z,2026-02-25T06:00:00.000Z,Higher 5.5 Scoot Henderson Assists O/U MIN @ POR | Higher 7.5 Anthony Black Rebounds + Assists O/U ORL @ LAL,,Basketball,NBA
699e12c344dc89639bc7e0f0,Betr Picks,parlay,SETTLED_LOSS,6,,,10,-10.00,02/24/2026 21:06:11 GMT,02/25/2026 06:19:41 GMT,2026-02-24T21:06:11.085Z,2026-02-25T06:19:41.157Z,Over 8.5 Jock Landale Points WAS vs. ATL | Over 26.5 Anthony Edwards Points MIN vs. POR | Over 10.5 Jrue Holiday AST+REB MIN vs. POR,,Basketball,NBA
1491658196,PrizePicks,parlay,SETTLED_LOSS,6,,,10,-10.00,02/24/2026 21:01:23 GMT,02/25/2026 04:10:00 GMT,2026-02-24T21:01:23.758Z,2026-02-25T04:10:00.000Z,Over 22.5 Kevin Porter Pts+Rebs+Asts MIL vs. MIA | Over 8.5 Saddiq Bey Rebs+Asts NOP vs. GSW | Over 3.5 Jerami Grant Rebounds POR vs. MIN,,Basketball,NBA
3f9bb17d-2ffc-46f3-be0c-34a031a74d8c,Underdog,parlay,SETTLED_WIN,3.5,,,7.5,18.75,02/24/2026 20:13:00 GMT,02/25/2026 06:00:00 GMT,2026-02-24T20:13:00.000Z,2026-02-25T06:00:00.000Z,Higher 10.5 Brandin Podziemski Rebounds + Assists O/U GSW @ NOP | Lower 4.5 Jrue Holiday Rebounds O/U MIN @ POR,,Basketball,NBA
1491580948,PrizePicks,parlay,SETTLED_LOSS,6,,,10,-10.00,02/24/2026 20:12:08 GMT,02/25/2026 06:10:00 GMT,2026-02-24T20:12:08.006Z,2026-02-25T06:10:00.000Z,Over 23.5 James Harden Pts+Rebs+Asts CLE vs. NYK | Under 12.5 Kris Murray Pts+Rebs+Asts POR vs. MIN | Over 12.5 Mitchell Robinson Pts+Rebs+Asts NYK vs. CLE,,Basketball,NBA
699df6ff2d1979e018d083c9,Betr Picks,parlay,SETTLED_LOSS,6,,,5,-5.00,02/24/2026 19:07:43 GMT,02/25/2026 06:34:21 GMT,2026-02-24T19:07:43.751Z,2026-02-25T06:34:21.010Z,Under 7.5 Pelle Larsson AST+REB MIA vs. MIL | Under 9.5 Naz Reid AST+REB MIN vs. POR | Under 7.5 Desmond Bane AST+REB ORL vs. LAL,,Basketball,NBA
1491417308,PrizePicks,parlay,SETTLED_LOSS,6,,,10,-10.00,02/24/2026 18:31:24 GMT,02/25/2026 04:10:00 GMT,2026-02-24T18:31:24.267Z,2026-02-25T04:10:00.000Z,Over 23.5 James Harden Pts+Rebs+Asts CLE vs. NYK | Over 8.5 Davion Mitchell Rebs+Asts MIA vs. MIL | Over 21.5 Josh Giddey Pts+Asts CHI vs. CHA,,Basketball,NBA
a29fbae8-35cb-43ad-9d64-0f91ed3af07d,Underdog,parlay,SETTLED_LOSS,3.5,,,5,-5.00,02/24/2026 16:12:22 GMT,02/25/2026 03:30:00 GMT,2026-02-24T16:12:22.000Z,2026-02-25T03:30:00.000Z,Lower 5.5 Tristan Vukcevic Rebounds O/U WAS @ ATL | Higher 27.5 Payton Pritchard Pts + Rebs + Asts O/U BOS @ PHX,,Basketball,NBA
699dcd345339c6bb94fc81db,Betr Picks,parlay,SETTLED_WIN,6,,,5,25.00,02/24/2026 16:09:24 GMT,02/25/2026 04:03:31 GMT,2026-02-24T16:09:24.681Z,2026-02-25T04:03:31.558Z,Under 10.5 Bam Adebayo Rebounds MIA vs. MIL | Under 15.5 Yaxel Lendeborg Points MINNST vs. MICH | Under 9.5 Moussa Diabaté Points CHA vs. CHI,,Basketball,NBA | NCAAM
1491231247,PrizePicks,parlay,SETTLED_LOSS,6,,,5,-5.00,02/24/2026 15:46:37 GMT,02/25/2026 04:10:00 GMT,2026-02-24T15:46:37.569Z,2026-02-25T04:10:00.000Z,Under 5.5 Royce O'Neale Rebounds PHX vs. BOS | Over 4.5 Dean Wade Points CLE vs. NYK | Over 6.5 Tre Jones Rebs+Asts CHI vs. CHA,,Basketball,NBA
1491230515,PrizePicks,parlay,SETTLED_LOSS,6,,,5,-5.00,02/24/2026 15:45:28 GMT,02/25/2026 03:43:00 GMT,2026-02-24T15:45:28.298Z,2026-02-25T03:43:00.000Z,Under 6.5 Jerami Grant Rebs+Asts POR vs. MIN | Over 0.5 Deandre Ayton Assists LAL vs. ORL | Under 8.5 Jaylon Tyson Points CLE vs. NYK,,Basketball,NBA
699dc66e966a2c51960fa9e0,Betr Picks,parlay,SETTLED_LOSS,6,,,10,-10.00,02/24/2026 15:40:30 GMT,02/25/2026 04:45:41 GMT,2026-02-24T15:40:30.957Z,2026-02-25T04:45:41.320Z,Over 27.5 Karl-Anthony Towns PTS+REB NY vs. CLE | Over 11.5 Guerschon Yabusele PTS+AST CHA vs. CHI | Over 7.5 Neemias Queta Rebounds BOS vs. PHO,,Basketball,NBA
1490188015,PrizePicks,parlay,SETTLED_LOSS,6,,,5,-5.00,02/23/2026 19:10:43 GMT,02/24/2026 03:13:00 GMT,2026-02-23T19:10:43.176Z,2026-02-24T03:13:00.000Z,Over 5.5 Cade Cunningham Rebounds DET vs. SAS | Over 1.5 Keegan Murray 3-PT Made SAC vs. MEM | Under 17.5 Jalen Duren Points DET vs. SAS,,Basketball,NBA
b5fdf50c-6caa-42da-ad7f-9044530f9b75,Underdog,parlay,SETTLED_LOSS,3.5,,,5,-5.00,02/23/2026 19:01:56 GMT,02/24/2026 05:30:00 GMT,2026-02-23T19:01:56.000Z,2026-02-24T05:30:00.000Z,Lower 1.5 Cam Spencer 3-Pointers Made O/U SAC @ MEM | Lower 2.5 Kyle Filipowski Assists O/U UTA @ HOU,,Basketball,NBA
699c96c644dc89639bc7d120,Betr Picks,parlay,SETTLED_LOSS,6,,,10,-10.00,02/23/2026 18:04:54 GMT,02/24/2026 07:15:33 GMT,2026-02-23T18:04:54.991Z,2026-02-24T07:15:33.260Z,Over 5.5 GG Jackson II Rebounds SAC vs. MEM | Over 23.5 Kevin Durant Points UTA vs. HOU | Over 10.5 Victor Wembanyama Rebounds SA vs. DET,,Basketball,NBA
1490108587,PrizePicks,parlay,SETTLED_LOSS,6,,,5,-5.00,02/23/2026 17:50:12 GMT,02/24/2026 04:10:00 GMT,2026-02-23T17:50:12.927Z,2026-02-24T04:10:00.000Z,Over 15.5 Walter Clayton Pts+Asts MEM vs. SAC | Over 4.5 Cam Spencer Assists MEM vs. SAC | Under 6.5 Dorian Finney-Smith Points HOU vs. UTA,,Basketball,NBA
1490083783,PrizePicks,parlay,SETTLED_LOSS,6,,,5,-5.00,02/23/2026 17:28:36 GMT,02/24/2026 03:13:00 GMT,2026-02-23T17:28:36.259Z,2026-02-24T03:13:00.000Z,Over 13.5 Tari Eason Points HOU vs. UTA | Under 11.5 Devin Vassell Points SAS vs. DET | Under 5.5 Malik Monk Rebs+Asts SAC vs. MEM,,Basketball,NBA
699c877f3f131e6e21d1652e,Betr Picks,parlay,SETTLED_WIN,6,,,10,50.00,02/23/2026 16:59:43 GMT,02/24/2026 07:25:06 GMT,2026-02-23T16:59:43.311Z,2026-02-24T07:25:06.197Z,Over 0.5 Maxime Raynaud Double Doubles SAC vs. MEM | Over 30.5 Victor Wembanyama PTS+REB SA vs. DET | Over 8.5 Russell Westbrook AST+REB SAC vs. MEM,,Basketball,NBA
1490035218,PrizePicks,parlay,SETTLED_VOID,6,,,5,0.00,02/23/2026 16:36:59 GMT,02/24/2026 04:10:00 GMT,2026-02-23T16:36:59.402Z,2026-02-24T04:10:00.000Z,Over 4.5 Ty Jerome Assists MEM vs. SAC | Over 7.5 Walter Clayton Rebs+Asts MEM vs. SAC | Over 7.5 Keegan Murray Rebs+Asts SAC vs. MEM,,Basketball,NBA
1331693534910115840,Sleeper,parlay,SETTLED_LOSS,3.79,,,10,-10.00,02/23/2026 16:09:49 GMT,02/23/2026 19:09:49 GMT,2026-02-23T16:09:49.694Z,2026-02-23T19:09:49.694Z,O 24.5 Kevin Durant Points UTA @ HOU | O 3.5 Ace Bailey Rebounds UTA @ HOU | O 0.5 Jalen Duren Double Double SAS @ DET,,Basketball,NBA
1331692292955709440,Sleeper,parlay,SETTLED_PUSH,3.56,,,10,0.00,02/23/2026 16:04:53 GMT,02/24/2026 04:55:33 GMT,2026-02-23T16:04:53.588Z,2026-02-24T04:55:33.674Z,O 7.5 Jarrett Allen Rebounds NYK @ CLE | O 3.5 Ace Bailey Rebounds UTA @ HOU | O 0.5 Jalen Duren Double Double SAS @ DET,,Basketball,NBA
7b92c872-5517-4b0d-9886-68be0f20e301,Underdog,parlay,SETTLED_WIN,3.5,,,5,12.50,02/23/2026 14:09:13 GMT,02/24/2026 03:00:00 GMT,2026-02-23T14:09:13.000Z,2026-02-24T03:00:00.000Z,Lower 3.5 Luka Bogavac Rebounds O/U LOU @ UNC | Lower 18.5 Dylan Harper Pts + Rebs + Asts O/U SAS @ DET,,Basketball,NCAAM | NBA
699bb45dc63a2d453a897bec,Betr Picks,parlay,SETTLED_LOSS,6,,,5,-5.00,02/23/2026 01:58:53 GMT,02/23/2026 05:10:18 GMT,2026-02-23T01:58:53.472Z,2026-02-23T05:10:18.491Z,Over 12.5 Paolo Banchero AST+REB ORL vs. LAC | Over 10.5 Derrick Jones Jr. Points ORL vs. LAC | Under 9.5 Kris Dunn AST+REB ORL vs. LAC,,Basketball,NBA
699ba0fd2895f85e259c58ca,Betr Picks,parlay,SETTLED_LOSS,6,,,5,-5.00,02/23/2026 00:36:13 GMT,02/23/2026 05:09:46 GMT,2026-02-23T00:36:13.999Z,2026-02-23T05:09:46.842Z,Over 4.5 Guerschon Yabusele Rebounds NY vs. CHI | Over 7.5 Desmond Bane AST+REB ORL vs. LAC | Under 5.5 Bennedict Mathurin Rebounds ORL vs. LAC,,Basketball,NBA
699b9c65bb4a26348199965b,Betr Picks,parlay,SETTLED_LOSS,6,,,5,-5.00,02/23/2026 00:16:37 GMT,02/23/2026 04:01:12 GMT,2026-02-23T00:16:37.219Z,2026-02-23T04:01:12.263Z,Over 14.5 Karl-Anthony Towns AST+REB NY vs. CHI | Under 3.5 Jose Alvarado Assists NY vs. CHI | Under 3.5 Jerami Grant Rebounds POR vs. PHO,,Basketball,NBA
699b955b9c21e78c16b699a7,Betr Picks,parlay,SETTLED_WIN,6,,,10,20.00,02/22/2026 23:46:35 GMT,02/23/2026 05:10:33 GMT,2026-02-22T23:46:35.156Z,2026-02-23T05:10:33.222Z,Over 8.5 Wendell Carter Jr. AST+REB ORL vs. LAC | Over 10.5 Guerschon Yabusele PTS+AST NY vs. CHI | Over 11.5 Deni Avdija AST+REB POR vs. PHO,,Basketball,NBA
699b925f3f9b60fa97763311,Betr Picks,parlay,SETTLED_WIN,6,,,5,10.00,02/22/2026 23:33:51 GMT,02/23/2026 04:01:07 GMT,2026-02-22T23:33:51.308Z,2026-02-23T04:01:07.604Z,Under 5.5 Matas Buzelis Rebounds NY vs. CHI | Under 5.5 Jalen Brunson FT Made NY vs. CHI | Under 3.5 Grayson Allen Rebounds POR vs. PHO,,Basketball,NBA
699b90dac63a2d453a89795c,Betr Picks,parlay,SETTLED_LOSS,6,,,5,-5.00,02/22/2026 23:27:22 GMT,02/23/2026 04:01:18 GMT,2026-02-22T23:27:22.012Z,2026-02-23T04:01:18.745Z,Over 4.5 Guerschon Yabusele Rebounds NY vs. CHI | Over 4.5 Tre Jones Assists NY vs. CHI | Under 12.5 Karl-Anthony Towns Rebounds NY vs. CHI,,Basketball,NBA
d5f5017b-abaa-44ba-a660-f0e935bcfbe0,Underdog,parlay,SETTLED_VOID,3.5,,,10,0.00,02/22/2026 23:10:28 GMT,02/23/2026 04:00:00 GMT,2026-02-22T23:10:28.000Z,2026-02-23T04:00:00.000Z,Higher 3.5 Derrick White Rebounds O/U BOS @ LAL | Lower 3.5 Grayson Allen Rebounds O/U POR @ PHX,,Basketball,NBA
699b88c79323549b1b090b83,Betr Picks,parlay,SETTLED_LOSS,6,,,5,-5.00,02/22/2026 22:52:55 GMT,02/23/2026 05:08:42 GMT,2026-02-22T22:52:55.894Z,2026-02-23T05:08:42.941Z,Over 7.5 Ryan Kalkbrenner Rebounds CHA vs. WAS | Over 9.5 Nikola Vučević AST+REB BOS vs. LAL | Under 3.5 Desmond Bane Assists ORL vs. LAC,,Basketball,NBA
699b74d69c21e78c16b6964d,Betr Picks,parlay,SETTLED_LOSS,6,,,5,-5.00,02/22/2026 21:27:50 GMT,02/23/2026 05:08:51 GMT,2026-02-22T21:27:50.058Z,2026-02-23T05:08:51.283Z,Over 4.5 Jay Huff Rebounds DAL vs. IND | Over 7.5 Grayson Allen AST+REB POR vs. PHO | Over 6.5 Kawhi Leonard Rebounds ORL vs. LAC,,Basketball,NBA
f1da9854-ea51-462c-bbba-9de1e8a3e404,Underdog,parlay,SETTLED_LOSS,3.5,,,5,-5.00,02/22/2026 21:15:34 GMT,02/23/2026 04:00:00 GMT,2026-02-22T21:15:34.000Z,2026-02-23T04:00:00.000Z,Higher 12.5 Brandon Williams Points O/U DAL @ IND | Higher 4.5 Collin Gillespie Rebounds O/U POR @ PHX,,Basketball,NBA
699b6a5c3a1143d88b985648,Betr Picks,parlay,SETTLED_LOSS,6,,,5,-5.00,02/22/2026 20:43:08 GMT,02/23/2026 03:48:16 GMT,2026-02-22T20:43:08.894Z,2026-02-23T03:48:16.870Z,Over 9.5 Derrick White AST+REB BOS vs. LAL | Under 7.5 Scoot Henderson AST+REB POR vs. PHO | Under 22.5 Max Christie Pts+Rebs+Asst DAL vs. IND,,Basketball,NBA
1488941525,PrizePicks,round_robin_3,SETTLED_WIN,3,,,10,20.00,02/22/2026 20:41:38 GMT,02/23/2026 04:12:00 GMT,2026-02-22T20:41:38.449Z,2026-02-23T04:12:00.000Z,Under 23.5 Mark Williams Pts+Rebs+Asts PHX vs. POR | Over 6.5 Deni Avdija Rebounds POR vs. PHX | Over 16.5 Khris Middleton Pts+Rebs+Asts DAL vs. IND,,Basketball,NBA
699b5526c63a2d453a897346,Betr Picks,parlay,SETTLED_LOSS,6,,,10,-10.00,02/22/2026 19:12:38 GMT,02/23/2026 03:59:57 GMT,2026-02-22T19:12:38.229Z,2026-02-23T03:59:57.286Z,Under 9.5 Jalen Brunson AST+REB NY vs. CHI | Under 12.5 Dyson Daniels AST+REB BKN vs. ATL | Over 30.5 Anthony Edwards PTS+REB PHI vs. MIN,,Basketball,NBA
1488625411,PrizePicks,parlay,SETTLED_LOSS,6,,,5,-5.00,02/22/2026 18:10:24 GMT,02/23/2026 02:40:00 GMT,2026-02-22T18:10:24.700Z,2026-02-23T02:40:00.000Z,Under 4.5 Anthony Black Assists ORL vs. LAC | Under 7.5 Ayo Dosunmu Rebs+Asts MIN vs. PHI | Over 11.5 Marcus Smart Pts+Rebs+Asts LAL vs. BOS,,Basketball,NBA
1331360069727555584,Sleeper,parlay,SETTLED_LOSS,16.3,,,6.3,-6.30,02/22/2026 18:04:45 GMT,02/22/2026 21:04:45 GMT,2026-02-22T18:04:45.399Z,2026-02-22T21:04:45.399Z,O 0.5 Kyle Kuzma Threes Made TOR @ MIL | O 1.5 Matas Buzelis Assists NYK @ CHI | O 7.5 Luka Dončić Assists BOS @ LAL | O 0.5 Khris Middleton Threes Made DAL @ IND | U 14.5 Draymond Green Points & Assists DEN @ GSW,,Basketball,NBA
pgL57NR,DK Pick6,round_robin_3,SETTLED_LOSS,6,,,10,-10.00,02/22/2026 18:00:00 GMT,02/22/2026 23:45:36 GMT,2026-02-22T18:00:00.000Z,2026-02-22T23:45:36.000Z,Over 25.5 Jaylen Brown Points Boston Celtics vs. Los Angeles Lakers | Under 12.5 Karl-Anthony Towns Rebounds New York Knicks vs. Chicago Bulls | Over 2.5 Christian Braun Assists Denver Nuggets vs. Golden State Warriors,,Basketball,NBA
rYzgYYV,DK Pick6,round_robin_3,SETTLED_LOSS,6,,,10,-10.00,02/22/2026 18:00:00 GMT,02/23/2026 02:11:21 GMT,2026-02-22T18:00:00.000Z,2026-02-23T02:11:21.000Z,Over 26.5 Luka Doncic Points Boston Celtics vs. Los Angeles Lakers | Over 9.5 Deandre Ayton Points Boston Celtics vs. Los Angeles Lakers | Over 10.5 Grant Williams Points Charlotte Hornets vs. Washington Wizards,,Basketball,NBA
KQ8KL4z,DK Pick6,round_robin_3,SETTLED_LOSS,6,,,9,-9.00,02/22/2026 18:00:00 GMT,02/22/2026 23:45:36 GMT,2026-02-22T18:00:00.000Z,2026-02-22T23:45:36.000Z,Over 2.5 Karl-Anthony Towns Assists New York Knicks vs. Chicago Bulls | Under 9.5 VJ Edgecombe Assists + Rebounds Philadelphia 76ers vs. Minnesota Timberwolves | Under 41.5 Nikola Jokic Points + Rebounds Denver Nuggets vs. Golden State Warriors,,Basketball,NBA
KQ8KQp7,DK Pick6,round_robin_2,SETTLED_LOSS,3,,,10,-10.00,02/22/2026 18:00:00 GMT,02/22/2026 21:10:55 GMT,2026-02-22T18:00:00.000Z,2026-02-22T21:10:55.000Z,Over 22.5 Donovan Mitchell Points Cleveland Cavaliers vs. Oklahoma City Thunder | Under 17.5 Aaron Wiggins Points + Rebounds Cleveland Cavaliers vs. Oklahoma City Thunder,,Basketball,NBA
RVLqjbb,DK Pick6,round_robin_2,SETTLED_LOSS,3.9,,,10,-10.00,02/22/2026 18:00:00 GMT,02/22/2026 21:10:55 GMT,2026-02-22T18:00:00.000Z,2026-02-22T21:10:55.000Z,Over 6.5 Evan Mobley Rebounds Cleveland Cavaliers vs. Oklahoma City Thunder | Under 1.5 Pat Spencer 3-Pointers Made Denver Nuggets vs. Golden State Warriors,,Basketball,NBA
ZzM8mg7,DK Pick6,round_robin_3,SETTLED_LOSS,5.91,,,5,-5.00,02/22/2026 18:00:00 GMT,02/22/2026 21:10:55 GMT,2026-02-22T18:00:00.000Z,2026-02-22T21:10:55.000Z,Over 1.5 Cameron Johnson 3-Pointers Made Denver Nuggets vs. Golden State Warriors | Under 1.5 Jarrett Allen Assists Cleveland Cavaliers vs. Oklahoma City Thunder | Under 9.5 Sam Merrill Points Cleveland Cavaliers vs. Oklahoma City Thunder,,Basketball,NBA
1331358653353033728,Sleeper,parlay,SETTLED_PUSH,2.8600000000000003,,,10,0.00,02/22/2026 17:59:07 GMT,02/22/2026 20:59:07 GMT,2026-02-22T17:59:07.709Z,2026-02-22T20:59:07.709Z,O 24.5 Kawhi Leonard Points ORL @ LAC | O 7.5 Naz Reid Rebounds PHI @ MIN,,Basketball,NBA
699b40ff39d3473d8104d4b2,Betr Picks,parlay,SETTLED_LOSS,6,,,10,-10.00,02/22/2026 17:46:39 GMT,02/23/2026 03:02:09 GMT,2026-02-22T17:46:39.911Z,2026-02-23T03:02:09.605Z,Over 35.5 Jaylen Brown Pts+Rebs+Asst BOS vs. LAL | Over 4.5 Julius Randle Assists PHI vs. MIN | Over 1.5 Jay Huff 3PT Made DAL vs. IND,,Basketball,NBA
1488487902,PrizePicks,parlay,SETTLED_WIN,6,,,5,25.00,02/22/2026 17:18:24 GMT,02/23/2026 04:12:00 GMT,2026-02-22T17:18:24.249Z,2026-02-23T04:12:00.000Z,Under 32.5 Jalen Johnson Pts+Asts ATL vs. BKN | Over 3.5 Kon Knueppel Assists CHA vs. WAS | Under 23.5 Mark Williams Pts+Rebs+Asts PHX vs. POR,,Basketball,NBA
1488441657,PrizePicks,parlay,SETTLED_LOSS,6,,,5,-5.00,02/22/2026 16:55:19 GMT,02/23/2026 01:11:00 GMT,2026-02-22T16:55:19.886Z,2026-02-23T01:11:00.000Z,Over 4.5 Jaylen Brown Assists BOS vs. LAL | Over 5.5 Josh Giddey Rebounds CHI vs. NYK | Over 5.5 Naji Marshall Rebounds DAL vs. IND,,Basketball,NBA
1488354492,PrizePicks,parlay,SETTLED_LOSS,6,,,5,-5.00,02/22/2026 16:01:37 GMT,02/22/2026 23:42:00 GMT,2026-02-22T16:01:37.863Z,2026-02-22T23:42:00.000Z,Under 7.5 Jamal Shead Rebs+Asts TOR vs. MIL | Over 8.5 Royce O'Neale Rebs+Asts PHX vs. POR | Over 5.5 Kris Dunn Assists LAC vs. ORL,,Basketball,NBA
872717e5-e469-4dcf-8aae-86b0708f2703,Underdog,parlay,SETTLED_LOSS,3.5,,,15,-15.00,02/21/2026 23:34:12 GMT,02/22/2026 04:00:00 GMT,2026-02-21T23:34:12.000Z,2026-02-22T04:00:00.000Z,Higher 2.5 Cam Spencer Rebounds O/U MEM @ MIA | Higher 12.5 Rylan Griffen Pts + Rebs + Asts O/U TXAM @ OKLA,,Basketball,NBA | NCAAM
699a39037622bdef4ec2444d,Betr Picks,parlay,SETTLED_LOSS,6,,,5,-5.00,02/21/2026 23:00:19 GMT,02/22/2026 03:56:20 GMT,2026-02-21T23:00:19.833Z,2026-02-22T03:56:20.260Z,Under 10.5 Cade Cunningham Assists DET vs. CHI | Under 4.5 Devin Carter Rebounds SAC vs. SA | Over 11.5 Josh Giddey AST+REB DET vs. CHI,,Basketball,NBA
1487315057,PrizePicks,parlay,SETTLED_LOSS,6,,,5,-5.00,02/21/2026 22:56:44 GMT,02/22/2026 23:40:00 GMT,2026-02-21T22:56:44.753Z,2026-02-22T23:40:00.000Z,Over 6.5 Nic Claxton Rebounds BKN vs. ATL | Over 6.5 Onyeka Okongwu Rebounds ATL vs. BKN | Over 3.5 Egor Dëmin Rebounds BKN vs. ATL,,Basketball,NBA
1487249988,PrizePicks,parlay,SETTLED_WIN,6,,,5,25.00,02/21/2026 22:19:53 GMT,02/22/2026 04:42:00 GMT,2026-02-21T22:19:53.389Z,2026-02-22T04:42:00.000Z,Under 6.5 Jabari Smith Rebounds HOU vs. NYK | Over 4.5 Kevin Durant Rebounds HOU vs. NYK | Over 10.5 Andre Drummond Rebounds PHI vs. NOP,,Basketball,NBA
Bx8Q498,DK Pick6,round_robin_2,SETTLED_WIN,3.9,,,10,29.00,02/21/2026 22:00:00 GMT,02/22/2026 04:10:25 GMT,2026-02-21T22:00:00.000Z,2026-02-22T04:10:25.000Z,Under 3.5 Devin Vassell Rebounds Sacramento Kings vs. San Antonio Spurs | Under 5.5 VJ Edgecombe Rebounds Philadelphia 76ers vs. New Orleans Pelicans,,Basketball,NBA
699a152275dd96d774f6ba3b,Betr Picks,parlay,SETTLED_LOSS,6,,,5,-5.00,02/21/2026 20:27:14 GMT,02/22/2026 03:56:17 GMT,2026-02-21T20:27:14.473Z,2026-02-22T03:56:17.932Z,Under 17.5 Anfernee Simons Points DET vs. CHI | Under 5.5 Adem Bona Rebounds PHI vs. NO | Under 14.5 Victor Wembanyama AST+REB SAC vs. SA,,Basketball,NBA
1486911167,PrizePicks,parlay,SETTLED_LOSS,3,,,7.13,-7.13,02/21/2026 19:37:18 GMT,02/21/2026 23:31:00 GMT,2026-02-21T19:37:18.447Z,2026-02-21T23:31:00.000Z,Under 13.5 Jordan Pope Points TEX vs. UGA | Under 6.5 Mikal Bridges Rebs+Asts NYK vs. HOU,,Basketball,NCAAM | NBA
b50df55d-9ae7-44a7-90c0-fd312e4fa9c2,Underdog,parlay,SETTLED_PUSH,3.5,,,15,0.00,02/21/2026 19:29:48 GMT,02/21/2026 23:30:00 GMT,2026-02-21T19:29:48.000Z,2026-02-21T23:30:00.000Z,Lower 8.5 Luke Bamgboye Rebounds O/U KSU @ TTU | Lower 12.5 Jordan Pope Points O/U TEX @ UGA,,Basketball,NCAAM
699a068f3f9b60fa97761a63,Betr Picks,parlay,SETTLED_LOSS,6,,,5,-5.00,02/21/2026 19:25:03 GMT,02/22/2026 04:02:34 GMT,2026-02-21T19:25:03.896Z,2026-02-22T04:02:34.345Z,Over 4.5 Ty Jerome Assists MEM vs. MIA | Over 7.5 Dylan Harper AST+REB SAC vs. SA | Under 10.5 Nique Clifford Points SAC vs. SA,,Basketball,NBA
1331016767442550784,Sleeper,parlay,SETTLED_LOSS,3,,,10,-10.00,02/21/2026 19:20:35 GMT,02/21/2026 22:20:35 GMT,2026-02-21T19:20:35.756Z,2026-02-21T22:20:35.756Z,O 10.5 Patrick Williams Pts Reb Ast DET @ CHI | U 10.5 Luke Bamgboye Points KSU @ TTU,,Basketball,NBA | NCAAM
1486862342,PrizePicks,round_robin_3,SETTLED_LOSS,4.2,,,10,-10.00,02/21/2026 19:16:43 GMT,02/22/2026 03:11:00 GMT,2026-02-21T19:16:43.214Z,2026-02-22T03:11:00.000Z,Over 2.5 Saddiq Bey Assists NOP vs. PHI | Over 5.5 Ausar Thompson Rebounds DET vs. CHI | Over 5.5 Jalen Suggs Assists ORL vs. PHX,,Basketball,NBA
1331009371408203776,Sleeper,parlay,SETTLED_LOSS,4.59,,,10,-10.00,02/21/2026 18:51:12 GMT,02/21/2026 21:51:12 GMT,2026-02-21T18:51:12.404Z,2026-02-21T21:51:12.404Z,O 0.5 Stephon Castle Threes Made SAC @ SAS | O 1.5 Tyler Herro Threes Made MEM @ MIA | O 1.5 GG Jackson Assists MEM @ MIA,,Basketball,NBA
6999fd5c7d20c92d01e44f74,Betr Picks,parlay,SETTLED_LOSS,6,,,10,-10.00,02/21/2026 18:45:48 GMT,02/22/2026 04:44:16 GMT,2026-02-21T18:45:48.970Z,2026-02-22T04:44:16.388Z,Over 28.5 Jalen Brunson PTS+AST HOU vs. NY | Under 1.5 Herbert Jones 3PT Made PHI vs. NO | Over 4.5 Jaime Jaquez Jr. Assists MEM vs. MIA,,Basketball,NBA
6999f7fa3a1143d88b983f79,Betr Picks,parlay,SETTLED_LOSS,6,,,10,-10.00,02/21/2026 18:22:50 GMT,02/22/2026 04:08:04 GMT,2026-02-21T18:22:50.408Z,2026-02-22T04:08:04.630Z,Over 18.5 Geoff Neal Sig Strikes Neal vs. Medic | Under 9.5 Collin Gillespie AST+REB ORL vs. PHO | Over 3.5 Tyrese Maxey Rebounds PHI vs. NO,,MMA | Basketball,UFC | NBA
69994cf3e62c27ba2e113e4f,Betr Picks,parlay,SETTLED_LOSS,6,,,5,-5.00,02/21/2026 06:13:07 GMT,02/22/2026 03:56:33 GMT,2026-02-21T06:13:07.913Z,2026-02-22T03:56:33.411Z,Over 0.5 Jalen Duren Double Doubles DET vs. CHI | Under 4.5 Julian Champagnie Rebounds SAC vs. SA | Over 7.5 Jalen Smith Rebounds DET vs. CHI,,Basketball,NBA
699915bbb4b2e2b260500218,Betr Picks,parlay,SETTLED_LOSS,6,,,10,-10.00,02/21/2026 02:17:31 GMT,02/21/2026 05:46:53 GMT,2026-02-21T02:17:31.559Z,2026-02-21T05:46:53.503Z,Over 10.5 Donovan Clingan Rebounds DEN vs. POR | Under 7.5 Jamal Murray Assists DEN vs. POR | Over 4.5 Toumani Camara Rebounds DEN vs. POR,,Basketball,NBA
c5c2eabf-0d1b-432c-8bb7-75bd15b18d34,Underdog,parlay,SETTLED_LOSS,3.5,,,15,-15.00,02/21/2026 01:47:19 GMT,02/21/2026 06:00:00 GMT,2026-02-21T01:47:19.000Z,2026-02-21T06:00:00.000Z,Higher 7.5 Marcus Smart Points O/U LAC @ LAL | Higher 2.5 Christian Braun Assists O/U DEN @ POR,,Basketball,NBA
69990e6291f69db1fde380c3,Betr Picks,parlay,SETTLED_LOSS,6,,,5,-5.00,02/21/2026 01:46:10 GMT,02/21/2026 10:57:11 GMT,2026-02-21T01:46:10.431Z,2026-02-21T10:57:11.293Z,Under 6.5 Deni Avdija Rebounds DEN vs. POR | Over 1.5 Scoot Henderson 3PT Made DEN vs. POR | Over 3.5 Brook Lopez Rebounds LAC vs. LAL,,Basketball,NBA
1485734581,PrizePicks,round_robin_5,SETTLED_WIN,14,,,5,9.00,02/21/2026 01:42:24 GMT,02/21/2026 06:15:00 GMT,2026-02-21T01:42:24.380Z,2026-02-21T06:15:00.000Z,Over 15.5 Scoot Henderson Pts+Asts POR vs. DEN | Under 10.5 Jrue Holiday Rebs+Asts POR vs. DEN | Under 12.5 Nikola Jokić Rebounds DEN vs. POR | Over 3.5 Cameron Johnson Rebounds DEN vs. POR | Under 6.5 Kawhi Leonard Rebounds LAC vs. LAL,,Basketball,NBA
1330724949781938176,Sleeper,parlay,SETTLED_LOSS,10.2,,,15,-15.00,02/21/2026 00:01:01 GMT,02/21/2026 03:01:01 GMT,2026-02-21T00:01:01.004Z,2026-02-21T03:01:01.004Z,O 7.5 Jalen Johnson Rebounds MIA @ ATL | O 14.5 Tyler Herro Points MIA @ ATL | U 5.5 Kon Knueppel Rebounds CLE @ CHA | O 5.5 LaMelo Ball Assists CLE @ CHA | O 8.5 Jaime Jaquez Rebounds & Assists MIA @ ATL,,Basketball,NBA
gpbWg79,DK Pick6,round_robin_4,SETTLED_LOSS,10,,,10,-10.00,02/21/2026 00:00:00 GMT,02/21/2026 03:11:40 GMT,2026-02-21T00:00:00.000Z,2026-02-21T03:11:40.000Z,Over 3.5 Anthony Edwards Assists Dallas Mavericks vs. Minnesota Timberwolves | Under 7.5 Tyler Herro Assists + Rebounds Miami Heat vs. Atlanta Hawks | Under 2.5 Bilal Coulibaly Assists Indiana Pacers vs. Washington Wizards | Over 23.5 Donovan Mitchell Points Cleveland Cavaliers vs. Charlotte Hornets,,Basketball,NBA
bPr9qrz,DK Pick6,round_robin_3,SETTLED_LOSS,6,,,10,-10.00,02/21/2026 00:00:00 GMT,02/21/2026 03:10:33 GMT,2026-02-21T00:00:00.000Z,2026-02-21T03:10:33.000Z,Over 3.5 Naji Marshall Assists Dallas Mavericks vs. Minnesota Timberwolves | Over 19.5 Deni Avdija Points Denver Nuggets vs. Portland Trail Blazers | Over 8.5 Gregory Jackson Assists + Rebounds Utah Jazz vs. Memphis Grizzlies,,Basketball,NBA
VnbzzWw,DK Pick6,round_robin_3,SETTLED_LOSS,6,,,10,-10.00,02/21/2026 00:00:00 GMT,02/21/2026 06:15:12 GMT,2026-02-21T00:00:00.000Z,2026-02-21T06:15:12.000Z,Over 22.5 Nikola Jokic Assists + Rebounds Denver Nuggets vs. Portland Trail Blazers | Over 26.5 Luka Doncic Points Los Angeles Clippers vs. Los Angeles Lakers | Over 10.5 Derrick Jones Jr. Points Los Angeles Clippers vs. Los Angeles Lakers,,Basketball,NBA
zLQMQQz,DK Pick6,round_robin_3,SETTLED_LOSS,6,,,5,-5.00,02/21/2026 00:00:00 GMT,02/21/2026 04:10:35 GMT,2026-02-21T00:00:00.000Z,2026-02-21T04:10:35.000Z,Under 14.5 Bobby Portis Points Milwaukee Bucks vs. New Orleans Pelicans | Under 3.5 Jerami Grant Rebounds Denver Nuggets vs. Portland Trail Blazers | Over 2.5 Jaden McDaniels Assists Dallas Mavericks vs. Minnesota Timberwolves,,Basketball,NBA
pgLddPG,DK Pick6,round_robin_3,SETTLED_LOSS,6,,,5,-5.00,02/21/2026 00:00:00 GMT,02/21/2026 06:15:12 GMT,2026-02-21T00:00:00.000Z,2026-02-21T06:15:12.000Z,Under 2.5 Kawhi Leonard 3-Pointers Made Los Angeles Clippers vs. Los Angeles Lakers | Over 2.5 Julian Strawther Rebounds Denver Nuggets vs. Portland Trail Blazers | Over 7.5 Bruce Brown Points Denver Nuggets vs. Portland Trail Blazers,,Basketball,NBA
1485156843,PrizePicks,parlay,SETTLED_LOSS,6,,,5,-5.00,02/20/2026 21:29:00 GMT,02/21/2026 04:10:00 GMT,2026-02-20T21:29:00.283Z,2026-02-21T04:10:00.000Z,Over 1.5 Aaron Wiggins 3-PT Made OKC vs. BKN | Under 5.5 Jaylin Williams Rebounds OKC vs. BKN | Under 3.5 Egor Dëmin Assists BKN vs. OKC,,Basketball,NBA
6998d10bdc8b6d83f0e75a5a,Betr Picks,parlay,SETTLED_WIN,6,,,5,25.00,02/20/2026 21:24:27 GMT,02/21/2026 05:46:21 GMT,2026-02-20T21:24:27.333Z,2026-02-21T05:46:21.677Z,Under 4.5 Jrue Holiday Rebounds DEN vs. POR | Under 3.5 Egor Demin Assists BKN vs. OKC | Under 10.5 Kyle Anderson Points UTA vs. MEM,,Basketball,NBA
6998af55cb0d4035910bc474,Betr Picks,parlay,SETTLED_LOSS,6,,,5,-5.00,02/20/2026 19:00:37 GMT,02/21/2026 03:54:29 GMT,2026-02-20T19:00:37.869Z,2026-02-21T03:54:29.611Z,Under 9.5 Day'Ron Sharpe Rebounds BKN vs. OKC | Under 9.5 Davion Mitchell AST+REB MIA vs. ATL | Under 3.5 Cam Spencer Rebounds UTA vs. MEM,,Basketball,NBA
1330647320647208960,Sleeper,parlay,SETTLED_WIN,3.63,,,10,26.30,02/20/2026 18:52:32 GMT,02/20/2026 21:52:32 GMT,2026-02-20T18:52:32.775Z,2026-02-20T21:52:32.775Z,O 16.5 Austin Reaves Points LAC @ LAL | U 3.5 Kobe Brown Assists IND @ WAS | O 0.5 Donovan Clingan Threes Made DEN @ POR,,Basketball,NBA
1484914027,PrizePicks,parlay,SETTLED_CASH_OUT,6,,,5,-4.61,02/20/2026 18:49:24 GMT,02/21/2026 06:15:00 GMT,2026-02-20T18:49:24.868Z,2026-02-21T06:15:00.000Z,Under 21 Cam Thomas Pts+Rebs+Asts MIL vs. NOP | Over 6.5 LaMelo Ball Assists CHA vs. CLE | Over 11.5 Jamal Murray Rebs+Asts DEN vs. POR,,Basketball,NBA
1484892884,PrizePicks,parlay,SETTLED_CASH_OUT,6,,,5,-2.26,02/20/2026 18:37:27 GMT,02/21/2026 04:11:00 GMT,2026-02-20T18:37:27.613Z,2026-02-21T04:11:00.000Z,Under 19.5 Isaiah Hartenstein Pts+Rebs OKC vs. BKN | Under 21 Cam Thomas Pts+Rebs+Asts MIL vs. NOP | Under 12.5 Day'Ron Sharpe Rebs+Asts BKN vs. OKC,,Basketball,NBA
1484731653,PrizePicks,round_robin_3,SETTLED_LOSS,3,,,5,0.00,02/20/2026 16:38:06 GMT,02/21/2026 03:11:00 GMT,2026-02-20T16:38:06.139Z,2026-02-21T03:11:00.000Z,Over 6.5 Kobe Brown Rebounds IND vs. WAS | Over 4.5 LaMelo Ball Rebounds CHA vs. CLE | Over 9.5 Evan Mobley Rebs+Asts CLE vs. CHA,,Basketball,NBA
699882665339c6bb94fc4326,Betr Picks,parlay,SETTLED_WIN,6,,,5,25.00,02/20/2026 15:48:54 GMT,02/21/2026 10:55:35 GMT,2026-02-20T15:48:54.591Z,2026-02-21T10:55:35.961Z,Over 7.5 Luka Dončić Assists LAC vs. LAL | Over 12.5 Naz Reid Points DAL vs. MIN | Under 12.5 AJ Green Points MIL vs. NO,,Basketball,NBA
69987fc69d4bca2d5db285f2,Betr Picks,parlay,SETTLED_WIN,6,,,10,50.00,02/20/2026 15:37:42 GMT,02/22/2026 02:20:20 GMT,2026-02-20T15:37:42.085Z,2026-02-22T02:20:20.172Z,Over 9.5 Cameron Boozer Rebounds DUKE vs. MICH | Over 7.5 Ryan Kalkbrenner Points CLE vs. CHA | Over 42.5 Luka Dončić Pts+Rebs+Asst LAC vs. LAL,,Basketball,NCAAM | NBA
1484617719,PrizePicks,parlay,SETTLED_WIN,6,,,5,30.00,02/20/2026 14:22:29 GMT,02/21/2026 06:15:00 GMT,2026-02-20T14:22:29.207Z,2026-02-21T06:15:00.000Z,Under 12.5 Scoot Henderson Points POR vs. DEN | Under 18.5 Naji Marshall Points DAL vs. MIN | Under 9.5 Isaiah Hartenstein Rebounds OKC vs. BKN,,Basketball,NBA
1484266432,PrizePicks,parlay,SETTLED_LOSS,6.5,,,10,0.00,02/20/2026 04:25:55 GMT,02/20/2026 07:25:55 GMT,2026-02-20T04:25:55.253Z,2026-02-20T07:25:55.253Z,Over 8.5 Desmond Bane Points ORL vs. SAC | Over 9.5 Pat Spencer Points GSW vs. BOS | Over 7.5 Neemias Queta Points BOS vs. GSW,,Basketball,NBA
1330405317216854016,Sleeper,parlay,SETTLED_LOSS,2.24,,,16.04,-16.04,02/20/2026 02:50:54 GMT,02/20/2026 05:50:54 GMT,2026-02-20T02:50:54.662Z,2026-02-20T05:50:54.662Z,U 3.5 Malik Monk Assists ORL @ SAC | O 1.5 Jaylen Brown Threes Made BOS @ GSW,,Basketball,NBA
1483951510,PrizePicks,round_robin_3,SETTLED_LOSS,3,,,5,-5.00,02/20/2026 02:02:13 GMT,02/20/2026 06:00:00 GMT,2026-02-20T02:02:13.099Z,2026-02-20T06:00:00.000Z,Under 9.5 Kobe Sanders Pts+Rebs+Asts LAC vs. DEN | Over 4.5 Nique Clifford Rebounds SAC vs. ORL | Under 21.5 Kawhi Leonard FG Attempted LAC vs. DEN,,Basketball,NBA
1330391578006552576,Sleeper,parlay,SETTLED_LOSS,2.17,,,10,-10.00,02/20/2026 01:56:18 GMT,02/20/2026 04:56:18 GMT,2026-02-20T01:56:18.979Z,2026-02-20T04:56:18.979Z,U 4.5 Jamal Murray Rebounds DEN @ LAC | U 1.5 Kris Dunn Threes Made DEN @ LAC,,Basketball,NBA
6997b9c36809965963d3a6ef,Betr Picks,parlay,SETTLED_LOSS,6,,,10,-10.00,02/20/2026 01:32:51 GMT,02/20/2026 07:34:32 GMT,2026-02-20T01:32:51.213Z,2026-02-20T07:34:32.223Z,Over 10.5 Brook Lopez PTS+AST DEN vs. LAC | Over 32.5 Victor Wembanyama PTS+REB PHO vs. SA | Under 8.5 Al Horford Points BOS vs. GS,,Basketball,NBA
7MNmKGW,DK Pick6,round_robin_3,SETTLED_LOSS,6,,,5,-5.00,02/20/2026 00:00:00 GMT,02/20/2026 03:11:28 GMT,2026-02-20T00:00:00.000Z,2026-02-20T03:11:28.000Z,Over 6.5 Michael Porter Jr. Rebounds Brooklyn Nets vs. Cleveland Cavaliers | Over 1.5 Tari Eason 3-Pointers Made Houston Rockets vs. Charlotte Hornets | Under 4.5 James Harden Rebounds Brooklyn Nets vs. Cleveland Cavaliers,,Basketball,NBA
Vnb87dn,DK Pick6,round_robin_3,SETTLED_LOSS,6,,,7,-7.00,02/20/2026 00:00:00 GMT,02/20/2026 06:40:21 GMT,2026-02-20T00:00:00.000Z,2026-02-20T06:40:21.000Z,Over 5.5 John Collins Rebounds Denver Nuggets vs. Los Angeles Clippers | Over 4.5 Jonas Valanciunas Rebounds Denver Nuggets vs. Los Angeles Clippers | Over 4.5 Baylor Scheierman Rebounds Boston Celtics vs. Golden State Warriors,,Basketball,NBA
bPrgR4d,DK Pick6,round_robin_3,SETTLED_LOSS,6,,,10,-10.00,02/20/2026 00:00:00 GMT,02/20/2026 04:13:31 GMT,2026-02-20T00:00:00.000Z,2026-02-20T04:13:31.239Z,Over 5.5 Jalen Brunson Assists Detroit Pistons vs. New York Knicks | Over 0.5 Jaylen Brown Points Boston Celtics vs. Golden State Warriors | Under 4.5 Keegan Murray Rebounds Orlando Magic vs. Sacramento Kings,,Basketball,NBA
1330359394692513792,Sleeper,parlay,SETTLED_LOSS,9.86,,,15,-15.00,02/19/2026 23:48:25 GMT,02/20/2026 02:48:25 GMT,2026-02-19T23:48:25.879Z,2026-02-20T02:48:25.879Z,O 0.5 Andrew Nembhard Steals IND @ WAS | O 0.5 Desmond Bane Steals ORL @ SAC | O 0.5 Michael Porter Steals BKN @ CLE | O 0.5 Victor Wembanyama Steals PHX @ SAS | O 0.5 Nickeil Alexander-Walker Steals ATL @ PHI,,Basketball,NBA
1483666309,PrizePicks,round_robin_4,SETTLED_LOSS,6,,,5,-5.00,02/19/2026 23:43:08 GMT,02/20/2026 03:13:00 GMT,2026-02-19T23:43:08.300Z,2026-02-20T03:13:00.000Z,Under 25 Josh Giddey Pts+Rebs+Asts CHI vs. TOR | Over 19.5 Kevin Durant Points HOU vs. CHA | Over 6.5 Quentin Grimes Rebs+Asts PHI vs. ATL | Under 9.5 Kobe Sanders Pts+Rebs+Asts LAC vs. DEN,,Basketball,NBA
69979d94bc2aa8a2dd848b12,Betr Picks,parlay,SETTLED_WIN,6,,,10,50.00,02/19/2026 23:32:36 GMT,02/20/2026 03:19:19 GMT,2026-02-19T23:32:36.194Z,2026-02-20T03:19:19.166Z,Over 7.5 James Harden Assists BKN vs. CLE | Over 37.5 Cade Cunningham Pts+Rebs+Asst DET vs. NY | Under 8.5 Andrew Nembhard Assists IND vs. WAS,,Basketball,NBA
1483606999,PrizePicks,parlay,SETTLED_LOSS,6,,,5,-5.00,02/19/2026 23:19:23 GMT,02/20/2026 03:11:00 GMT,2026-02-19T23:19:23.931Z,2026-02-20T03:11:00.000Z,Under 10.5 Draymond Green Rebs+Asts GSW vs. BOS | Under 4.5 Karl-Anthony Towns Free Throws Made NYK vs. DET | Under 18 Bilal Coulibaly Pts+Rebs+Asts WAS vs. IND,,Basketball,NBA
1483500463,PrizePicks,round_robin_3,SETTLED_LOSS,3,,,5,-5.00,02/19/2026 22:29:50 GMT,02/20/2026 03:13:00 GMT,2026-02-19T22:29:50.895Z,2026-02-20T03:13:00.000Z,Over 7.5 Nickeil Alexander-Walker Rebs+Asts ATL vs. PHI | Over 3.5 Trey Murphy Assists NOP vs. MIL | Under 4.5 Collin Gillespie Rebounds PHX vs. SAS,,Basketball,NBA
1330338754409271296,Sleeper,parlay,SETTLED_LOSS,4.47,,,15,-15.00,02/19/2026 22:26:24 GMT,02/20/2026 01:26:24 GMT,2026-02-19T22:26:24.851Z,2026-02-20T01:26:24.851Z,O 0.5 Josh Green Threes Made HOU @ CHA | O 1.5 Jabari Smith Threes Made HOU @ CHA | O 1.5 Tre Johnson Threes Made IND @ WAS,,Basketball,NBA
1330337955209826304,Sleeper,parlay,SETTLED_LOSS,3.87,,,10,-10.00,02/19/2026 22:23:14 GMT,02/20/2026 01:23:14 GMT,2026-02-19T22:23:14.308Z,2026-02-20T01:23:14.308Z,O 16.5 James Harden Points BKN @ CLE | O 1.5 Jamal Shead Rebounds TOR @ CHI | O 1.5 Jaylen Brown Threes Made BOS @ GSW,,Basketball,NBA
69978125c24422ee3291488c,Betr Picks,parlay,SETTLED_LOSS,6,,,5,-5.00,02/19/2026 21:31:17 GMT,02/20/2026 05:30:12 GMT,2026-02-19T21:31:17.903Z,2026-02-20T05:30:12.663Z,Under 9.5 Kevin Durant AST+REB HOU vs. CHA | Under 7.5 Matas Buzelis AST+REB TOR vs. CHI | Under 7.5 Precious Achiuwa Points ORL vs. SAC,,Basketball,NBA
69977b925dc4f8e83aa4d498,Betr Picks,parlay,SETTLED_LOSS,6,,,5,-5.00,02/19/2026 21:07:30 GMT,02/20/2026 06:23:08 GMT,2026-02-19T21:07:30.913Z,2026-02-20T06:23:08.301Z,Under 12.5 Nikola Jokić Rebounds DEN vs. LAC | Under 6.5 Amen Thompson Rebounds HOU vs. CHA | Over 11.5 Dyson Daniels AST+REB ATL vs. PHI,,Basketball,NBA
1483215299,PrizePicks,parlay,SETTLED_WIN,6,,,5,25.00,02/19/2026 19:10:08 GMT,02/20/2026 04:13:30 GMT,2026-02-19T19:10:08.423Z,2026-02-20T04:13:30.887Z,Over 19.5 Kevin Durant Points HOU vs. CHA | Under 21.5 Josh Giddey Pts+Asts CHI vs. TOR | Over 12.5 Jalen Green Points PHX vs. SAS,,Basketball,NBA
699759843bcd4029a9b62039,Betr Picks,parlay,SETTLED_LOSS,6,,,5,-5.00,02/19/2026 18:42:12 GMT,02/20/2026 07:47:21 GMT,2026-02-19T18:42:12.762Z,2026-02-20T07:47:21.451Z,Over 9.5 Pat Spencer AST+REB BOS vs. GS | Under 1.5 Baylor Scheierman 3PT Made BOS vs. GS | Over 2.5 Immanuel Quickley 3PT Made TOR vs. CHI,,Basketball,NBA
1483151265,PrizePicks,parlay,SETTLED_LOSS,6,,,10,0.00,02/19/2026 18:23:19 GMT,02/20/2026 06:14:00 GMT,2026-02-19T18:23:19.773Z,2026-02-20T06:14:00.000Z,Over 19.5 Kevin Durant Points HOU vs. CHA | Over 6.5 Christian Braun Rebs+Asts DEN vs. LAC | Under 27 Payton Pritchard Pts+Rebs+Asts BOS vs. GSW,,Basketball,NBA
1483030263,PrizePicks,parlay,SETTLED_LOSS,6,,,5,0.00,02/19/2026 16:48:47 GMT,02/20/2026 03:11:00 GMT,2026-02-19T16:48:47.634Z,2026-02-20T03:11:00.000Z,Over 6.5 Egor Dëmin Rebs+Asts BKN vs. CLE | Over 3.5 Kon Knueppel Assists CHA vs. HOU | Over 8.5 RJ Barrett Rebs+Asts TOR vs. CHI,,Basketball,NBA
1330249605610209280,Sleeper,parlay,SETTLED_LOSS,4.3,,,10,-10.00,02/19/2026 16:32:10 GMT,02/19/2026 19:32:10 GMT,2026-02-19T16:32:10.121Z,2026-02-19T19:32:10.121Z,O 18.5 Paolo Banchero Points ORL @ SAC | U 4.5 Jaylen Brown Assists BOS @ GSW | U 4.5 Desmond Bane Rebounds ORL @ SAC,,Basketball,NBA
1330248098584236032,Sleeper,parlay,SETTLED_PUSH,4.66,,,10,0.00,02/19/2026 16:26:10 GMT,02/19/2026 16:55:21 GMT,2026-02-19T16:26:10.819Z,2026-02-19T16:55:21.395Z,O 18.5 Paolo Banchero Points ORL @ SAC | U 11.5 Kawhi Leonard Rebounds & Assists DEN @ LAC | U 4.5 Desmond Bane Rebounds ORL @ SAC,,Basketball,NBA
1330247024154525696,Sleeper,parlay,SETTLED_PUSH,4.52,,,10,0.00,02/19/2026 16:21:54 GMT,02/19/2026 16:55:21 GMT,2026-02-19T16:21:54.655Z,2026-02-19T16:55:21.395Z,O 18.5 Paolo Banchero Points ORL @ SAC | U 5.5 Anthony Edwards Rebounds DAL @ MIN | U 4.5 Desmond Bane Rebounds ORL @ SAC,,Basketball,NBA
1482992694,PrizePicks,parlay,SETTLED_LOSS,6,,,5,0.00,02/19/2026 16:06:19 GMT,02/20/2026 03:13:00 GMT,2026-02-19T16:06:19.191Z,2026-02-20T03:13:00.000Z,Under 2.5 Jordan Goodwin Assists PHX vs. SAS | Over 9.5 VJ Edgecombe Rebs+Asts PHI vs. ATL | Over 6.5 Tobias Harris Rebs+Asts DET vs. NYK,,Basketball,NBA
1482991085,PrizePicks,parlay,SETTLED_VOID,6,,,20,0.00,02/19/2026 16:04:19 GMT,02/19/2026 16:55:12 GMT,2026-02-19T16:04:19.681Z,2026-02-19T16:55:12.692Z,Under 5.5 Scottie Barnes Assists TOR vs. CHI | Over 9.5 VJ Edgecombe Rebs+Asts PHI vs. ATL | Under 8.5 Mark Williams Rebounds PHX vs. SAS,,Basketball,NBA
699711f817e935148f943f72,Betr Picks,parlay,SETTLED_LOSS,6,,,5,-5.00,02/19/2026 13:36:56 GMT,02/20/2026 03:48:37 GMT,2026-02-19T13:36:56.087Z,2026-02-20T03:48:37.474Z,Under 3.5 Trendon Watford Assists ATL vs. PHI | Over 5.5 Brandon Ingram Rebounds TOR vs. CHI | Over 8.5 Alperen Sengün Rebounds HOU vs. CHA,,Basketball,NBA
699689716243ed413de29c3f,Betr Picks,parlay,SETTLED_LOSS,6,,,5,-5.00,02/19/2026 03:54:25 GMT,02/20/2026 05:31:40 GMT,2026-02-19T03:54:25.831Z,2026-02-20T05:31:40.121Z,Over 3.5 Nickeil Alexander-Walker Assists ATL vs. PHI | Over 7.5 Jakob Poeltl Points TOR vs. CHI | Over 10.5 Jalen Suggs AST+REB ORL vs. SAC,,Basketball,NBA
1482556307,PrizePicks,parlay,SETTLED_LOSS,6,,,20,-20.00,02/19/2026 03:44:21 GMT,02/20/2026 03:43:00 GMT,2026-02-19T03:44:21.225Z,2026-02-20T03:43:00.000Z,Under 4.5 Royce O'Neale Rebounds PHX vs. SAS | Over 1.5 Jaylon Tyson Assists CLE vs. BKN | Over 6.5 OG Anunoby Rebs+Asts NYK vs. DET,,Basketball,NBA
6995e769ad5472688db0d2f8,Betr Picks,parlay,SETTLED_LOSS,6,,,10,-10.00,02/18/2026 16:23:05 GMT,02/19/2026 04:39:28 GMT,2026-02-18T16:23:05.468Z,2026-02-19T04:39:28.870Z,Under 6.5 Keba Keita Rebounds BYU vs. ARZ | Over 4.5 Adam Clark Assists DEPAUL vs. SETON | Over 33.5 AJ Dybantsa Pts+Rebs+Asst BYU vs. ARZ,,Basketball,NCAAM
1481230330,PrizePicks,parlay,SETTLED_LOSS,6,,,10,-10.00,02/18/2026 00:25:41 GMT,02/20/2026 03:13:00 GMT,2026-02-18T00:25:41.308Z,2026-02-20T03:13:00.000Z,Over 3.5 Kevin Durant Assists HOU vs. CHA | Over 41.5 Nikola Jokić Pts+Rebs+Asts DEN vs. LAC | Under 5.5 VJ Edgecombe Rebounds PHI vs. ATL,,Basketball,NBA
6994fc8c9812fe4c70247644,Betr Picks,parlay,SETTLED_WIN,6,,,10,50.00,02/17/2026 23:41:00 GMT,02/18/2026 05:00:23 GMT,2026-02-17T23:41:00.522Z,2026-02-18T05:00:23.259Z,Over 24.5 Jeremy Fears Jr. PTS+AST UCLA vs. MST | Over 3.5 Alex Condon Assists SC vs. FL | Over 11.5 Marcus Millender Points GA vs. UK,,Basketball,NCAAM
1329631536718299136,Sleeper,parlay,SETTLED_LOSS,4.494,,,10,-10.00,02/17/2026 23:36:11 GMT,02/18/2026 02:36:11 GMT,2026-02-17T23:36:11.014Z,2026-02-18T02:36:11.014Z,U 2.5 Darrion Williams Threes Made UNC @ NCST | O 2.5 Mikel Brown Threes Made LOU @ SMU | U 1.5 Otega Oweh Threes Made UGA @ UK,,Basketball,NCAAM
1480874350,PrizePicks,parlay,SETTLED_LOSS,2.5,,,25,-25.00,02/17/2026 19:12:20 GMT,02/17/2026 22:35:45 GMT,2026-02-17T19:12:20.509Z,2026-02-17T22:35:45.153Z,Over 2.5 Kylian Mbappé Shots Real Madrid vs. Benfica | Over 2.5 Ousmane Dembélé Shots Paris SG vs. Monaco | Over 1.5 Vangelis Pavlidis Shots Benfica vs. Real Madrid,,Soccer,UEFA Champions League
1480780266,PrizePicks,parlay,SETTLED_VOID,2.5,,,25,0.00,02/17/2026 17:46:50 GMT,02/17/2026 22:35:45 GMT,2026-02-17T17:46:50.462Z,2026-02-17T22:35:45.154Z,Over 2.5 Ousmane Dembélé Shots Paris SG vs. Monaco | Over 2.5 Kylian Mbappé Shots Real Madrid vs. Benfica | Over 1.5 Nikola Krstovic Shots Atalanta vs. Dortmund,,Soccer,UEFA Champions League
1480735646,PrizePicks,parlay,SETTLED_WIN,2,,,15,15.00,02/17/2026 17:14:14 GMT,02/17/2026 22:35:45 GMT,2026-02-17T17:14:14.835Z,2026-02-17T22:35:45.154Z,Over 1.5 Victor Osimhen Shots Galatasaray vs. Juventus | Over 1.5 Vinícius Júnior Shots Real Madrid vs. Benfica,,Soccer,UEFA Champions League
1480690906,PrizePicks,parlay,SETTLED_LOSS,3,,,10,-10.00,02/17/2026 16:27:42 GMT,02/17/2026 19:35:00 GMT,2026-02-17T16:27:42.884Z,2026-02-17T19:35:00.000Z,Over 1.5 Victor Osimhen Shots Galatasaray vs. Juventus | Under 18.5 Carlos Alcaraz Total Games Carlos Alcaraz vs. Arthur Rinderknech,,Soccer | Tennis,UEFA Champions League | TENNIS
1329296832978763776,Sleeper,parlay,SETTLED_WIN,4.602,,,20,72.04,02/17/2026 01:26:11 GMT,02/17/2026 04:26:11 GMT,2026-02-17T01:26:11.424Z,2026-02-17T04:26:11.424Z,U 3.5 Milan Momcilovic Threes Made HOU @ ISU | O 1.5 Milos Uzan Threes Made HOU @ ISU | U 6.5 Joseph Tugler Rebounds HOU @ ISU,,Basketball,NCAAM
1479934545,PrizePicks,parlay,SETTLED_LOSS,6,,,20,-20.00,02/16/2026 21:47:04 GMT,02/17/2026 02:00:00 GMT,2026-02-16T21:47:04.400Z,2026-02-17T02:00:00.000Z,Over 16.5 Michael McNair Points BU vs. COLG | Under 17.5 KC Shaw Points ODU vs. ULL | Over 10.5 Deyton Albury Points UNM vs. AFA,,Basketball,NCAAM
1478724770,PrizePicks,parlay,SETTLED_LOSS,6,,,10,-10.00,02/15/2026 19:20:44 GMT,02/16/2026 01:22:00 GMT,2026-02-15T19:20:44.838Z,2026-02-16T01:22:00.000Z,Over 0.5 Victor Wembanyama Points WLD vs. STR | Over 8.5 Jaylen Brown Points STP vs. WLD | Over 4.5 Nikola Jokić Points WLD vs. STR,,other,other
1478710299,PrizePicks,parlay,SETTLED_LOSS,6,,,10,-10.00,02/15/2026 19:13:06 GMT,02/16/2026 02:40:00 GMT,2026-02-15T19:13:06.874Z,2026-02-16T02:40:00.000Z,Over 5.5 Donovan Mitchell Points STP vs. WLD | Over 6.5 Jalen Brunson Points STP vs. WLD | Over 0.5 Victor Wembanyama Points WLD vs. STR,,other,other
1478009577,PrizePicks,parlay,SETTLED_LOSS,6,,,5,-5.00,02/15/2026 02:28:01 GMT,02/15/2026 06:30:00 GMT,2026-02-15T02:28:01.701Z,2026-02-15T06:30:00.000Z,Over 1.5 Paulius Murauskas Assists SMC vs. PAC | Under 15.5 David Mirkovic Pts+Asts ILL vs. IND | Under 6.5 Elias Ralph Rebounds PAC vs. SMC,,Basketball,NCAAM
1328558013845364736,Sleeper,parlay,SETTLED_LOSS,15.56,,,10,-10.00,02/15/2026 00:30:23 GMT,02/15/2026 03:30:23 GMT,2026-02-15T00:30:23.216Z,2026-02-15T03:30:23.216Z,O 1.5 Meleek Thomas Threes Made AUB @ ARK | U 1.5 Elijah Mahi Threes Made GONZ @ SCU | U 1.5 Tramon Mark Threes Made TEX @ MIZZ | U 2.5 Kevin Overton Threes Made AUB @ ARK | O 5.5 Darius Acuff Assists AUB @ ARK,,Basketball,NCAAM
1476604716,PrizePicks,parlay,SETTLED_WIN,3,,,10,30.00,02/14/2026 02:03:33 GMT,02/14/2026 06:09:21 GMT,2026-02-14T02:03:33.842Z,2026-02-14T06:09:21.936Z,Over 0.5 Druski RD1 Points Druski vs. RD1 - 3PT (28 Pts) | Under 6.5 Drew Fielder Rebounds BSU vs. UNLV,,other | Basketball,other | NCAAM
1476588249,PrizePicks,parlay,SETTLED_LOSS,3,,,10,0.00,02/14/2026 01:52:34 GMT,02/14/2026 05:39:14 GMT,2026-02-14T01:52:34.120Z,2026-02-14T05:39:14.043Z,Over 0.5 Druski RD1 Points Druski vs. RD1 - 3PT (28 Pts) | Over 15.5 Jared McCain RD1 Points J. McCain vs. RD1 - 3PT (28 Pts),,other,other
1474880098,PrizePicks,parlay,SETTLED_LOSS,4.5,,,5,0.00,02/13/2026 01:15:09 GMT,02/13/2026 06:10:00 GMT,2026-02-13T01:15:09.230Z,2026-02-13T06:10:00.000Z,Over 5.5 Austin Reaves Assists LAL vs. DAL | Over 2.5 Klay Thompson 3-PT Made DAL vs. LAL,,Basketball,NBA
1474726894,PrizePicks,parlay,SETTLED_LOSS,2.9,,,10,0.00,02/13/2026 00:29:25 GMT,02/13/2026 06:11:00 GMT,2026-02-13T00:29:25.475Z,2026-02-13T06:11:00.000Z,Over 0.5 LeBron James Points LAL vs. DAL | Over 5.5 Kevin Porter Assists MIL vs. OKC | Over 4.5 P.J. Washington Rebounds DAL vs. LAL,,Basketball,NBA
698e4d8d72a70eb312b4fe86,Betr Picks,parlay,SETTLED_LOSS,6,,,10,-10.00,02/12/2026 22:00:45 GMT,02/13/2026 05:51:27 GMT,2026-02-12T22:00:45.350Z,2026-02-13T05:51:27.835Z,Under 12.5 Kyle Filipowski AST+REB POR vs. UTA | Under 8.5 Daniel Gafford AST+REB DAL vs. LAL | Over 31.5 Austin Reaves Pts+Rebs+Asst DAL vs. LAL,,Basketball,NBA
1474172531,PrizePicks,parlay,SETTLED_WIN,3,,,15,45.00,02/12/2026 20:34:06 GMT,02/13/2026 05:29:13 GMT,2026-02-12T20:34:06.741Z,2026-02-13T05:29:13.039Z,Over 0.5 LeBron James Points LAL vs. DAL | Over 11.5 Donovan Clingan Rebounds POR vs. UTA,,Basketball,NBA
1473768100,PrizePicks,parlay,SETTLED_VOID,6,,,5,0.00,02/12/2026 16:27:57 GMT,02/13/2026 05:29:13 GMT,2026-02-12T16:27:57.110Z,2026-02-13T05:29:13.058Z,Over 6.5 Marcus Smart Rebs+Asts LAL vs. DAL | Under 9.5 Isaiah Hartenstein Rebounds OKC vs. MIL | Under 2.5 Aaron Wiggins 3-PT Made OKC vs. MIL,,Basketball,NBA
698d203972fba2e852b1cc13,Betr Picks,parlay,SETTLED_WIN,6,,,5,25.00,02/12/2026 00:35:05 GMT,02/12/2026 03:52:15 GMT,2026-02-12T00:35:05.569Z,2026-02-12T03:52:15.790Z,Under 4.5 Derik Queen Assists MIA vs. NO | Over 0.5 Bam Adebayo Double Doubles MIA vs. NO | Over 4.5 Kevin Durant Rebounds LAC vs. HOU,,Basketball,NBA
1472927532,PrizePicks,parlay,SETTLED_WIN,6,,,10,50.00,02/12/2026 00:07:51 GMT,02/12/2026 05:12:00 GMT,2026-02-12T00:07:51.277Z,2026-02-12T05:12:00.000Z,Over 21.5 Donovan Mitchell Points CLE vs. WAS | Under 19.5 Lauri Markkanen Points UTA vs. SAC | Under 11.5 Rudy Gobert Rebounds MIN vs. POR,,Basketball,NBA
8PZKGY4,DK Pick6,round_robin_6,SETTLED_WIN,25,,,5,2.50,02/12/2026 00:00:00 GMT,02/12/2026 05:12:16 GMT,2026-02-12T00:00:00.000Z,2026-02-12T05:12:16.000Z,Over 3.5 Luguentz Dort Rebounds Oklahoma City Thunder vs. Phoenix Suns | Over 20.5 Ace Bailey Pts + Rebs + Asts Sacramento Kings vs. Utah Jazz | Under 9.5 Immanuel Quickley Assists + Rebounds Detroit Pistons vs. Toronto Raptors | Over 6.5 Kasparas Jakucionis Assists + Rebounds Miami Heat vs. New Orleans Pelicans | Over 12.5 Bennedict Mathurin Points Los Angeles Clippers vs. Houston Rockets | Over 10.5 Sam Merrill Points Washington Wizards vs. Cleveland Cavaliers,,Basketball,NBA
1472845867,PrizePicks,parlay,SETTLED_WIN,6,,,5,25.00,02/11/2026 23:49:23 GMT,02/12/2026 04:09:00 GMT,2026-02-11T23:49:23.135Z,2026-02-12T04:09:00.000Z,Over 5.5 Alperen Sengun Assists HOU vs. LAC | Over 21.5 Donovan Mitchell Points CLE vs. WAS | Over 1.5 Landry Shamet Assists NYK vs. PHI,,Basketball,NBA
1472833990,PrizePicks,parlay,SETTLED_VOID,6,,,10,0.00,02/11/2026 23:46:31 GMT,02/12/2026 04:09:00 GMT,2026-02-11T23:46:31.422Z,2026-02-12T04:09:00.000Z,Over 21.5 Donovan Mitchell Points CLE vs. WAS | Over 1.5 Landry Shamet Assists NYK vs. PHI | Under 9.5 Alperen Sengun Rebounds HOU vs. LAC,,Basketball,NBA
698d0c6681625fa066208226,Betr Picks,parlay,SETTLED_LOSS,6,,,5,-5.00,02/11/2026 23:10:30 GMT,02/12/2026 06:04:15 GMT,2026-02-11T23:10:30.593Z,2026-02-12T06:04:15.676Z,Over 5.5 VJ Edgecombe FG Made NY vs. PHI | Under 3.5 Dylan Harper Rebounds SA vs. GS | Under 5.5 LaMelo Ball Rebounds ATL vs. CHA,,Basketball,NBA
1472714110,PrizePicks,parlay,SETTLED_LOSS,6,,,5,-5.00,02/11/2026 23:07:24 GMT,02/12/2026 03:00:00 GMT,2026-02-11T23:07:24.689Z,2026-02-12T03:00:00.000Z,Over 3.5 Sam Hauser Rebounds BOS vs. CHI | Over 9.5 Donnie Freeman Rebs+Asts SYR vs. CAL | Over 6.5 Joel Foxwell Assists PORT vs. USD,,Basketball,NBA | NCAAM
698d0a505863f93c158a245e,Betr Picks,parlay,SETTLED_LOSS,6,,,5,-5.00,02/11/2026 23:01:36 GMT,02/12/2026 03:45:58 GMT,2026-02-11T23:01:36.211Z,2026-02-12T03:45:58.511Z,Over 10.5 Deni Avdija AST+REB POR vs. MIN | Over 4.5 Jaime Jaquez Jr. Rebounds MIA vs. NO | Over 9.5 Onyeka Okongwu AST+REB ATL vs. CHA,,Basketball,NBA
698cef1a440b98271dd0368f,Betr Picks,parlay,SETTLED_LOSS,6,,,5,-5.00,02/11/2026 21:05:30 GMT,02/12/2026 04:34:37 GMT,2026-02-11T21:05:30.015Z,2026-02-12T04:34:37.309Z,Over 6.5 Danny Wolf Rebounds IND vs. BKN | Under 22.5 Devin Booker Points OKC vs. PHO | Under 2.5 Derrick White STL+BLK CHI vs. BOS,,Basketball,NBA
1327413163439689728,Sleeper,parlay,SETTLED_LOSS,16.3,,,15,-15.00,02/11/2026 20:41:09 GMT,02/11/2026 23:41:09 GMT,2026-02-11T20:41:09.609Z,2026-02-11T23:41:09.609Z,O 2.5 Bam Adebayo Assists MIA @ NOP | U 3.5 Jeremiah Fears Assists MIA @ NOP | O 1.5 Chet Holmgren Assists OKC @ PHX | O 0.5 Donovan Clingan Threes Made POR @ MIN | O 0.5 Jaime Jaquez Threes Made MIA @ NOP,,Basketball,NBA
1472389649,PrizePicks,parlay,SETTLED_WIN,6,,,5,25.00,02/11/2026 19:53:19 GMT,02/12/2026 06:11:00 GMT,2026-02-11T19:53:19.548Z,2026-02-12T06:11:00.000Z,Under 5.5 Julian Champagnie Rebounds SAS vs. GSW | Over 12.5 Josh Hart Rebs+Asts NYK vs. PHI | Under 22.5 James Harden Points CLE vs. WAS,,Basketball,NBA
1472265458,PrizePicks,parlay,SETTLED_VOID,6,,,10,0.00,02/11/2026 18:31:08 GMT,02/12/2026 04:09:00 GMT,2026-02-11T18:31:08.619Z,2026-02-12T04:09:00.000Z,Over 21.5 Donovan Mitchell Points CLE vs. WAS | Over 4.5 Noah Clowney Rebounds BKN vs. IND | Over 5.5 Alperen Sengun Assists HOU vs. LAC,,Basketball,NBA
1472192100,PrizePicks,round_robin_3,SETTLED_LOSS,3,,,5,-5.00,02/11/2026 17:38:52 GMT,02/12/2026 05:10:00 GMT,2026-02-11T17:38:52.246Z,2026-02-12T05:10:00.000Z,Over 6.5 OG Anunoby Rebs+Asts NYK vs. PHI | Over 5.5 Alperen Sengun Assists HOU vs. LAC | Over 3.5 Scotty Pippen Assists MEM vs. DEN,,Basketball,NBA
698cbc17cc552076738051b8,Betr Picks,parlay,SETTLED_WIN,6,,,10,50.00,02/11/2026 17:27:51 GMT,02/12/2026 06:04:41 GMT,2026-02-11T17:27:51.070Z,2026-02-12T06:04:41.047Z,Over 37.5 Cade Cunningham Pts+Rebs+Asst DET vs. TOR | Over 4.5 Josh Hart Assists NY vs. PHI | Under 4.5 Pat Spencer Rebounds SA vs. GS,,Basketball,NBA
1471897541,PrizePicks,parlay,SETTLED_LOSS,6,,,5,-5.00,02/11/2026 06:41:34 GMT,02/12/2026 03:11:00 GMT,2026-02-11T06:41:34.145Z,2026-02-12T03:11:00.000Z,Over 6.5 Jabari Smith Rebounds HOU vs. LAC | Over 7.5 Kris Dunn Rebs+Asts LAC vs. HOU | Over 11.5 Jarrett Allen Rebs+Asts CLE vs. WAS,,Basketball,NBA
1471529244,PrizePicks,parlay,SETTLED_LOSS,6,,,10,-10.00,02/11/2026 01:29:11 GMT,02/11/2026 06:04:19 GMT,2026-02-11T01:29:11.554Z,2026-02-11T06:04:19.356Z,Over 18.5 Devin Booker Points PHX vs. DAL | Over 4.5 Jake LaRavia Rebounds LAL vs. SAS | Over 15.5 Rui Hachimura Points LAL vs. SAS,,Basketball,NBA
1471419753,PrizePicks,parlay,SETTLED_LOSS,6,,,5,-5.00,02/11/2026 00:35:57 GMT,02/11/2026 05:00:00 GMT,2026-02-11T00:35:57.228Z,2026-02-11T05:00:00.000Z,Over 6.5 Bronny James Pts+Rebs LAL vs. SAS | Over 7.5 Nolan Winter Rebounds WIS vs. ILL | Under 8.5 Trevon Brazile Rebounds ARK vs. LSU,,Basketball,NBA | NCAAM
RVrK97P,DK Pick6,round_robin_3,SETTLED_LOSS,5.97,,,10,-10.00,02/11/2026 00:30:00 GMT,02/11/2026 04:11:22 GMT,2026-02-11T00:30:00.000Z,2026-02-11T04:11:22.000Z,Over 23.5 Jalen Brunson Points Indiana Pacers vs. New York Knicks | Over 7.5 Kris Dunn Assists + Rebounds Los Angeles Clippers vs. Houston Rockets | Over 6.5 Amen Thompson Rebounds Los Angeles Clippers vs. Houston Rockets,,Basketball,NBA
1471259210,PrizePicks,parlay,SETTLED_LOSS,6,,,5,-5.00,02/10/2026 23:46:32 GMT,02/11/2026 03:42:00 GMT,2026-02-10T23:46:32.284Z,2026-02-11T03:42:00.000Z,Under 6.5 Devin Booker Assists PHX vs. DAL | Under 6.5 Jarred Vanderbilt Rebounds LAL vs. SAS | Over 1.5 Jay Huff Blocked Shots IND vs. NYK,,Basketball,NBA
1471142414,PrizePicks,parlay,SETTLED_WIN,3,,,15,30.00,02/10/2026 23:04:54 GMT,02/11/2026 06:04:19 GMT,2026-02-10T23:04:54.181Z,2026-02-11T06:04:19.357Z,Over 0.5 Cooper Flagg Points DAL vs. PHX | Over 6.5 Dylan Harper Rebs+Asts SAS vs. LAL,,Basketball,NBA
1471026248,PrizePicks,parlay,SETTLED_WIN,6,,,10,50.00,02/10/2026 22:14:48 GMT,02/11/2026 06:04:19 GMT,2026-02-10T22:14:48.228Z,2026-02-11T06:04:19.396Z,Over 0.5 Cooper Flagg Points DAL vs. PHX | Over 8.5 Collin Gillespie Rebs+Asts PHX vs. DAL | Over 9.5 Julian Champagnie Pts+Asts SAS vs. LAL,,Basketball,NBA
1470494687,PrizePicks,parlay,SETTLED_LOSS,6,,,5,-5.00,02/10/2026 15:59:58 GMT,02/11/2026 04:10:00 GMT,2026-02-10T15:59:58.201Z,2026-02-11T04:10:00.000Z,Over 3.5 Devin Booker Rebounds PHX vs. DAL | Over 4.5 Kawhi Leonard Assists LAC vs. HOU | Under 3.5 Max Christie Rebounds DAL vs. PHX,,Basketball,NBA
698b5459a1eeb4c3afe288a2,Betr Picks,parlay,SETTLED_VOID,6,,,10,0.00,02/10/2026 15:52:57 GMT,02/11/2026 06:11:15 GMT,2026-02-10T15:52:57.383Z,2026-02-11T06:11:15.142Z,Over 33.5 Kawhi Leonard PTS+REB LAC vs. HOU | Over 11.5 Stephon Castle AST+REB SA vs. LAL | Over 3.5 Bennedict Mathurin Rebounds LAC vs. HOU,,Basketball,NBA
1470433852,PrizePicks,parlay,SETTLED_LOSS,6,,,5,-5.00,02/10/2026 14:07:13 GMT,02/11/2026 04:10:00 GMT,2026-02-10T14:07:13.093Z,2026-02-11T04:10:00.000Z,Under 5.5 Reed Sheppard Rebs+Asts HOU vs. LAC | Over 11.5 Mark Williams Points PHX vs. DAL | Over 3.5 Pascal Siakam Assists IND vs. NYK,,Basketball,NBA
1469889320,PrizePicks,parlay,SETTLED_LOSS,6,,,10,-10.00,02/10/2026 01:41:00 GMT,02/10/2026 05:10:00 GMT,2026-02-10T01:41:00.794Z,2026-02-10T05:10:00.000Z,Under 6.5 Ty Jerome Rebs+Asts MEM vs. GSW | Under 6.5 Marcus Smart Rebs+Asts LAL vs. OKC | Over 22.5 Nikola Jokić Points DEN vs. CLE,,Basketball,NBA
698a79a50fa5b4016680b1b0,Betr Picks,parlay,SETTLED_LOSS,6,,,5,-5.00,02/10/2026 00:19:49 GMT,02/10/2026 05:46:58 GMT,2026-02-10T00:19:49.965Z,2026-02-10T05:46:58.315Z,Under 8.5 Donte DiVincenzo AST+REB ATL vs. MIN | Under 13.5 Joel Embiid AST+REB PHI vs. POR | Under 10 Bam Adebayo Rebounds UTA vs. MIA,,Basketball,NBA
1469694835,PrizePicks,parlay,SETTLED_CASH_OUT,6,,,5,-2.83,02/10/2026 00:18:13 GMT,02/10/2026 03:43:00 GMT,2026-02-10T00:18:13.716Z,2026-02-10T03:43:00.000Z,Under 5.5 Jalen Williams Assists OKC vs. LAL | Under 12.5 Bobby Portis Points MIL vs. ORL | Under 19 Wendell Carter Pts+Rebs+Asts ORL vs. MIL,,Basketball,NBA
bPnVdNL,DK Pick6,round_robin_3,SETTLED_LOSS,6,,,5,-5.00,02/10/2026 00:00:00 GMT,02/10/2026 04:44:03 GMT,2026-02-10T00:00:00.000Z,2026-02-10T04:44:03.300Z,Under 12.5 Jaylen Wells Points Memphis Grizzlies vs. Golden State Warriors | Under 7.5 Trendon Watford Points Philadelphia 76ers vs. Portland Trail Blazers | Under 9.5 Terance Mann Points Chicago Bulls vs. Brooklyn Nets,,Basketball,NBA
VnBbDwW,DK Pick6,round_robin_3,SETTLED_LOSS,5.928,,,5,-5.00,02/10/2026 00:00:00 GMT,02/10/2026 05:14:27 GMT,2026-02-10T00:00:00.000Z,2026-02-10T05:14:27.968Z,Under 9.5 Cade Cunningham Assists Detroit Pistons vs. Charlotte Hornets | Under 1.5 Gregory Jackson 3-Pointers Made Memphis Grizzlies vs. Golden State Warriors | Under 15.5 Brandin Podziemski Points Memphis Grizzlies vs. Golden State Warriors,,Basketball,NBA
DRx87np,DK Pick6,round_robin_3,SETTLED_LOSS,6,,,5,-5.00,02/10/2026 00:00:00 GMT,02/10/2026 03:43:05 GMT,2026-02-10T00:00:00.000Z,2026-02-10T03:43:05.000Z,Over 10.5 Duncan Robinson Points Detroit Pistons vs. Charlotte Hornets | Over 15.5 Jaime Jaquez Jr. Points Utah Jazz vs. Miami Heat | Over 9.5 Zaccharie Risacher Points Atlanta Hawks vs. Minnesota Timberwolves,,Basketball,NBA
NzqWQDZ,DK Pick6,round_robin_3,SETTLED_LOSS,6,,,10,-10.00,02/10/2026 00:00:00 GMT,02/10/2026 03:43:05 GMT,2026-02-10T00:00:00.000Z,2026-02-10T03:43:05.000Z,Over 0.5 LeBron James Points Oklahoma City Thunder vs. Los Angeles Lakers | Over 10.5 Isaiah Collier Assists Utah Jazz vs. Miami Heat | Under 6.5 Draymond Green Rebounds Memphis Grizzlies vs. Golden State Warriors,,Basketball,NBA
1469567206,PrizePicks,parlay,SETTLED_LOSS,6,,,5,0.00,02/09/2026 23:40:44 GMT,02/10/2026 04:11:00 GMT,2026-02-09T23:40:44.129Z,2026-02-10T04:11:00.000Z,Under 14.5 Bones Hyland Pts+Rebs+Asts MIN vs. ATL | Under 20 Pat Spencer Pts+Asts GSW vs. MEM | Over 9.5 Quentin Grimes Points PHI vs. POR,,Basketball,NBA
698a6e701d9c9f77cbb7f0a3,Betr Picks,parlay,SETTLED_LOSS,6,,,5,-5.00,02/09/2026 23:32:00 GMT,02/10/2026 04:55:51 GMT,2026-02-09T23:32:00.939Z,2026-02-10T04:55:51.324Z,Over 2.5 Ausar Thompson STL+BLK DET vs. CHA | Over 3.5 Cameron Johnson Rebounds CLE vs. DEN | Under 4.5 Noah Clowney Rebounds CHI vs. BKN,,Basketball,NBA
1469536333,PrizePicks,parlay,SETTLED_LOSS,8.4,,,5,0.00,02/09/2026 23:30:11 GMT,02/10/2026 04:11:00 GMT,2026-02-09T23:30:11.833Z,2026-02-10T04:11:00.000Z,Over 11.5 Derik Queen Rebs+Asts NOP vs. SAC | Under 5.5 Myron Gardner Rebounds MIA vs. UTA | Under 10.5 Nikola Jokić Assists DEN vs. CLE,,Basketball,NBA
1469481969,PrizePicks,round_robin_3,SETTLED_LOSS,3,,,5,0.00,02/09/2026 23:07:16 GMT,02/10/2026 03:10:00 GMT,2026-02-09T23:07:16.393Z,2026-02-10T03:10:00.000Z,Over 5.5 Isaiah Stewart Rebs+Asts DET vs. CHA | Under 11.5 Draymond Green Rebs+Asts GSW vs. MEM | Under 4.5 Christian Braun Rebounds DEN vs. CLE,,Basketball,NBA
698a5e6e1c297db44b6bd9e7,Betr Picks,parlay,SETTLED_LOSS,10,,,5,-5.00,02/09/2026 22:23:42 GMT,02/10/2026 03:33:44 GMT,2026-02-09T22:23:42.785Z,2026-02-10T03:33:44.744Z,Under 5.5 Jaime Jaquez Jr. Rebounds UTA vs. MIA | Under 6.5 Zion Williamson Rebounds SAC vs. NO | Under 6.5 Russell Westbrook Assists SAC vs. NO | Under 8.5 Paolo Banchero Rebounds MIL vs. ORL,,Basketball,NBA
1469371364,PrizePicks,parlay,SETTLED_LOSS,6,,,5,0.00,02/09/2026 22:08:35 GMT,02/10/2026 03:43:00 GMT,2026-02-09T22:08:35.378Z,2026-02-10T03:43:00.000Z,Over 4.5 Alex Caruso Rebs+Asts OKC vs. LAL | Over 8.5 Anthony Black Rebs+Asts ORL vs. MIL | Under 6.5 DeMar DeRozan Rebs+Asts SAC vs. NOP,,Basketball,NBA
1469307597,PrizePicks,parlay,SETTLED_LOSS,6,,,5,0.00,02/09/2026 21:28:24 GMT,02/10/2026 03:43:00 GMT,2026-02-09T21:28:24.027Z,2026-02-10T03:43:00.000Z,Over 3.5 Desmond Bane Assists ORL vs. MIL | Under 15.5 Brandin Podziemski Points GSW vs. MEM | Over 4.5 Cade Cunningham Rebounds DET vs. CHA,,Basketball,NBA
1469300675,PrizePicks,parlay,SETTLED_LOSS,6,,,10,0.00,02/09/2026 21:23:42 GMT,02/10/2026 04:11:00 GMT,2026-02-09T21:23:42.735Z,2026-02-10T04:11:00.000Z,Under 12.5 Herbert Jones Pts+Asts NOP vs. SAC | Over 3.5 Scotty Pippen Assists MEM vs. GSW | Over 22.5 Nikola Jokić Points DEN vs. CLE,,Basketball,NBA
1469271328,PrizePicks,parlay,SETTLED_LOSS,6,,,5,0.00,02/09/2026 21:03:09 GMT,02/10/2026 06:12:00 GMT,2026-02-09T21:03:09.023Z,2026-02-10T06:12:00.000Z,Over 4.5 Jaren Jackson Rebounds UTA vs. MIA | Under 3.5 Aaron Wiggins Rebounds OKC vs. LAL | Under 11.5 Deni Avdija Rebs+Asts POR vs. PHI,,Basketball,NBA
698a47a0578ae3b5a29e3f05,Betr Picks,parlay,SETTLED_LOSS,6,,,5,-5.00,02/09/2026 20:46:24 GMT,02/10/2026 05:01:49 GMT,2026-02-09T20:46:24.250Z,2026-02-10T05:01:49.348Z,Over 1.5 Jaylon Tyson 3PT Made CLE vs. DEN | Under 10.5 Jalen Johnson Rebounds ATL vs. MIN | Over 12.5 Paolo Banchero AST+REB MIL vs. ORL,,Basketball,NBA
1469233586,PrizePicks,parlay,SETTLED_LOSS,10,,,5,0.00,02/09/2026 20:36:02 GMT,02/10/2026 05:10:00 GMT,2026-02-09T20:36:02.223Z,2026-02-10T05:10:00.000Z,Over 22.5 Nikola Jokić Points DEN vs. CLE | Under 4.5 Devin Carter Assists SAC vs. NOP | Under 8.5 Dennis Schröder Points CLE vs. DEN | Under 4.5 James Harden Rebounds CLE vs. DEN,,Basketball,NBA
698a3ece32266573dd115490,Betr Picks,parlay,SETTLED_LOSS,6,,,5,-5.00,02/09/2026 20:08:46 GMT,02/10/2026 05:03:45 GMT,2026-02-09T20:08:46.388Z,2026-02-10T05:03:45.901Z,Over 4.5 Jock Landale Rebounds ATL vs. MIN | Under 12.5 Rudy Gobert Rebounds ATL vs. MIN | Under 4.5 James Harden Rebounds CLE vs. DEN,,Basketball,NBA
698a3011d188b969bf224c76,Betr Picks,parlay,SETTLED_LOSS,6,,,10,-10.00,02/09/2026 19:05:53 GMT,02/10/2026 05:53:06 GMT,2026-02-09T19:05:53.097Z,2026-02-10T05:53:06.093Z,Under 11.5 Pat Spencer AST+REB MEM vs. GS | Under 5.5 Jrue Holiday Assists PHI vs. POR | Over 0.5 Nikola Jokić PTS+AST CLE vs. DEN,,Basketball,NBA
698a1b236c65964f842e2484,Betr Picks,parlay,SETTLED_LOSS,6,,,5,-5.00,02/09/2026 17:36:35 GMT,02/10/2026 05:46:16 GMT,2026-02-09T17:36:35.880Z,2026-02-10T05:46:16.616Z,Over 8.5 Gui Santos AST+REB MEM vs. GS | Under 6.5 Maxime Raynaud Rebounds SAC vs. NO | Under 4.5 Anthony Black Rebounds MIL vs. ORL,,Basketball,NBA
pgDbW8q,DK Pick6,round_robin_3,SETTLED_WIN,5.406,,,10,44.06,02/08/2026 23:30:00 GMT,02/09/2026 02:40:23 GMT,2026-02-08T23:30:00.000Z,2026-02-09T02:40:23.000Z,Over 19.5 Drake Maye Completions Seattle Seahawks vs. New England Patriots | Over 0.5 Jaxon Smith-Njigba Receiving Yards Seattle Seahawks vs. New England Patriots | Over 2.5 Drake Thomas Solo Tackles Seattle Seahawks vs. New England Patriots,,American Football,NFL
1467727743,PrizePicks,parlay,SETTLED_LOSS,6,,,5,0.00,02/08/2026 23:17:00 GMT,02/09/2026 02:39:00 GMT,2026-02-08T23:17:00.051Z,2026-02-09T02:39:00.000Z,Over 5.5 Nick Emmanwori Tackles+Ast SEA vs. NE | Over 1.5 Andy Borregales FG Made NE vs. SEA | Over 0.5 Drake Maye INT NE vs. SEA,,American Football,NFL
6988e977ef1fed99dca38fd1,Betr Picks,parlay,SETTLED_LOSS,6,,,5,-5.00,02/08/2026 19:52:23 GMT,02/08/2026 22:58:26 GMT,2026-02-08T19:52:23.310Z,2026-02-08T22:58:26.930Z,Over 4.5 Jamal Shead Assists IND vs. TOR | Over 12.5 Naz Reid Points LAC vs. MIN | Over 3.5 Donte DiVincenzo Assists LAC vs. MIN,,Basketball,NBA
1466735702,PrizePicks,parlay,SETTLED_LOSS,6,,,10,0.00,02/08/2026 19:47:57 GMT,02/08/2026 23:09:00 GMT,2026-02-08T19:47:57.504Z,2026-02-08T23:09:00.000Z,Over 0.5 Drake Maye Pass Yards NE vs. SEA | Under 9.5 Collin Murray-Boyles Rebs+Asts TOR vs. IND | Under 12.5 Kris Dunn Pts+Rebs LAC vs. MIN,,American Football | Basketball,NFL | NBA
1466712377,PrizePicks,parlay,SETTLED_WIN,6,,,5,30.00,02/08/2026 19:42:07 GMT,02/09/2026 02:39:00 GMT,2026-02-08T19:42:07.506Z,2026-02-09T02:39:00.000Z,Over 0.5 Drake Maye Pass Yards NE vs. SEA | Under 1.5 Rudy Gobert Blocked Shots MIN vs. LAC | Under 0.5 Sam Darnold INT SEA vs. NE,,American Football | Basketball,NFL | NBA
1466682178,PrizePicks,parlay,SETTLED_WIN,6,,,10,60.00,02/08/2026 19:34:03 GMT,02/09/2026 01:40:31 GMT,2026-02-08T19:34:03.537Z,2026-02-09T01:40:31.456Z,Over 0.5 Drake Maye Pass Yards NE vs. SEA | Under 5.5 Anthony Edwards Rebounds MIN vs. LAC | Under 6.5 Jamal Shead Points TOR vs. IND,,American Football | Basketball,NFL | NBA
1464947962,PrizePicks,parlay,SETTLED_LOSS,6,,,5,0.00,02/07/2026 23:54:49 GMT,02/08/2026 03:41:00 GMT,2026-02-07T23:54:49.252Z,2026-02-08T03:41:00.000Z,Under 4.5 Ryan Kalkbrenner Rebounds CHA vs. ATL | Under 1.5 De'Anthony Melton Steals GSW vs. LAL | Over 5.5 Trendon Watford Points PHI vs. PHX,,Basketball,NBA
1464923001,PrizePicks,parlay,SETTLED_LOSS,6,,,10,0.00,02/07/2026 23:45:38 GMT,02/08/2026 05:10:00 GMT,2026-02-07T23:45:38.352Z,2026-02-08T05:10:00.000Z,Over 21.5 Donovan Mitchell Points CLE vs. SAC | Under 3.5 Ty Jerome Rebounds MEM vs. POR | Over 6.5 Tyrese Maxey Assists PHI vs. PHX,,Basketball,NBA
6987cc9ccd63784b534609b1,Betr Picks,parlay,SETTLED_LOSS,6,,,5,-5.00,02/07/2026 23:37:00 GMT,02/08/2026 04:57:23 GMT,2026-02-07T23:37:00.280Z,2026-02-08T04:57:23.466Z,Under 5.5 Jarred Vanderbilt Rebounds GS vs. LAL | Over 10.5 Jalen Suggs AST+REB UTA vs. ORL | Over 12.5 Quentin Grimes PTS+AST PHI vs. PHO,,Basketball,NBA
6987a525f0ed4dce6473f932,Betr Picks,parlay,SETTLED_LOSS,6,,,5,-5.00,02/07/2026 20:48:37 GMT,02/08/2026 03:46:54 GMT,2026-02-07T20:48:37.041Z,2026-02-08T03:46:54.095Z,Over 7.5 Daniel Gafford Rebounds DAL vs. SA | Under 1.5 Matas Buzelis Blocks DEN vs. CHI | Over 8.5 Miles Bridges AST+REB CHA vs. ATL,,Basketball,NBA
1464567962,PrizePicks,parlay,SETTLED_LOSS,6,,,15,-15.00,02/07/2026 20:45:36 GMT,02/08/2026 02:10:00 GMT,2026-02-07T20:45:36.651Z,2026-02-08T02:10:00.000Z,Over 4.5 Brandon Miller Rebounds CHA vs. ATL | Under 5.5 GG Jackson Rebounds MEM vs. POR | Under 3.5 Naji Marshall Assists DAL vs. SAS,,Basketball,NBA
1464566266,PrizePicks,parlay,SETTLED_VOID,6,,,15,0.00,02/07/2026 20:44:23 GMT,02/08/2026 05:50:09 GMT,2026-02-07T20:44:23.795Z,2026-02-08T05:50:09.445Z,Over 4.5 Brandon Miller Rebounds CHA vs. ATL | Under 20.5 Naji Marshall Pts+Asts DAL vs. SAS | Under 5.5 GG Jackson Rebounds MEM vs. POR,,Basketball,NBA
1464551850,PrizePicks,parlay,SETTLED_LOSS,6,,,10,0.00,02/07/2026 20:36:30 GMT,02/08/2026 05:50:09 GMT,2026-02-07T20:36:30.383Z,2026-02-08T05:50:09.444Z,Under 9.5 Keyonte George Rebs+Asts UTA vs. ORL | Under 5.5 GG Jackson Rebounds MEM vs. POR | Over 21.5 Donovan Mitchell Points CLE vs. SAC,,Basketball,NBA
69879f2334b3480046c748a9,Betr Picks,parlay,SETTLED_LOSS,6,,,5,-5.00,02/07/2026 20:22:59 GMT,02/08/2026 04:57:57 GMT,2026-02-07T20:22:59.302Z,2026-02-08T04:57:57.272Z,Over 8.5 Royce O'Neale Points PHI vs. PHO | Under 7.5 Jamal Murray Assists DEN vs. CHI | Over 7.5 Daniel Gafford Rebounds DAL vs. SA,,Basketball,NBA
rYr2mLb,DK Pick6,round_robin_3,SETTLED_LOSS,6,,,5,-5.00,02/07/2026 20:00:00 GMT,02/07/2026 23:11:02 GMT,2026-02-07T20:00:00.000Z,2026-02-07T23:11:02.000Z,Over 3.5 Tyrese Maxey Rebounds Philadelphia 76ers vs. Phoenix Suns | Over 2.5 Austin Reaves 3-Pointers Made Golden State Warriors vs. Los Angeles Lakers | Over 2.5 Egor Demin 3-Pointers Made Washington Wizards vs. Brooklyn Nets,,Basketball,NBA
69878929f0ed4dce6473f74d,Betr Picks,parlay,SETTLED_LOSS,6,,,5,-5.00,02/07/2026 18:49:13 GMT,02/07/2026 23:38:28 GMT,2026-02-07T18:49:13.761Z,2026-02-07T23:38:28.489Z,Under 0.5 Alperen Sengün Double Doubles HOU vs. OKC | Under 11.5 Nicolas Claxton AST+REB WAS vs. BKN | Over 9.5 Alexandre Sarr AST+REB WAS vs. BKN,,Basketball,NBA
6987874614eb3b9c733d6a21,Betr Picks,parlay,SETTLED_WIN,6,,,10,20.00,02/07/2026 18:41:10 GMT,02/08/2026 05:44:04 GMT,2026-02-07T18:41:10.781Z,2026-02-08T05:44:04.006Z,Over 25.5 James Harden PTS+AST CLE vs. SAC | Under 22.5 Deandre Ayton Pts+Rebs+Asst GS vs. LAL | Over 8.5 Jabari Smith Jr. AST+REB HOU vs. OKC,,Basketball,NBA
1464298012,PrizePicks,parlay,SETTLED_LOSS,6,,,5,0.00,02/07/2026 18:37:05 GMT,02/08/2026 02:10:00 GMT,2026-02-07T18:37:05.003Z,2026-02-08T02:10:00.000Z,Under 3.5 Naji Marshall Assists DAL vs. SAS | Under 6.5 Jalen Suggs Assists ORL vs. UTA | Under 4.5 Kevin Durant Assists HOU vs. OKC,,Basketball,NBA
698784ea41666d0827bfbfa5,Betr Picks,parlay,SETTLED_LOSS,6,,,5,-5.00,02/07/2026 18:31:06 GMT,02/08/2026 05:47:00 GMT,2026-02-07T18:31:06.725Z,2026-02-08T05:47:00.739Z,Under 8.5 Desmond Bane AST+REB UTA vs. ORL | Over 9.5 Moussa Diabaté Rebounds CHA vs. ATL | Under 5.5 Jaylon Tyson Rebounds CLE vs. SAC,,Basketball,NBA
1464281102,PrizePicks,parlay,SETTLED_LOSS,6,,,5,0.00,02/07/2026 18:28:51 GMT,02/07/2026 23:11:00 GMT,2026-02-07T18:28:51.420Z,2026-02-07T23:11:00.000Z,Over 4.5 Bub Carrington Assists WAS vs. BKN | Over 7.5 James Harden Assists CLE vs. SAC | Over 6.5 Tari Eason Rebounds HOU vs. OKC,,Basketball,NBA
1463382004,PrizePicks,parlay,SETTLED_LOSS,6,,,5,0.00,02/07/2026 01:49:51 GMT,02/07/2026 06:10:00 GMT,2026-02-07T01:49:51.069Z,2026-02-07T06:10:00.000Z,Under 6.5 John Collins Rebounds LAC vs. SAC | Under 10.5 Jrue Holiday Rebs+Asts POR vs. MEM | Under 6.5 Russell Westbrook Assists SAC vs. LAC,,Basketball,NBA
4gZKy2n,DK Pick6,round_robin_3,SETTLED_LOSS,6,,,5,-5.00,02/07/2026 00:30:00 GMT,02/07/2026 03:43:19 GMT,2026-02-07T00:30:00.000Z,2026-02-07T03:43:19.000Z,Over 24.5 Jalen Brunson Points New York Knicks vs. Detroit Pistons | Over 11.5 Kevin Porter Jr. Assists + Rebounds Indiana Pacers vs. Milwaukee Bucks | Under 14.5 De'Andre Hunter Points Los Angeles Clippers vs. Sacramento Kings,,Basketball,NBA
qrLB4Nb,DK Pick6,round_robin_3,SETTLED_LOSS,6,,,5,0.00,02/07/2026 00:30:00 GMT,02/07/2026 04:10:50 GMT,2026-02-07T00:30:00.000Z,2026-02-07T04:10:50.000Z,Under 16.5 John Collins Points Los Angeles Clippers vs. Sacramento Kings | Over 10.5 Jeremiah Fears Points New Orleans Pelicans vs. Minnesota Timberwolves | Over 1.5 Bam Adebayo 3-Pointers Made Miami Heat vs. Boston Celtics,,Basketball,NBA
bPnmdVn,DK Pick6,round_robin_3,SETTLED_LOSS,6,,,20,0.00,02/07/2026 00:30:00 GMT,02/07/2026 03:40:56 GMT,2026-02-07T00:30:00.000Z,2026-02-07T03:40:56.000Z,Over 18.5 Bam Adebayo Points Miami Heat vs. Boston Celtics | Over 11.5 Donovan Clingan Points Memphis Grizzlies vs. Portland Trail Blazers | Over 11.5 Rudy Gobert Rebounds New Orleans Pelicans vs. Minnesota Timberwolves,,Basketball,NBA
1463074048,PrizePicks,parlay,SETTLED_LOSS,6,,,5,-5.00,02/06/2026 23:42:30 GMT,02/07/2026 04:10:00 GMT,2026-02-06T23:42:30.618Z,2026-02-07T04:10:00.000Z,Under 4.5 T.J. McConnell Assists IND vs. MIL | Under 8.5 Ausar Thompson Rebs+Asts DET vs. NYK | Under 7.5 Tobias Harris Rebs+Asts DET vs. NYK,,Basketball,NBA
1462773578,PrizePicks,round_robin_5,SETTLED_WIN,9.6,,,5,7.00,02/06/2026 21:15:17 GMT,02/07/2026 06:10:00 GMT,2026-02-06T21:15:17.168Z,2026-02-07T06:10:00.000Z,Under 5.5 Jeremiah Fears Rebs+Asts NOP vs. MIN | Over 8.5 Kentavious Caldwell-Pope Points MEM vs. POR | Over 16.5 Bobby Portis Points MIL vs. IND | Under 10.5 Maxime Raynaud Points SAC vs. LAC | Under 11 Yves Missi Pts+Rebs NOP vs. MIN,,Basketball,NBA
1462733221,PrizePicks,parlay,SETTLED_LOSS,6,,,5,-5.00,02/06/2026 20:48:30 GMT,02/07/2026 03:40:00 GMT,2026-02-06T20:48:30.895Z,2026-02-07T03:40:00.000Z,Over 7.5 Mikal Bridges Rebs+Asts NYK vs. DET | Over 11.5 Jaylen Brown Rebs+Asts BOS vs. MIA | Under 16.5 T.J. McConnell Pts+Rebs+Asts IND vs. MIL,,Basketball,NBA
1462718047,PrizePicks,parlay,SETTLED_LOSS,6,,,5,-5.00,02/06/2026 20:37:41 GMT,02/07/2026 04:09:00 GMT,2026-02-06T20:37:41.330Z,2026-02-07T04:09:00.000Z,Over 9.5 Anthony Edwards Rebs+Asts MIN vs. NOP | Under 2.5 Aaron Nesmith 3-PT Made IND vs. MIL | Under 5.5 Jeremiah Fears Rebs+Asts NOP vs. MIN,,Basketball,NBA
69864709392dfb1c79572588,Betr Picks,parlay,SETTLED_LOSS,6,,,5,-5.00,02/06/2026 19:54:49 GMT,02/07/2026 06:01:57 GMT,2026-02-06T19:54:49.802Z,2026-02-07T06:01:57.378Z,Over 4.5 Kris Dunn Assists LAC vs. SAC | Over 7.5 Jordan Clarkson Points NY vs. DET | Under 9.5 Jaime Jaquez Jr. AST+REB MIA vs. BOS,,Basketball,NBA
6986341d94238b279c2bc2ba,Betr Picks,parlay,SETTLED_LOSS,6,,,5,-5.00,02/06/2026 18:34:05 GMT,02/07/2026 05:37:56 GMT,2026-02-06T18:34:05.140Z,2026-02-07T05:37:56.356Z,Under 14.5 Andrew Wiggins Points MIA vs. BOS | Over 12.5 Jrue Holiday Points MEM vs. POR | Over 9.5 Jay Huff Points IND vs. MIL,,Basketball,NBA
698629264a80ff4cedd69164,Betr Picks,parlay,SETTLED_WIN,6,,,10,50.00,02/06/2026 17:47:18 GMT,02/07/2026 03:44:03 GMT,2026-02-06T17:47:18.095Z,2026-02-07T03:44:03.558Z,Under 11.5 Pascal Siakam AST+REB IND vs. MIL | Over 30.5 Anthony Edwards PTS+REB NO vs. MIN | Under 4.5 Donte DiVincenzo Assists NO vs. MIN,,Basketball,NBA
698627231b8e021c3c9c72d9,Betr Picks,parlay,SETTLED_VOID,6,,,5,0.00,02/06/2026 17:38:43 GMT,02/07/2026 06:02:38 GMT,2026-02-06T17:38:43.836Z,2026-02-07T06:02:38.540Z,Over 3.5 Domantas Sabonis Assists LAC vs. SAC | Under 7.5 Aaron Nesmith AST+REB IND vs. MIL | Under 10.5 Kyle Kuzma AST+REB IND vs. MIL,,Basketball,NBA
1462416838,PrizePicks,parlay,SETTLED_LOSS,6,,,5,-5.00,02/06/2026 17:12:47 GMT,02/07/2026 06:10:00 GMT,2026-02-06T17:12:47.351Z,2026-02-07T06:10:00.000Z,Over 10.5 Kawhi Leonard Rebs+Asts LAC vs. SAC | Over 3.5 De'Andre Hunter Rebounds SAC vs. LAC | Over 5.5 GG Jackson Rebounds MEM vs. POR,,Basketball,NBA
698620bea3f77a1c5a61ecb7,Betr Picks,parlay,SETTLED_WIN,6,,,5,10.00,02/06/2026 17:11:26 GMT,02/07/2026 06:02:11 GMT,2026-02-06T17:11:26.541Z,2026-02-07T06:02:11.607Z,Over 0.5 Domantas Sabonis Double Doubles LAC vs. SAC | Over 16.5 Payton Pritchard Points MIA vs. BOS | Over 4.5 Cade Cunningham Rebounds NY vs. DET,,Basketball,NBA
6985559ab6780a36404068dd,Betr Picks,parlay,SETTLED_LOSS,6,,,5,-5.00,02/06/2026 02:44:42 GMT,02/06/2026 06:10:42 GMT,2026-02-06T02:44:42.328Z,2026-02-06T06:10:42.250Z,Under 3.5 Jake LaRavia Rebounds PHI vs. LAL | Under 3.5 Quentin Grimes Rebounds PHI vs. LAL | Under 14.5 De'Anthony Melton Points GS vs. PHO,,Basketball,NBA
1461808626,PrizePicks,round_robin_3,SETTLED_WIN,3,,,5,10.00,02/06/2026 02:39:41 GMT,02/06/2026 06:12:00 GMT,2026-02-06T02:39:41.604Z,2026-02-06T06:12:00.000Z,Over 16.5 LeBron James Points LAL vs. PHI | Under 8 Al Horford Rebs+Asts GSW vs. PHX | Over 4.5 VJ Edgecombe Rebounds PHI vs. LAL,,Basketball,NBA
698535d17b8f658f85240546,Betr Picks,parlay,SETTLED_LOSS,6,,,5,-5.00,02/06/2026 00:29:05 GMT,02/06/2026 05:43:30 GMT,2026-02-06T00:29:05.386Z,2026-02-06T05:43:30.237Z,Under 7.5 Jaden Ivey AST+REB CHI vs. TOR | Under 8.5 Royce O'Neale AST+REB GS vs. PHO | Under 3.5 Harrison Barnes Rebounds SA vs. DAL,,Basketball,NBA
MwY7yVL,DK Pick6,round_robin_3,SETTLED_LOSS,5.898,,,5,-5.00,02/06/2026 00:00:00 GMT,02/06/2026 03:40:16 GMT,2026-02-06T00:00:00.000Z,2026-02-06T03:40:16.000Z,Over 23.5 Jalen Johnson Points Utah Jazz vs. Atlanta Hawks | Over 7.5 Grayson Allen Assists + Rebounds Golden State Warriors vs. Phoenix Suns | Under 6.5 Dillon Brooks Assists + Rebounds Golden State Warriors vs. Phoenix Suns,,Basketball,NBA
n8zNzPQ,DK Pick6,round_robin_3,SETTLED_LOSS,6,,,10,-10.00,02/06/2026 00:00:00 GMT,02/06/2026 04:10:54 GMT,2026-02-06T00:00:00.000Z,2026-02-06T04:10:54.000Z,Under 16.5 Miles Bridges Points Charlotte Hornets vs. Houston Rockets | Under 22.5 Deandre Ayton Pts + Rebs + Asts Philadelphia 76ers vs. Los Angeles Lakers | Over 5.5 Ausar Thompson Rebounds Washington Wizards vs. Detroit Pistons,,Basketball,NBA
2jzNR2Y,DK Pick6,round_robin_3,SETTLED_LOSS,5.958,,,5,-5.00,02/06/2026 00:00:00 GMT,02/06/2026 04:40:26 GMT,2026-02-06T00:00:00.000Z,2026-02-06T04:40:26.000Z,Under 19.5 Jalen Duren Points Washington Wizards vs. Detroit Pistons | Under 8.5 Harrison Barnes Points San Antonio Spurs vs. Dallas Mavericks | Over 13.5 Max Christie Points San Antonio Spurs vs. Dallas Mavericks,,Basketball,NBA
7MBqPxM,DK Pick6,round_robin_3,SETTLED_LOSS,3,,,5,-5.00,02/06/2026 00:00:00 GMT,02/06/2026 03:13:14 GMT,2026-02-06T00:00:00.000Z,2026-02-06T03:13:14.000Z,Over 8.5 Luka Doncic Assists Philadelphia 76ers vs. Los Angeles Lakers | Over 6.5 Nic Claxton Rebounds Brooklyn Nets vs. Orlando Magic | Over 5.5 Immanuel Quickley Assists Chicago Bulls vs. Toronto Raptors,,Basketball,NBA
1461398650,PrizePicks,parlay,SETTLED_LOSS,6,,,5,-5.00,02/05/2026 23:41:45 GMT,02/06/2026 04:40:00 GMT,2026-02-05T23:41:45.186Z,2026-02-06T04:40:00.000Z,Under 6.5 Dyson Daniels Rebounds ATL vs. UTA | Under 7.5 LaMelo Ball Assists CHA vs. HOU | Over 11.5 Cooper Flagg Rebs+Asts DAL vs. SAS,,Basketball,NBA
1461232003,PrizePicks,parlay,SETTLED_WIN,6,,,5,25.00,02/05/2026 22:24:56 GMT,02/06/2026 05:38:38 GMT,2026-02-05T22:24:56.724Z,2026-02-06T05:38:38.750Z,Over 5.5 Naji Marshall Rebounds DAL vs. SAS | Over 4.5 VJ Edgecombe Rebounds PHI vs. LAL | Under 4.5 Kyshawn George Assists WAS vs. DET,,Basketball,NBA
1461066914,PrizePicks,parlay,SETTLED_LOSS,6,,,5,-5.00,02/05/2026 20:29:44 GMT,02/06/2026 04:41:00 GMT,2026-02-05T20:29:44.337Z,2026-02-06T04:41:00.000Z,Over 6.5 Tyrese Maxey Assists PHI vs. LAL | Under 3.5 Austin Reaves Assists LAL vs. PHI | Under 2.5 Victor Wembanyama Blocked Shots SAS vs. DAL,,Basketball,NBA
a610baac-78a8-4140-a2b1-176816a827e3,Underdog,parlay,SETTLED_LOSS,9.25,,,10,-10.00,02/05/2026 20:25:52 GMT,02/06/2026 03:30:00 GMT,2026-02-05T20:25:52.000Z,2026-02-06T03:30:00.000Z,Lower 15.5 Isaiah Collier Points O/U UTA @ ATL | Higher 2.5 Klay Thompson 3-Pointers Made O/U SAS @ DAL | Lower 16.5 De'Anthony Melton Points O/U GSW @ PHX,,Basketball,NBA
1461028161,PrizePicks,round_robin_3,SETTLED_LOSS,3,,,5,-5.00,02/05/2026 19:58:47 GMT,02/06/2026 03:40:00 GMT,2026-02-05T19:58:47.501Z,2026-02-06T03:40:00.000Z,Under 17 Jusuf Nurkić Rebs+Asts UTA vs. ATL | Over 11.5 Zaccharie Risacher Pts+Asts ATL vs. UTA | Under 1.5 Noah Clowney Assists BKN vs. ORL,,Basketball,NBA
e80d9303-3d79-4962-8bb4-73be19d4c1df,Underdog,parlay,SETTLED_LOSS,4.42,,,2.5,-2.50,02/05/2026 19:39:28 GMT,02/06/2026 03:30:00 GMT,2026-02-05T19:39:28.000Z,2026-02-06T03:30:00.000Z,Higher 3.5 Bilal Coulibaly Rebounds O/U WAS @ DET | Higher 2.5 CJ McCollum 3-Pointers Made O/U UTA @ ATL | Higher 7.5 Brandon Miller Rebounds + Assists O/U CHA @ HOU,,Basketball,NBA
6984efb1a18d5ca64ca85da3,Betr Picks,parlay,SETTLED_LOSS,6,,,5,-5.00,02/05/2026 19:29:53 GMT,02/06/2026 03:38:00 GMT,2026-02-05T19:29:53.677Z,2026-02-06T03:38:00.496Z,Under 11.5 Reed Sheppard Points CHA vs. HOU | Under 12.5 Kyle Filipowski Points UTA vs. ATL | Over 6.5 Collin Murray-Boyles Rebounds CHI vs. TOR,,Basketball,NBA
1460911000,PrizePicks,parlay,SETTLED_LOSS,6,,,10,-10.00,02/05/2026 18:33:39 GMT,02/06/2026 04:41:00 GMT,2026-02-05T18:33:39.806Z,2026-02-06T04:41:00.000Z,Over 16.5 LeBron James Points LAL vs. PHI | Over 23.5 Kevin Durant Points HOU vs. CHA | Over 12.5 Dylan Harper Pts+Asts SAS vs. DAL,,Basketball,NBA
1460903269,PrizePicks,parlay,SETTLED_LOSS,6,,,5,-5.00,02/05/2026 18:26:32 GMT,02/06/2026 03:10:00 GMT,2026-02-05T18:26:32.568Z,2026-02-06T03:10:00.000Z,Over 4.5 Bub Carrington Assists WAS vs. DET | Over 6.5 Nolan Traore Points BKN vs. ORL | Over 16.5 LeBron James Points LAL vs. PHI,,Basketball,NBA
6984dce11be6c7d1baa734b9,Betr Picks,parlay,SETTLED_WIN,6,,,5,25.00,02/05/2026 18:09:37 GMT,02/06/2026 05:43:41 GMT,2026-02-05T18:09:37.185Z,2026-02-06T05:43:41.705Z,Under 4.5 Brandin Podziemski Assists GS vs. PHO | Under 6.5 Brandon Ingram Rebounds CHI vs. TOR | Under 15.5 Draymond Green PTS+REB GS vs. PHO,,Basketball,NBA
6984dafe0f12911f7dd5ebb0,Betr Picks,parlay,SETTLED_LOSS,6,,,5,-5.00,02/05/2026 18:01:34 GMT,02/06/2026 03:15:30 GMT,2026-02-05T18:01:34.782Z,2026-02-06T03:15:30.194Z,Under 3.5 Cody Williams Rebounds UTA vs. ATL | Under 11.5 Immanuel Quickley AST+REB CHI vs. TOR | Over 15.5 Isaiah Collier AST+REB UTA vs. ATL,,Basketball,NBA
6984d0ce810aae307656b465,Betr Picks,parlay,SETTLED_LOSS,6,,,10,-10.00,02/05/2026 17:18:06 GMT,02/06/2026 06:09:56 GMT,2026-02-05T17:18:06.998Z,2026-02-06T06:09:56.177Z,Under 9.5 Matas Buzelis AST+REB CHI vs. TOR | Over 20.5 Pol0  Kills map 1+2 OverKnight vs. Zomblers | Over 23.5 LeBron James PTS+REB PHI vs. LAL,,Basketball | other,NBA | other
1460104929,PrizePicks,parlay,SETTLED_LOSS,6,,,5,-5.00,02/05/2026 01:17:40 GMT,02/05/2026 05:41:00 GMT,2026-02-05T01:17:40.262Z,2026-02-05T05:41:00.000Z,Over 1.5 William Eklund Shots On Goal SJ vs. COL | Under 14 Victor Wembanyama Rebs+Asts SAS vs. OKC | Over 16.5 Kawhi Leonard Points LAC vs. CLE,,Ice Hockey | Basketball,NHL | NBA
bPdKrB7,DK Pick6,round_robin_4,SETTLED_LOSS,13.252,,,5,-5.00,02/05/2026 00:00:00 GMT,02/05/2026 04:11:20 GMT,2026-02-05T00:00:00.000Z,2026-02-05T04:11:20.000Z,Over 11.5 Derik Queen Assists + Rebounds New Orleans Pelicans vs. Milwaukee Bucks | Over 27.5 Kyle Kuzma Pts + Rebs + Asts New Orleans Pelicans vs. Milwaukee Bucks | Over 3.5 Payton Pritchard Rebounds Boston Celtics vs. Houston Rockets | Under 14.5 Jaylen Wells Points Memphis Grizzlies vs. Sacramento Kings,,Basketball,NBA
mjmdqMW,DK Pick6,round_robin_3,SETTLED_LOSS,3,,,5,-5.00,02/05/2026 00:00:00 GMT,02/05/2026 03:13:08 GMT,2026-02-05T00:00:00.000Z,2026-02-05T03:13:08.000Z,Under 7.5 Cole Anthony Points New Orleans Pelicans vs. Milwaukee Bucks | Over 2.5 Karl-Anthony Towns Assists Denver Nuggets vs. New York Knicks | Over 3.5 Zion Williamson Assists New Orleans Pelicans vs. Milwaukee Bucks,,Basketball,NBA
6983dd5766bc33d6165b659c,Betr Picks,parlay,SETTLED_LOSS,6,,,5,-5.00,02/04/2026 23:59:19 GMT,02/05/2026 05:12:14 GMT,2026-02-04T23:59:19.016Z,2026-02-05T05:12:14.383Z,Under 5.5 Ryan Rollins Rebounds NO vs. MIL | Over 14.5 Karl-Anthony Towns AST+REB DEN vs. NY | Over 4.5 Stephon Castle Rebounds OKC vs. SA,,Basketball,NBA
1459923030,PrizePicks,parlay,SETTLED_LOSS,6,,,10,-10.00,02/04/2026 23:56:54 GMT,02/05/2026 06:08:00 GMT,2026-02-04T23:56:54.423Z,2026-02-05T06:08:00.000Z,Over 16.5 Kawhi Leonard Points LAC vs. CLE | Over 11.5 Keldon Johnson Points SAS vs. OKC | Under 2.5 Kevin Fiala Shots On Goal LA vs. SEA,,Basketball | Ice Hockey,NBA | NHL
6983cb941f11445d18efc135,Betr Picks,parlay,SETTLED_LOSS,6,,,5,-5.00,02/04/2026 22:43:32 GMT,02/05/2026 05:12:18 GMT,2026-02-04T22:43:32.331Z,2026-02-05T05:12:18.100Z,Over 5.5 Kevin Porter Jr. Assists NO vs. MIL | Over 3.5 Isaiah Joe Rebounds OKC vs. SA | Over 0.5 OG Anunoby Blocks DEN vs. NY,,Basketball,NBA
1459695369,PrizePicks,parlay,SETTLED_WIN,6,,,5,25.00,02/04/2026 22:22:46 GMT,02/05/2026 06:40:00 GMT,2026-02-04T22:22:46.270Z,2026-02-05T06:40:00.000Z,Over 4.5 Kris Dunn Assists LAC vs. CLE | Over 4.5 Peyton Watson Rebounds DEN vs. NYK | Under 11.5 Kenrich Williams Rebs+Asts OKC vs. SAS,,Basketball,NBA
6983bf226e326445a4bcfa7e,Betr Picks,parlay,SETTLED_LOSS,6,,,5,-5.00,02/04/2026 21:50:26 GMT,02/05/2026 06:01:55 GMT,2026-02-04T21:50:26.762Z,2026-02-05T06:01:55.185Z,Under 7.5 DeMar DeRozan AST+REB MEM vs. SAC | Over 5.5 GG Jackson II Rebounds MEM vs. SAC | Under 4.5 Kevin Durant Assists BOS vs. HOU,,Basketball,NBA
6983b3af8a833bee152952ca,Betr Picks,parlay,SETTLED_LOSS,6,,,5,-5.00,02/04/2026 21:01:35 GMT,02/05/2026 03:38:42 GMT,2026-02-04T21:01:35.436Z,2026-02-05T03:38:42.526Z,Under 11.5 Collin Murray-Boyles PTS+AST MIN vs. TOR | Over 5.5 Payton Pritchard Assists BOS vs. HOU | Under 7.5 Amen Thompson Rebounds BOS vs. HOU,,Basketball,NBA
6983adbb891ff5614c4359af,Betr Picks,parlay,SETTLED_LOSS,6,,,5,-5.00,02/04/2026 20:36:11 GMT,02/05/2026 06:01:56 GMT,2026-02-04T20:36:11.175Z,2026-02-05T06:01:56.140Z,Over 10.5 Cam Spencer Points MEM vs. SAC | Under 7.5 Ty Jerome AST+REB MEM vs. SAC | Under 9.5 Trey Murphy III AST+REB NO vs. MIL,,Basketball,NBA
1459498189,PrizePicks,parlay,SETTLED_VOID,6,,,5,0.00,02/04/2026 19:58:45 GMT,02/05/2026 01:20:59 GMT,2026-02-04T19:58:45.802Z,2026-02-05T01:20:59.080Z,Over 16.5 Kawhi Leonard Points LAC vs. CLE | Over 6.5 Zion Williamson Rebounds NOP vs. MIL | Over 4.5 Josh Hart Assists NYK vs. DEN,,Basketball,NBA
6983a2dc9666c7169c8476bb,Betr Picks,parlay,SETTLED_LOSS,6,,,10,-10.00,02/04/2026 19:49:48 GMT,02/05/2026 06:03:45 GMT,2026-02-04T19:49:48.941Z,2026-02-05T06:03:45.102Z,Under 3.5 Donovan Mitchell 3PT Made CLE vs. LAC | Under 12.5 Stephon Castle AST+REB OKC vs. SA | Over 27.5 Alperen Sengün PTS+REB BOS vs. HOU,,Basketball,NBA
6983a0101f11445d18efbda2,Betr Picks,parlay,SETTLED_LOSS,6,,,5,-5.00,02/04/2026 19:37:52 GMT,02/05/2026 05:58:57 GMT,2026-02-04T19:37:52.865Z,2026-02-05T05:58:57.127Z,Over 11.5 Josh Hart AST+REB DEN vs. NY | Under 5.5 Sandro Mamukelashvili Rebounds MIN vs. TOR | Under 9.5 Jarrett Allen Rebounds CLE vs. LAC,,Basketball,NBA
1459441453,PrizePicks,parlay,SETTLED_WIN,6,,,5,25.00,02/04/2026 19:20:51 GMT,02/05/2026 05:42:31 GMT,2026-02-04T19:20:51.272Z,2026-02-05T05:42:31.779Z,Over 16.5 Kawhi Leonard Points LAC vs. CLE | Under 5.5 AJ Green Rebs+Asts MIL vs. NOP | Over 7.5 Neemias Queta Rebounds BOS vs. HOU,,Basketball,NBA
1459353294,PrizePicks,parlay,SETTLED_LOSS,6,,,5,-5.00,02/04/2026 18:06:33 GMT,02/05/2026 06:10:00 GMT,2026-02-04T18:06:33.534Z,2026-02-05T06:10:00.000Z,Under 4.5 Jamal Shead Assists TOR vs. MIN | Over 31.5 Jalen Brunson Pts+Asts NYK vs. DEN | Over 8.5 Cam Spencer Rebs+Asts MEM vs. SAC,,Basketball,NBA
1458720956,PrizePicks,parlay,SETTLED_LOSS,6,,,10,-10.00,02/04/2026 02:09:44 GMT,02/04/2026 07:10:00 GMT,2026-02-04T02:09:44.639Z,2026-02-04T07:10:00.000Z,Over 22.5 Dillon Brooks Pts+Rebs+Asts PHX vs. POR | Under 3.5 Jerami Grant Rebounds POR vs. PHX | Under 2.5 Royce O'Neale 3-PT Made PHX vs. POR,,Basketball,NBA
1458564854,PrizePicks,parlay,SETTLED_LOSS,6,,,10,-10.00,02/04/2026 00:33:38 GMT,02/04/2026 07:10:00 GMT,2026-02-04T00:33:38.505Z,2026-02-04T07:10:00.000Z,Over 22.5 Dillon Brooks Pts+Rebs+Asts PHX vs. POR | Under 10.5 Brandin Podziemski Rebs+Asts GSW vs. PHI | Under 9.5 Royce O'Neale Points PHX vs. POR,,Basketball,NBA
Bx7BKww,DK Pick6,round_robin_3,SETTLED_LOSS,3,,,5,-5.00,02/04/2026 00:00:00 GMT,02/04/2026 03:10:58 GMT,2026-02-04T00:00:00.000Z,2026-02-04T03:10:58.000Z,Over 4.5 Shaedon Sharpe Rebounds Phoenix Suns vs. Portland Trail Blazers | Over 1.5 Peyton Watson 3-Pointers Made Denver Nuggets vs. Detroit Pistons | Under 1.5 Nikola Vucevic 3-Pointers Made Chicago Bulls vs. Milwaukee Bucks,,Basketball,NBA
Nz8NzQV,DK Pick6,round_robin_4,SETTLED_LOSS,13,,,5,-5.00,02/04/2026 00:00:00 GMT,02/04/2026 03:09:28 GMT,2026-02-04T00:00:00.000Z,2026-02-04T03:09:28.000Z,Under 0.5 Sebastian Aho Assists Ottawa Senators vs. Carolina Hurricanes | Over 0.5 Christian Dvorak Points Washington Capitals vs. Philadelphia Flyers | Over 2.5 Jake Guentzel Shots on Goal Buffalo Sabres vs. Tampa Bay Lightning | Over 0.5 Matty Beniers Points Seattle Kraken vs. Anaheim Ducks,,Ice Hockey,NHL
mjmzrQn,DK Pick6,round_robin_3,SETTLED_WIN,6,,,5,25.42,02/04/2026 00:00:00 GMT,02/04/2026 07:14:05 GMT,2026-02-04T00:00:00.000Z,2026-02-04T07:14:05.000Z,Under 8.5 Nikola Jokic Assists Denver Nuggets vs. Detroit Pistons | Under 4.5 Collin Gillespie Rebounds Phoenix Suns vs. Portland Trail Blazers | Under 49.5 Luka Doncic Pts + Rebs + Asts Los Angeles Lakers vs. Brooklyn Nets,,Basketball,NBA
Qn2yjWD,DK Pick6,round_robin_3,SETTLED_LOSS,6,,,5,-5.00,02/04/2026 00:00:00 GMT,02/04/2026 03:41:08 GMT,2026-02-04T00:00:00.000Z,2026-02-04T03:41:08.000Z,Over 32.5 Jamal Murray Pts + Rebs + Asts Denver Nuggets vs. Detroit Pistons | Over 4.5 Brandin Podziemski Assists Philadelphia 76ers vs. Golden State Warriors | Under 3.5 Nolan Traore Assists Los Angeles Lakers vs. Brooklyn Nets,,Basketball,NBA
KQ47Qdq,DK Pick6,round_robin_3,SETTLED_LOSS,6,,,5,-5.00,02/04/2026 00:00:00 GMT,02/04/2026 03:10:58 GMT,2026-02-04T00:00:00.000Z,2026-02-04T03:10:58.000Z,Under 40.5 Cade Cunningham Pts + Rebs + Asts Denver Nuggets vs. Detroit Pistons | Over 25.5 Ayo Dosunmu Pts + Rebs + Asts Chicago Bulls vs. Milwaukee Bucks | Over 17.5 Khris Middleton Pts + Rebs + Asts New York Knicks vs. Washington Wizards,,Basketball,NBA
698274cfa641d6b1e75405ed,Betr Picks,parlay,SETTLED_LOSS,6,,,10,-10.00,02/03/2026 22:21:03 GMT,02/04/2026 03:49:44 GMT,2026-02-03T22:21:03.422Z,2026-02-04T03:49:44.503Z,Over 24.5 Cooper Flagg PTS+REB BOS vs. DAL | Over 3.5 Jamal Murray Rebounds DEN vs. DET | Under 1.5 Isaiah Stewart Blocks DEN vs. DET,,Basketball,NBA
1458210195,PrizePicks,parlay,SETTLED_LOSS,6,,,10,-10.00,02/03/2026 22:00:40 GMT,02/04/2026 03:00:00 GMT,2026-02-03T22:00:40.099Z,2026-02-04T03:00:00.000Z,Over 25.5 Matas Buzelis Pts+Rebs+Asts CHI vs. MIL | Over 25.5 Shai Gilgeous-Alexander Points OKC vs. ORL | Under 3.5 Chet Holmgren Blks+Stls OKC vs. ORL,,Basketball,NBA
1458004545,PrizePicks,parlay,SETTLED_LOSS,6,,,5,-5.00,02/03/2026 19:41:37 GMT,02/04/2026 03:11:00 GMT,2026-02-03T19:41:37.303Z,2026-02-04T03:11:00.000Z,Under 6.5 Jalen Brunson Assists NYK vs. WAS | Over 4.5 Ace Bailey Rebounds UTA vs. IND | Under 3.5 Ronald Holland Rebounds DET vs. DEN,,Basketball,NBA
69824eb3108c00f7ca18f498,Betr Picks,parlay,SETTLED_LOSS,6,,,5,-5.00,02/03/2026 19:38:27 GMT,02/04/2026 02:49:15 GMT,2026-02-03T19:38:27.747Z,2026-02-04T02:49:15.682Z,Over 23.5 OG Anunoby Pts+Rebs+Asst NY vs. WAS | Under 3.5 Kyle Filipowski Assists UTA vs. IND | Over 1.5 Ace Bailey 3PT Made UTA vs. IND,,Basketball,NBA
6982419bb4551d50f79349c7,Betr Picks,parlay,SETTLED_VOID,6,,,5,0.00,02/03/2026 18:42:35 GMT,02/04/2026 03:29:35 GMT,2026-02-03T18:42:35.369Z,2026-02-04T03:29:35.884Z,Under 3.5 Nickeil Alexander-Walker Assists ATL vs. MIA | Under 7.5 Jaden Ivey Points DEN vs. DET | Over 7.5 Andrew Wiggins AST+REB ATL vs. MIA,,Basketball,NBA
1457910346,PrizePicks,parlay,SETTLED_WIN,6,,,5,25.00,02/03/2026 18:34:07 GMT,02/04/2026 06:10:00 GMT,2026-02-03T18:34:07.742Z,2026-02-04T06:10:00.000Z,Under 20.5 Moses Moody Pts+Rebs+Asts GSW vs. PHI | Under 28.5 Michael Porter Pts+Asts BKN vs. LAL | Under 9.5 Wendell Carter Rebs+Asts ORL vs. OKC,,Basketball,NBA
1457785139,PrizePicks,parlay,SETTLED_LOSS,6,,,5,-5.00,02/03/2026 16:48:36 GMT,02/04/2026 03:40:00 GMT,2026-02-03T16:48:36.915Z,2026-02-04T03:40:00.000Z,Under 5.5 Brandin Podziemski Rebounds GSW vs. PHI | Under 8.5 Royce O'Neale Rebs+Asts PHX vs. POR | Over 6.5 Dyson Daniels Assists ATL vs. MIA,,Basketball,NBA
698217d15ed2332d60eb14f4,Betr Picks,parlay,SETTLED_WIN,6,,,5,25.00,02/03/2026 15:44:17 GMT,02/04/2026 06:55:09 GMT,2026-02-03T15:44:17.986Z,2026-02-04T06:55:09.955Z,Over 0.5 Donovan Clingan Double Doubles PHO vs. POR | Over 11.5 Ausar Thompson PTS+AST DEN vs. DET | Over 7.5 Gui Santos Points PHI vs. GS,,Basketball,NBA
6982154ea499c1e0311bfae0,Betr Picks,parlay,SETTLED_LOSS,6,,,5,-5.00,02/03/2026 15:33:34 GMT,02/04/2026 06:09:33 GMT,2026-02-03T15:33:34.987Z,2026-02-04T06:09:33.655Z,Under 17.5 Alexandre Sarr Points NY vs. WAS | Under 2.5 Jared McCann Shots on goal SEA vs. ANA | Over 9.5 Nikola Vučević Rebounds CHI vs. MIL,,Basketball | Ice Hockey,NBA | NHL
1457728582,PrizePicks,round_robin_3,SETTLED_LOSS,3,,,5,-5.00,02/03/2026 15:23:29 GMT,02/04/2026 03:11:00 GMT,2026-02-03T15:23:29.884Z,2026-02-04T03:11:00.000Z,Over 9.5 Bobby Portis Rebounds MIL vs. CHI | Under 8.5 Luka Garza Points BOS vs. DAL | Under 16 Karl-Anthony Towns Rebs+Asts NYK vs. WAS,,Basketball,NBA
1457697915,PrizePicks,parlay,SETTLED_LOSS,6,,,5,-5.00,02/03/2026 14:32:43 GMT,02/04/2026 03:11:00 GMT,2026-02-03T14:32:43.636Z,2026-02-04T03:11:00.000Z,Over 17.5 Tobias Harris Pts+Rebs DET vs. DEN | Under 7.5 Ryan Rollins Assists MIL vs. CHI | Under 7.5 Mikal Bridges Rebs+Asts NYK vs. WAS,,Basketball,NBA
1457690289,PrizePicks,parlay,SETTLED_LOSS,6,,,5,-5.00,02/03/2026 14:17:37 GMT,02/04/2026 03:12:00 GMT,2026-02-03T14:17:37.833Z,2026-02-04T03:12:00.000Z,Over 23 Peyton Watson Pts+Rebs+Asts DEN vs. DET | Over 5 Josh Hart Assists NYK vs. WAS | Under 21.5 Cooper Flagg Points DAL vs. BOS,,Basketball,NBA
1457683723,PrizePicks,parlay,SETTLED_LOSS,6,,,5,-5.00,02/03/2026 14:04:04 GMT,02/04/2026 03:10:00 GMT,2026-02-03T14:04:04.460Z,2026-02-04T03:10:00.000Z,Over 9.5 Kyshawn George Rebs+Asts WAS vs. NYK | Under 11.5 Shai Gilgeous-Alexander Rebs+Asts OKC vs. ORL | Under 20.5 Nickeil Alexander-Walker Points ATL vs. MIA,,Basketball,NBA
698188fc2ff5be5fcf00455d,Betr Picks,parlay,SETTLED_LOSS,6,,,5,-5.00,02/03/2026 05:34:52 GMT,02/04/2026 03:41:46 GMT,2026-02-03T05:34:52.967Z,2026-02-04T03:41:46.458Z,Under 7.5 Shai Gilgeous-Alexander Assists ORL vs. OKC | Under 0.5 Chet Holmgren Double Doubles ORL vs. OKC | Under 4.5 Desmond Bane Rebounds ORL vs. OKC,,Basketball,NBA
698121a9d416f186c27d8bad,Betr Picks,parlay,SETTLED_LOSS,6,,,10,-10.00,02/02/2026 22:14:01 GMT,02/03/2026 05:54:33 GMT,2026-02-02T22:14:01.386Z,2026-02-03T05:54:33.660Z,Over 0.5 Tyrese Maxey PTS+AST PHI vs. LAC | Over 0.5 Ivica Zubac Double Doubles PHI vs. LAC | Under 10.5 Naz Reid AST+REB MIN vs. MEM,,Basketball,NBA
mjmw25q,DK Pick6,round_robin_3,SETTLED_LOSS,7.8,,,5,-5.00,02/02/2026 20:00:00 GMT,02/03/2026 03:43:08 GMT,2026-02-02T20:00:00.000Z,2026-02-03T03:43:08.000Z,Under 10.5 Rudy Gobert Points Minnesota Timberwolves vs. Memphis Grizzlies | Over 26.5 Naz Reid Pts + Rebs + Asts Minnesota Timberwolves vs. Memphis Grizzlies | Over 5.5 Clint Capela Rebounds Houston Rockets vs. Indiana Pacers,,Basketball,NBA
MwYGnGn,DK Pick6,round_robin_3,SETTLED_LOSS,6,,,5,-5.00,02/02/2026 20:00:00 GMT,02/03/2026 03:12:04 GMT,2026-02-02T20:00:00.000Z,2026-02-03T03:12:04.000Z,Under 12.5 Rudy Gobert Rebounds Minnesota Timberwolves vs. Memphis Grizzlies | Under 16.5 Alperen Sengun Assists + Rebounds Houston Rockets vs. Indiana Pacers | Under 15.5 Reed Sheppard Points Houston Rockets vs. Indiana Pacers,,Basketball,NBA
6980fe65524b10e0845ef8e4,Betr Picks,parlay,SETTLED_LOSS,6,,,5,-5.00,02/02/2026 19:43:33 GMT,02/03/2026 05:53:28 GMT,2026-02-02T19:43:33.525Z,2026-02-03T05:53:28.725Z,Over 13.5 Ivica Zubac Points PHI vs. LAC | Over 7.5 Cam Spencer AST+REB MIN vs. MEM | Over 8.5 Trey Murphy III AST+REB NO vs. CHA,,Basketball,NBA
1456503171,PrizePicks,parlay,SETTLED_LOSS,6,,,5,-5.00,02/02/2026 18:22:17 GMT,02/03/2026 03:44:00 GMT,2026-02-02T18:22:17.210Z,2026-02-03T03:44:00.000Z,Over 5.5 Herbert Jones Rebs+Asts NOP vs. CHA | Under 19.5 Donte DiVincenzo Pts+Asts MIN vs. MEM | Under 13.5 Quentin Grimes Pts+Rebs+Asts PHI vs. LAC,,Basketball,NBA
6980e04a369817f56774d9c3,Betr Picks,parlay,SETTLED_LOSS,6,,,10,-10.00,02/02/2026 17:35:06 GMT,02/03/2026 05:55:38 GMT,2026-02-02T17:35:06.236Z,2026-02-03T05:55:38.806Z,Over 33.5 Joel Embiid PTS+REB PHI vs. LAC | Under 8.5 Kris Dunn Points PHI vs. LAC | Under 24.5 Julius Randle Points MIN vs. MEM,,Basketball,NBA
11113374301770052831702,Chalkboard Fantasy,parlay,SETTLED_LOSS,5.77,,,5,-5.00,02/02/2026 17:20:31 GMT,02/03/2026 05:38:15 GMT,2026-02-02T17:20:31.714Z,2026-02-03T05:38:15.411Z,Over 12.5 Joel Embiid Ast + Reb Philadelphia 76ers @ LA Clippers | Under 10.5 Tyrese Maxey Ast + Reb Philadelphia 76ers @ LA Clippers | Under 6.5 Cedric Coward Rebounds Minnesota Timberwolves @ Memphis Grizzlies,,Basketball,NBA
17bcf149-ecda-4822-9bd4-eb4bf813ab0f,Underdog,parlay,SETTLED_LOSS,9.25,,,10,-10.00,02/02/2026 17:11:54 GMT,02/02/2026 23:00:00 GMT,2026-02-02T17:11:54.000Z,2026-02-02T23:00:00.000Z,Higher 10.5 Moussa Diabate Rebounds O/U NOP @ CHA | Lower 15.5 Tari Eason Points O/U HOU @ IND | Lower 16.5 Jaden McDaniels Points O/U MIN @ MEM,,Basketball,NBA
1456407942,PrizePicks,parlay,SETTLED_LOSS,8.4,,,5,-5.00,02/02/2026 17:09:05 GMT,02/03/2026 03:10:00 GMT,2026-02-02T17:09:05.858Z,2026-02-03T03:10:00.000Z,Under 4 Connor Clifton Hits PIT vs. OTT | Over 8.5 Kon Knueppel Rebs+Asts CHA vs. NOP | Over 7.5 T.J. McConnell Points IND vs. HOU,,Ice Hockey | Basketball,NHL | NBA
1456334749,PrizePicks,parlay,SETTLED_WIN,6,,,5,25.00,02/02/2026 15:41:45 GMT,02/03/2026 03:44:00 GMT,2026-02-02T15:41:45.798Z,2026-02-03T03:44:00.000Z,Under 6.5 Cedric Coward Rebounds MEM vs. MIN | Under 4.5 Johnny Furphy Points IND vs. HOU | Over 5.5 Zion Williamson Rebounds NOP vs. CHA,,Basketball,NBA
1456321185,PrizePicks,parlay,SETTLED_LOSS,6,,,5,-5.00,02/02/2026 15:23:23 GMT,02/02/2026 23:11:00 GMT,2026-02-02T15:23:23.681Z,2026-02-02T23:11:00.000Z,Over 12.5 Moussa Diabaté Pts+Asts CHA vs. NOP | Under 5.5 Anthony Edwards Rebounds MIN vs. MEM | Over 3.5 Zion Williamson Assists NOP vs. CHA,,Basketball,NBA
6980c09b94238b279c2b585c,Betr Picks,parlay,SETTLED_LOSS,10,,,10,-10.00,02/02/2026 15:19:55 GMT,02/03/2026 03:34:44 GMT,2026-02-02T15:19:55.254Z,2026-02-03T03:34:44.907Z,Over 11.5 Vince Williams Jr. PTS+AST MIN vs. MEM | Over 18.5 Aaron Nesmith Pts+Rebs+Asst HOU vs. IND | Over 25.5 Brandon Miller PTS+REB NO vs. CHA | Over 7.5 Kentavious Caldwell-Pope Points MIN vs. MEM,,Basketball,NBA
1456314666,PrizePicks,parlay,SETTLED_LOSS,6,,,5,0.00,02/02/2026 15:14:55 GMT,02/03/2026 03:11:00 GMT,2026-02-02T15:14:55.749Z,2026-02-03T03:11:00.000Z,Over 3.5 Josh Okogie Rebounds HOU vs. IND | Over 4.5 LaMelo Ball Rebounds CHA vs. NOP | Over 5.5 Jared McCain Points PHI vs. LAC,,Basketball,NBA
1455843997,PrizePicks,parlay,SETTLED_LOSS,6,,,5,-5.00,02/02/2026 02:29:09 GMT,02/02/2026 05:17:57 GMT,2026-02-02T02:29:09.330Z,2026-02-02T05:17:57.751Z,Over 1.5 Nikola Jokić 3-PT Made DEN vs. OKC | Under 13.5 Kenrich Williams Pts+Rebs+Asts OKC vs. DEN | Over 16.5 Tim Hardaway Pts+Rebs+Asts DEN vs. OKC,,Basketball,NBA
697fda0807e45ac42a97a774,Betr Picks,parlay,SETTLED_LOSS,6,,,5,-5.00,02/01/2026 22:56:08 GMT,02/02/2026 05:24:18 GMT,2026-02-01T22:56:08.256Z,2026-02-02T05:24:18.776Z,Over 0.5 Bam Adebayo Double Doubles CHI vs. MIA | Over 10.5 Donovan Mitchell AST+REB CLE vs. POR | Over 7.5 Nikola Jokić Assists OKC vs. DEN,,Basketball,NBA
1455181042,PrizePicks,parlay,SETTLED_LOSS,6,,,5,-5.00,02/01/2026 21:46:29 GMT,02/02/2026 02:12:00 GMT,2026-02-01T21:46:29.478Z,2026-02-02T02:12:00.000Z,Over 4.5 Tobias Harris Rebounds DET vs. BKN | Over 3.5 Ace Bailey Rebounds UTA vs. TOR | Over 4.5 Paolo Banchero Assists ORL vs. SAS,,Basketball,NBA
GrxppBB,DK Pick6,round_robin_3,SETTLED_LOSS,6,,,5,-5.00,02/01/2026 20:30:00 GMT,02/02/2026 02:10:30 GMT,2026-02-01T20:30:00.000Z,2026-02-02T02:10:30.000Z,Over 8.5 Paolo Banchero Rebounds Orlando Magic vs. San Antonio Spurs | Under 19.5 Zach LaVine Points Sacramento Kings vs. Washington Wizards | Under 16.5 Jerami Grant Points Cleveland Cavaliers vs. Portland Trail Blazers,,Basketball,NBA
5rw4wx2,DK Pick6,round_robin_3,SETTLED_WIN,3,,,5,10.00,02/01/2026 20:30:00 GMT,02/02/2026 04:10:29 GMT,2026-02-01T20:30:00.000Z,2026-02-02T04:10:29.000Z,Over 11.5 Domantas Sabonis Rebounds Sacramento Kings vs. Washington Wizards | Under 7.5 Mikal Bridges Assists + Rebounds Los Angeles Lakers vs. New York Knicks | Under 26.5 Kawhi Leonard Points Los Angeles Clippers vs. Phoenix Suns,,Basketball,NBA
Qn2p9Q2,DK Pick6,round_robin_3,SETTLED_WIN,6,,,5,25.00,02/01/2026 20:30:00 GMT,02/02/2026 05:10:29 GMT,2026-02-01T20:30:00.000Z,2026-02-02T05:10:29.000Z,Over 11.5 Jaylen Brown Assists + Rebounds Milwaukee Bucks vs. Boston Celtics | Under 14.5 Cam Thomas Points Brooklyn Nets vs. Detroit Pistons | Over 18.5 Desmond Bane Points Orlando Magic vs. San Antonio Spurs,,Basketball,NBA
Qn2pQPy,DK Pick6,round_robin_3,SETTLED_LOSS,6,,,5,-5.00,02/01/2026 20:30:00 GMT,02/02/2026 05:05:58 GMT,2026-02-01T20:30:00.000Z,2026-02-02T05:05:58.250Z,Over 11.5 Bobby Portis Assists + Rebounds Milwaukee Bucks vs. Boston Celtics | Over 9.5 Luguentz Dort Points Oklahoma City Thunder vs. Denver Nuggets | Under 3.5 Mikal Bridges Rebounds Los Angeles Lakers vs. New York Knicks,,Basketball,NBA
11113374301769977464243,Chalkboard Fantasy,parlay,SETTLED_LOSS,4.526184,,,5,-5.00,02/01/2026 20:24:24 GMT,02/02/2026 05:14:22 GMT,2026-02-01T20:24:24.251Z,2026-02-02T05:14:22.074Z,Under 4.5 Ryan Rollins Rebounds Milwaukee Bucks @ Boston Celtics | Over 4.5 Stephon Castle Rebounds Orlando Magic @ San Antonio Spurs | Over 0.5 Shai Gilgeous-Alexander Points Oklahoma City Thunder @ Denver Nuggets,,Basketball,NBA
697fb5724612fd5b91505f8d,Betr Picks,parlay,SETTLED_LOSS,6,,,5,-5.00,02/01/2026 20:20:02 GMT,02/02/2026 04:48:26 GMT,2026-02-01T20:20:02.836Z,2026-02-02T04:48:26.151Z,Under 10.5 De'Aaron Fox AST+REB ORL vs. SA | Under 8 Neemias Queta Rebounds MIL vs. BOS | Under 9.5 AJ Green Points MIL vs. BOS,,Basketball,NBA
ff40e532-295a-47a5-9ba9-90d0432f2764,Underdog,parlay,SETTLED_LOSS,8.7,,,10,-10.00,02/01/2026 19:13:17 GMT,02/02/2026 02:00:00 GMT,2026-02-01T19:13:17.000Z,2026-02-02T02:00:00.000Z,Higher 9.5 Jaime Jaquez Jr. Rebounds + Assists O/U CHI @ MIA | Higher 8.5 Ayo Dosunmu Rebounds + Assists O/U CHI @ MIA | Higher 8.5 Jalen Suggs Rebounds + Assists O/U ORL @ SAS,,Basketball,NBA
697fa1695a5a76946fa5d29d,Betr Picks,parlay,SETTLED_LOSS,6,,,5,-5.00,02/01/2026 18:54:33 GMT,02/02/2026 02:42:36 GMT,2026-02-01T18:54:33.981Z,2026-02-02T02:42:36.238Z,Over 7.5 Deandre Ayton AST+REB LAL vs. NY | Over 7.5 Ausar Thompson AST+REB BKN vs. DET | Over 11.5 Khris Middleton Points SAC vs. WAS,,Basketball,NBA
1454767268,PrizePicks,parlay,SETTLED_LOSS,6,,,5,-5.00,02/01/2026 18:39:20 GMT,02/02/2026 02:12:00 GMT,2026-02-01T18:39:20.907Z,2026-02-02T02:12:00.000Z,Under 25.5 Nikola Jokić Points DEN vs. OKC | Under 10.5 Kyle Kuzma Rebs+Asts MIL vs. BOS | Over 9.5 Coby White Rebs+Asts CHI vs. MIA,,Basketball,NBA
697f9be565dd0d64f89de696,Betr Picks,parlay,SETTLED_LOSS,6,,,5,-5.00,02/01/2026 18:31:01 GMT,02/02/2026 03:50:41 GMT,2026-02-01T18:31:01.450Z,2026-02-02T03:50:41.635Z,Under 5.5 LeBron James Rebounds LAL vs. NY | Over 7.5 Khris Middleton AST+REB SAC vs. WAS | Under 8.5 Kris Dunn AST+REB LAC vs. PHO,,Basketball,NBA
1454740918,PrizePicks,parlay,SETTLED_LOSS,6,,,5,-5.00,02/01/2026 18:27:52 GMT,02/02/2026 02:11:00 GMT,2026-02-01T18:27:52.747Z,2026-02-02T02:11:00.000Z,Under 22 Peyton Watson Pts+Rebs DEN vs. OKC | Over 9.5 Collin Murray-Boyles Points TOR vs. UTA | Over 15.5 Nique Clifford Pts+Rebs+Asts SAC vs. WAS,,Basketball,NBA
697f99939f750481a2f63871,Betr Picks,parlay,SETTLED_LOSS,6,,,5,0.00,02/01/2026 18:21:07 GMT,02/02/2026 03:50:35 GMT,2026-02-01T18:21:07.565Z,2026-02-02T03:50:35.093Z,Over 7.5 Luka Dončić Assists LAL vs. NY | Over 7.5 Andrew Wiggins AST+REB CHI vs. MIA | Under 3.5 Grayson Allen Rebounds LAC vs. PHO,,Basketball,NBA
697f984726b53dedb02feea7,Betr Picks,parlay,SETTLED_WIN,6,,,10,20.00,02/01/2026 18:15:35 GMT,02/02/2026 03:50:46 GMT,2026-02-01T18:15:35.457Z,2026-02-02T03:50:46.865Z,Over 44.5 Luka Dončić Pts+Rebs+Asst LAL vs. NY | Under 8.5 Mark Williams Rebounds LAC vs. PHO | Over 7.5 Alexandre Sarr Rebounds SAC vs. WAS,,Basketball,NBA
1454709902,PrizePicks,parlay,SETTLED_LOSS,6,,,5,-5.00,02/01/2026 18:14:08 GMT,02/02/2026 02:12:00 GMT,2026-02-01T18:14:08.300Z,2026-02-02T02:12:00.000Z,Over 13.5 Tobias Harris Points DET vs. BKN | Under 9.5 Jarrett Allen Rebounds CLE vs. POR | Under 8.5 Desmond Bane Rebs+Asts ORL vs. SAS,,Basketball,NBA
1454582541,PrizePicks,round_robin_3,SETTLED_WIN,3,,,5,10.00,02/01/2026 16:52:34 GMT,02/02/2026 04:47:58 GMT,2026-02-01T16:52:34.387Z,2026-02-02T04:47:58.999Z,Over 8 Luka Dončić Assists LAL vs. NYK | Over 9.5 Cason Wallace Pts+Rebs OKC vs. DEN | Over 6.5 Harrison Barnes Points SAS vs. ORL,,Basketball,NBA
1454262219,PrizePicks,parlay,SETTLED_LOSS,6,,,10,-10.00,02/01/2026 07:36:52 GMT,02/02/2026 02:11:00 GMT,2026-02-01T07:36:52.636Z,2026-02-02T02:11:00.000Z,Over 31.5 Carlos Alcaraz Total Games Carlos Alcaraz vs. Novak Djokovic | Over 4.5 Thomas Bryant Rebounds CLE vs. POR | Under 5.5 Zach LaVine Rebs+Asts SAC vs. WAS,,Tennis | Basketball,TENNIS | NBA
1453267491,PrizePicks,parlay,SETTLED_LOSS,6,,,5,-5.00,01/31/2026 21:28:01 GMT,02/01/2026 03:10:00 GMT,2026-01-31T21:28:01.241Z,2026-02-01T03:10:00.000Z,Under 10.5 Jalen Johnson Rebounds ATL vs. IND | Over 5.5 Anthony Edwards Rebounds MIN vs. MEM | Over 5.5 Daniel Gafford Rebounds DAL vs. HOU,,Basketball,NBA
697e5d6233cdb162dec175fa,Betr Picks,parlay,SETTLED_LOSS,6,,,5,0.00,01/31/2026 19:52:02 GMT,02/01/2026 03:39:47 GMT,2026-01-31T19:52:02.395Z,2026-02-01T03:39:47.500Z,Over 9.5 Cedric Coward AST+REB MIN vs. MEM | Over 8.5 Donte DiVincenzo AST+REB MIN vs. MEM | Over 6.5 Derik Queen Rebounds NO vs. PHI,,Basketball,NBA
697e5ae092da92cc44f2d160,Betr Picks,parlay,SETTLED_LOSS,6,,,10,0.00,01/31/2026 19:41:20 GMT,02/01/2026 03:51:14 GMT,2026-01-31T19:41:20.717Z,2026-02-01T03:51:14.055Z,Over 45.5 Mauricio Ruffy Sig Strikes Fiziev vs. Ruffy | Over 5.5 Yves Missi Rebounds NO vs. PHI | Under 3.5 Nickeil Alexander-Walker Assists ATL vs. IND,,MMA | Basketball,UFC | NBA
ab104797-4c08-40b1-a8c9-04ba037ebc07,Underdog,parlay,SETTLED_LOSS,7.73,,,15,-15.00,01/31/2026 19:30:00 GMT,02/01/2026 03:30:00 GMT,2026-01-31T19:30:00.000Z,2026-02-01T03:30:00.000Z,Higher 8.5 Herb Jones Points O/U NOP @ PHI | Lower 9.5 VJ Edgecombe Rebounds + Assists O/U NOP @ PHI | Higher 4.5 Kevin Huerter Rebounds O/U CHI @ MIA,,Basketball,NBA
1453007030,PrizePicks,parlay,SETTLED_LOSS,6,,,5,-5.00,01/31/2026 19:17:45 GMT,02/01/2026 03:40:00 GMT,2026-01-31T19:17:45.503Z,2026-02-01T03:40:00.000Z,Over 13.5 Joel Embiid Rebs+Asts PHI vs. NOP | Under 11.5 Jared McCain Pts+Rebs+Asts PHI vs. NOP | Under 10.5 Bam Adebayo Rebounds MIA vs. CHI,,Basketball,NBA
1453005871,PrizePicks,round_robin_6,SETTLED_WIN,25,,,5,5.00,01/31/2026 19:16:58 GMT,02/01/2026 04:41:00 GMT,2026-01-31T19:16:58.504Z,2026-02-01T04:41:00.000Z,Under 15 Derik Queen Pts+Asts NOP vs. PHI | Over 4.5 Joel Embiid Assists PHI vs. NOP | Over 4.5 Kelly Oubre Rebounds PHI vs. NOP | Under 32.5 Bam Adebayo Pts+Rebs MIA vs. CHI | Over 11.5 Tari Eason Points HOU vs. DAL | Under 2.5 Alperen Sengun Blks+Stls HOU vs. DAL,,Basketball,NBA
1453002057,PrizePicks,parlay,SETTLED_LOSS,6,,,5,-5.00,01/31/2026 19:14:46 GMT,02/01/2026 03:40:00 GMT,2026-01-31T19:14:46.272Z,2026-02-01T03:40:00.000Z,Under 11.5 Tyrese Maxey Rebs+Asts PHI vs. NOP | Over 8.5 Herbert Jones Points NOP vs. PHI | Under 15 Derik Queen Pts+Asts NOP vs. PHI,,Basketball,NBA
697e4e28f01861089c6daeb0,Betr Picks,parlay,SETTLED_WIN,7,,,10,60.00,01/31/2026 18:47:04 GMT,02/01/2026 04:18:03 GMT,2026-01-31T18:47:04.873Z,2026-02-01T04:18:03.535Z,Over 22.5 Cooper Flagg PTS+REB DAL vs. HOU | Over 13.5 Dyson Daniels AST+REB ATL vs. IND | Over 7.5 Pelle Larsson AST+REB CHI vs. MIA,,Basketball,NBA
1452946220,PrizePicks,parlay,SETTLED_LOSS,6,,,5,-5.00,01/31/2026 18:45:49 GMT,02/01/2026 04:41:00 GMT,2026-01-31T18:45:49.928Z,2026-02-01T04:41:00.000Z,Over 4.5 Kelly Oubre Rebounds PHI vs. NOP | Over 5.5 P.J. Washington Rebounds DAL vs. HOU | Over 13.5 Daniel Gafford Pts+Rebs+Asts DAL vs. HOU,,Basketball,NBA
1452772621,PrizePicks,parlay,SETTLED_LOSS,6,,,5,-5.00,01/31/2026 17:12:52 GMT,02/01/2026 03:40:00 GMT,2026-01-31T17:12:52.414Z,2026-02-01T03:40:00.000Z,Over 9.5 Anthony Edwards Rebs+Asts MIN vs. MEM | Over 4.5 Joel Embiid Assists PHI vs. NOP | Under 10.5 Isaac Okoro Points CHI vs. MIA,,Basketball,NBA
1452757728,PrizePicks,parlay,SETTLED_CASH_OUT,2.2,,,10,-5.45,01/31/2026 17:07:15 GMT,01/31/2026 20:12:00 GMT,2026-01-31T17:07:15.146Z,2026-01-31T20:12:00.000Z,Over 14.5 Brandon Miller Points CHA vs. SAS | Over 6.5 Moussa Diabaté Rebounds CHA vs. SAS | Over 4.5 Stephon Castle Assists SAS vs. CHA | Over 8.5 Victor Wembanyama Rebounds SAS vs. CHA,,Basketball,NBA
rYggrZq,DK Pick6,round_robin_4,SETTLED_LOSS,15,,,7,-7.00,01/31/2026 17:00:00 GMT,02/01/2026 04:40:52 GMT,2026-01-31T17:00:00.000Z,2026-02-01T04:40:52.000Z,Under 23.5 Amen Thompson Points + Assists Dallas Mavericks vs. Houston Rockets | Under 22.5 CJ McCollum Points + Assists Atlanta Hawks vs. Indiana Pacers | Under 8.5 T.J. McConnell Points Atlanta Hawks vs. Indiana Pacers | Under 8.5 Jock Landale Rebounds Minnesota Timberwolves vs. Memphis Grizzlies,,Basketball,NBA
xzMM8xz,DK Pick6,round_robin_3,SETTLED_WIN,8.766,,,5,38.83,01/31/2026 17:00:00 GMT,02/01/2026 04:40:52 GMT,2026-01-31T17:00:00.000Z,2026-02-01T04:40:52.000Z,Over 11.5 Tari Eason Points Dallas Mavericks vs. Houston Rockets | Over 4.5 Kevin Huerter Rebounds Chicago Bulls vs. Miami Heat | Under 36.5 Alperen Sengun Pts + Rebs + Asts Dallas Mavericks vs. Houston Rockets,,Basketball,NBA
1451920304,PrizePicks,round_robin_3,SETTLED_WIN,3,,,15,30.00,01/31/2026 02:55:38 GMT,01/31/2026 06:18:00 GMT,2026-01-31T02:55:38.306Z,2026-01-31T06:18:00.000Z,Over 29.5 Cade Cunningham Pts+Rebs DET vs. GSW | Under 8.5 Stephen Curry Rebs+Asts GSW vs. DET | Over 12.5 Tobias Harris Points DET vs. GSW,,Basketball,NBA
1451817255,PrizePicks,round_robin_3,SETTLED_LOSS,3,,,5,-5.00,01/31/2026 02:05:21 GMT,01/31/2026 05:10:00 GMT,2026-01-31T02:05:21.952Z,2026-01-31T05:10:00.000Z,Under 9 Nikola Jokić Rebounds DEN vs. LAC | Under 18 Collin Gillespie Pts+Rebs PHX vs. CLE | Under 2.5 Nemesis MAP 1 Kills RAT vs. KOI MAP 1,,Basketball | other,NBA | other
KQ4bywz,DK Pick6,round_robin_4,SETTLED_LOSS,10,,,5,0.00,01/31/2026 00:00:00 GMT,01/31/2026 03:11:07 GMT,2026-01-31T00:00:00.000Z,2026-01-31T03:11:07.000Z,Over 5.5 Kyshawn George Assists Los Angeles Lakers vs. Washington Wizards | Under 13.5 Bub Carrington Points Los Angeles Lakers vs. Washington Wizards | Over 20.5 Cade Cunningham Points Detroit Pistons vs. Golden State Warriors | Under 4.5 Jamal Shead Assists Toronto Raptors vs. Orlando Magic,,Basketball,NBA
yxPLVYb,DK Pick6,round_robin_4,SETTLED_LOSS,9.93,,,5,0.00,01/31/2026 00:00:00 GMT,01/31/2026 03:42:57 GMT,2026-01-31T00:00:00.000Z,2026-01-31T03:42:57.000Z,Under 18.5 Jalen Suggs Points + Rebounds Toronto Raptors vs. Orlando Magic | Over 21.5 Keyonte George Points Brooklyn Nets vs. Utah Jazz | Under 17.5 Immanuel Quickley Points Toronto Raptors vs. Orlando Magic | Over 10.5 Kris Dunn Points + Assists Los Angeles Clippers vs. Denver Nuggets,,Basketball,NBA
YrYGnLm,DK Pick6,round_robin_3,SETTLED_LOSS,6,,,10,-10.00,01/31/2026 00:00:00 GMT,01/31/2026 05:10:35 GMT,2026-01-31T00:00:00.000Z,2026-01-31T05:10:35.000Z,Under 11.5 Gregory Jackson Points Memphis Grizzlies vs. New Orleans Pelicans | Over 21.5 Jamal Murray Points Los Angeles Clippers vs. Denver Nuggets | Over 12.5 Nic Claxton Points Brooklyn Nets vs. Utah Jazz,,Basketball,NBA
YrYGNL5,DK Pick6,round_robin_3,SETTLED_WIN,6,,,5,25.00,01/31/2026 00:00:00 GMT,01/31/2026 05:10:35 GMT,2026-01-31T00:00:00.000Z,2026-01-31T05:10:35.000Z,Under 8.5 Jock Landale Rebounds Memphis Grizzlies vs. New Orleans Pelicans | Under 11.5 Jaylen Wells Points Memphis Grizzlies vs. New Orleans Pelicans | Over 13.5 Tim Hardaway Jr. Points Los Angeles Clippers vs. Denver Nuggets,,Basketball,NBA
1451421754,PrizePicks,parlay,SETTLED_LOSS,6,,,5,-5.00,01/30/2026 23:09:29 GMT,01/31/2026 03:40:00 GMT,2026-01-30T23:09:29.821Z,2026-01-31T03:40:00.000Z,Under 6.5 Deni Avdija Rebounds POR vs. NYK | Over 12.5 Yves Missi Pts+Rebs NOP vs. MEM | Under 4.5 Jaxson Hayes Rebounds LAL vs. WAS,,Basketball,NBA
1451403343,PrizePicks,parlay,SETTLED_LOSS,6,,,5,-5.00,01/30/2026 23:02:45 GMT,01/31/2026 05:10:00 GMT,2026-01-30T23:02:45.741Z,2026-01-31T05:10:00.000Z,Over 9.5 Ivica Zubac Rebounds LAC vs. DEN | Over 4.5 Peyton Watson Rebounds DEN vs. LAC | Under 3.5 Nic Claxton Assists BKN vs. UTA,,Basketball,NBA
1451387934,PrizePicks,parlay,SETTLED_WIN,6,,,5,25.00,01/30/2026 22:56:44 GMT,01/31/2026 05:40:00 GMT,2026-01-30T22:56:44.330Z,2026-01-31T05:40:00.000Z,Under 8.5 Cam Spencer Assists MEM vs. NOP | Under 10.5 Terance Mann Points BKN vs. UTA | Over 4.5 John Collins Rebounds LAC vs. DEN,,Basketball,NBA
697d2281cc0dcf0e74429fe9,Betr Picks,parlay,SETTLED_WIN,6,,,5,25.00,01/30/2026 21:28:33 GMT,01/31/2026 05:10:37 GMT,2026-01-30T21:28:33.234Z,2026-01-31T05:10:37.765Z,Under 9.5 Danny Wolf AST+REB BKN vs. UTA | Under 8.5 Jock Landale Rebounds MEM vs. NO | Over 0.5 Karl-Anthony Towns Blocks POR vs. NY,,Basketball,NBA
697d210cbd3d9afc96fedf20,Betr Picks,parlay,SETTLED_LOSS,6,,,5,-5.00,01/30/2026 21:22:20 GMT,01/31/2026 05:11:02 GMT,2026-01-30T21:22:20.110Z,2026-01-31T05:11:02.580Z,Over 2.5 Adam Fantilli Shots on goal CBJ vs. CHI | Over 3.5 Terance Mann Rebounds BKN vs. UTA | Under 13.5 LeBron James AST+REB LAL vs. WAS,,Ice Hockey | Basketball,NHL | NBA
1451172731,PrizePicks,parlay,SETTLED_LOSS,6,,,5,-5.00,01/30/2026 21:08:42 GMT,01/31/2026 05:40:00 GMT,2026-01-30T21:08:42.293Z,2026-01-31T05:40:00.000Z,Over 6.5 Jamal Murray Assists DEN vs. LAC | Under 11.5 Dean Wade Pts+Rebs CLE vs. PHX | Under 3.5 Egor Dëmin Assists BKN vs. UTA,,Basketball,NBA
697cfece7428550cb58dced2,Betr Picks,parlay,SETTLED_LOSS,6,,,5,-5.00,01/30/2026 18:56:14 GMT,01/31/2026 03:36:43 GMT,2026-01-30T18:56:14.723Z,2026-01-31T03:36:43.203Z,Under 0.5 Paolo Banchero Double Doubles TOR vs. ORL | Under 12.5 Jeremiah Fears PTS+AST MEM vs. NO | Under 9.5 Trey Murphy III AST+REB MEM vs. NO,,Basketball,NBA
697cfc1603a178700e709eb6,Betr Picks,parlay,SETTLED_LOSS,6,,,10,-10.00,01/30/2026 18:44:38 GMT,01/31/2026 03:37:10 GMT,2026-01-30T18:44:38.438Z,2026-01-31T03:37:10.856Z,Under 10.5 Neemias Queta AST+REB SAC vs. BOS | Over 30.5 Zion Williamson Pts+Rebs+Asst MEM vs. NO | Under 7.5 Wendell Carter Jr. Rebounds TOR vs. ORL,,Basketball,NBA
1450922497,PrizePicks,parlay,SETTLED_LOSS,6,,,5,0.00,01/30/2026 18:37:05 GMT,01/31/2026 03:40:00 GMT,2026-01-30T18:37:05.701Z,2026-01-31T03:40:00.000Z,Over 8.5 Collin Murray-Boyles Rebs+Asts TOR vs. ORL | Under 2.5 Bilal Coulibaly Assists WAS vs. LAL | Under 13.5 Karl-Anthony Towns Rebs+Asts NYK vs. POR,,Basketball,NBA
1450916730,PrizePicks,round_robin_4,SETTLED_WIN,8.4,,,5,10.50,01/30/2026 18:34:04 GMT,01/31/2026 06:18:00 GMT,2026-01-30T18:34:04.683Z,2026-01-31T06:18:00.000Z,Over 24.5 Kyle Filipowski Pts+Rebs+Asts UTA vs. BKN | Over 23.5 Jarrett Allen Pts+Rebs CLE vs. PHX | Under 12.5 Jonas Valančiūnas Rebs+Asts DEN vs. LAC | Over 37.5 Cade Cunningham Pts+Rebs+Asts DET vs. GSW,,Basketball,NBA
1450084239,PrizePicks,parlay,SETTLED_LOSS,6,,,10,-10.00,01/30/2026 01:58:45 GMT,01/30/2026 05:11:00 GMT,2026-01-30T01:58:45.127Z,2026-01-30T05:11:00.000Z,Over 18.5 Cade Cunningham Points DET vs. PHX | Under 13 Royce O'Neale Pts+Asts PHX vs. DET | Under 15 Day'Ron Sharpe Pts+Rebs BKN vs. DEN,,Basketball,NBA
697bff73cae826520cfe568f,Betr Picks,parlay,SETTLED_LOSS,6,,,5,-5.00,01/30/2026 00:46:43 GMT,01/30/2026 05:25:00 GMT,2026-01-30T00:46:43.467Z,2026-01-30T05:25:00.676Z,Over 7.5 Amen Thompson Rebounds HOU vs. ATL | Over 9.5 Isaiah Hartenstein AST+REB OKC vs. MIN | Over 8.5 Rudy Gobert Points OKC vs. MIN,,Basketball,NBA
rYgVMbz,DK Pick6,round_robin_3,SETTLED_LOSS,6,,,5,0.00,01/30/2026 00:00:00 GMT,01/30/2026 05:30:00 GMT,2026-01-30T00:00:00.000Z,2026-01-30T05:30:00.000Z,Under 11.5 Shai Gilgeous-Alexander Assists + Rebounds Oklahoma City Thunder vs. Minnesota Timberwolves | Under 19.5 Bobby Portis Points Milwaukee Bucks vs. Washington Wizards | Over 25.5 Miles Bridges Points + Rebounds + Assists Charlotte Hornets vs. Dallas Mavericks,,Basketball,NBA
MwYMZWG,DK Pick6,round_robin_3,SETTLED_LOSS,7.8,,,5,-5.00,01/30/2026 00:00:00 GMT,01/30/2026 03:00:00 GMT,2026-01-30T00:00:00.000Z,2026-01-30T03:00:00.000Z,Over 8.5 Gary Trent Jr. Points Milwaukee Bucks vs. Washington Wizards | Under 7.5 Precious Achiuwa Points Sacramento Kings vs. Philadelphia 76ers | Under 15.5 Terance Mann Points + Rebounds + Assists Brooklyn Nets vs. Denver Nuggets,,Basketball,NBA
697be21aa936b552282a0e07,Betr Picks,parlay,SETTLED_LOSS,6,,,5,-5.00,01/29/2026 22:41:30 GMT,01/30/2026 04:48:29 GMT,2026-01-29T22:41:30.294Z,2026-01-30T04:48:29.063Z,Over 3.5 Grayson Allen Assists DET vs. PHO | Over 10.5 Nicolas Claxton AST+REB BKN vs. DEN | Under 10 Michael Porter Jr. AST+REB BKN vs. DEN,,Basketball,NBA
1449573187,PrizePicks,parlay,SETTLED_LOSS,8.4,,,5,-5.00,01/29/2026 22:35:54 GMT,01/30/2026 03:10:00 GMT,2026-01-29T22:35:54.884Z,2026-01-30T03:10:00.000Z,Under 7.5 Ryan Rollins Assists MIL vs. WAS | Under 6.5 Justin Champagnie Rebounds WAS vs. MIL | Over 11.5 Kyshawn George Rebs+Asts WAS vs. MIL,,Basketball,NBA
1322730507485601792,Sleeper,parlay,SETTLED_LOSS,5.95,,,5,-5.00,01/29/2026 22:33:57 GMT,01/30/2026 01:33:57 GMT,2026-01-29T22:33:57.431Z,2026-01-30T01:33:57.431Z,O 3.5 Bruce Brown Rebounds BKN @ DEN | O 3.5 Luguentz Dort Rebounds OKC @ MIN | O 3.5 Nikola Vučević Assists MIA @ CHI | U 2.5 Dillon Brooks Assists DET @ PHX,,Basketball,NBA
1322728706904424448,Sleeper,parlay,SETTLED_LOSS,4.3100000000000005,,,6.85,-6.85,01/29/2026 22:26:48 GMT,01/30/2026 01:26:48 GMT,2026-01-29T22:26:48.138Z,2026-01-30T01:26:48.138Z,O 3.5 Donte DiVincenzo Assists OKC @ MIN | U 4.5 Brandon Williams Assists CHA @ DAL | U 6.5 Anthony Edwards Rebounds OKC @ MIN,,Basketball,NBA
697bc829a499c1e0311b7662,Betr Picks,parlay,SETTLED_LOSS,6,,,5,-5.00,01/29/2026 20:50:49 GMT,01/30/2026 03:32:44 GMT,2026-01-29T20:50:49.667Z,2026-01-30T03:32:44.254Z,Over 21.5 Ryan Rollins Points MIL vs. WAS | Over 0.5 Alperen Sengün Double Doubles HOU vs. ATL | Over 3.5 Paul George Assists SAC vs. PHI,,Basketball,NBA
1449382916,PrizePicks,parlay,SETTLED_LOSS,6,,,5,-5.00,01/29/2026 20:41:50 GMT,01/30/2026 03:10:00 GMT,2026-01-29T20:41:50.143Z,2026-01-30T03:10:00.000Z,Under 38.5 Joel Embiid Pts+Rebs PHI vs. SAC | Over 1.5 Bam Adebayo 3-PT Made MIA vs. CHI | Over 2.5 Jamal Murray 3-PT Made DEN vs. BKN,,Basketball,NBA
1449368046,PrizePicks,parlay,SETTLED_LOSS,6,,,10,0.00,01/29/2026 20:31:18 GMT,01/30/2026 03:10:00 GMT,2026-01-29T20:31:18.886Z,2026-01-30T03:10:00.000Z,Over 18.5 Cade Cunningham Points DET vs. PHX | Under 4.5 Bub Carrington Assists WAS vs. MIL | Under 7 Day'Ron Sharpe Rebounds BKN vs. DEN,,Basketball,NBA
697bbb6689e02c40f9ff633d,Betr Picks,parlay,SETTLED_LOSS,6,,,10,-10.00,01/29/2026 19:56:22 GMT,01/30/2026 04:35:56 GMT,2026-01-29T19:56:22.807Z,2026-01-30T04:35:56.046Z,Over 33.5 Kevin Durant Pts+Rebs+Asst HOU vs. ATL | Under 3.5 Ayo Dosunmu Assists MIA vs. CHI | Over 5.5 Cooper Flagg Rebounds CHA vs. DAL,,Basketball,NBA
697ab01ed9f8e2aa8483bbc8,Betr Picks,parlay,SETTLED_LOSS,6,,,5,-5.00,01/29/2026 00:55:58 GMT,01/29/2026 04:43:17 GMT,2026-01-29T00:55:58.374Z,2026-01-29T04:43:17.235Z,Under 3.5 Keyonte George Rebounds GS vs. UTA | Over 5.5 Ryan Kalkbrenner Rebounds CHA vs. MEM | Over 9.5 Naji Marshall AST+REB MIN vs. DAL,,Basketball,NBA
KQ42Nwg,DK Pick6,round_robin_3,SETTLED_WIN,6,,,5,25.42,01/29/2026 00:00:00 GMT,01/29/2026 05:30:00 GMT,2026-01-29T00:00:00.000Z,2026-01-29T05:30:00.000Z,Under 18.5 Tari Eason Points + Rebounds San Antonio Spurs vs. Houston Rockets | Under 8.5 Donte DiVincenzo Assists + Rebounds Minnesota Timberwolves vs. Dallas Mavericks | Over 7.5 Andrew Wiggins Assists + Rebounds Orlando Magic vs. Miami Heat,,Basketball,NBA
pgDq4BD,DK Pick6,round_robin_3,SETTLED_LOSS,3,,,5,-5.00,01/29/2026 00:00:00 GMT,01/29/2026 03:00:00 GMT,2026-01-29T00:00:00.000Z,2026-01-29T03:00:00.000Z,Under 6.5 Santi Aldama Rebounds Charlotte Hornets vs. Memphis Grizzlies | Over 15.5 Bennedict Mathurin Points Chicago Bulls vs. Indiana Pacers | Under 14.5 Jalen Suggs Points Orlando Magic vs. Miami Heat,,Basketball,NBA
1448068489,PrizePicks,round_robin_3,SETTLED_LOSS,3,,,10,-10.00,01/28/2026 21:52:28 GMT,01/29/2026 03:09:00 GMT,2026-01-28T21:52:28.076Z,2026-01-29T03:09:00.000Z,Under 3.5 Matt Rempe Hits NYR vs. NYI | Under 24.5 Dan Vladar Goalie Saves PHI vs. CBJ | Under 11.5 Vince Williams Pts+Asts MEM vs. CHA,,Ice Hockey | Basketball,NHL | NBA
1322349468196032512,Sleeper,parlay,SETTLED_LOSS,4.84,,,5,-5.00,01/28/2026 21:19:50 GMT,01/29/2026 00:19:50 GMT,2026-01-28T21:19:50.584Z,2026-01-29T00:19:50.584Z,O 2.5 Keyonte George Threes Made GSW @ UTA | U 18.5 Stephon Castle Points & Rebounds SAS @ HOU | O 11.5 Onyeka Okongwu Rebounds & Assists ATL @ BOS,,Basketball,NBA
1322348604681113600,Sleeper,parlay,SETTLED_WIN,4.57,,,5,17.85,01/28/2026 21:16:24 GMT,01/29/2026 00:16:24 GMT,2026-01-28T21:16:24.706Z,2026-01-29T00:16:24.706Z,O 9.5 Jalen Johnson Rebounds ATL @ BOS | O 12.5 De'Andre Hunter Points LAL @ CLE | O 5.5 Dyson Daniels Assists ATL @ BOS,,Basketball,NBA
1447928395,PrizePicks,parlay,SETTLED_LOSS,8.4,,,10,-10.00,01/28/2026 20:12:38 GMT,01/29/2026 03:10:00 GMT,2026-01-28T20:12:38.878Z,2026-01-29T03:10:00.000Z,Over 5.5 Dyson Daniels Assists ATL vs. BOS | Over 16.5 Luka Dončić Rebs+Asts LAL vs. CLE | Over 6.5 Kevin Durant 3-PT Attempted HOU vs. SAS,,Basketball,NBA
Wn8Gr2p,DK Pick6,round_robin_3,SETTLED_WIN,2.376,,,5,6.88,01/28/2026 20:00:00 GMT,01/28/2026 23:00:00 GMT,2026-01-28T20:00:00.000Z,2026-01-28T23:00:00.000Z,Over 0.5 Kylian Mbappé Goals  Real Madrid vs.  Benfica | Over 0.5 Harry Kane Goals  FC Bayern München vs.  PSV | Over 0.5 Erling Haaland Goals  Galatasaray vs.  Manchester City,,Soccer,UEFA Champions League
697a694d3a1caca23027453d,Betr Picks,parlay,SETTLED_LOSS,10,,,5,-5.00,01/28/2026 19:53:49 GMT,01/29/2026 05:18:42 GMT,2026-01-28T19:53:49.012Z,2026-01-29T05:18:42.365Z,Over 9.5 Payton Pritchard AST+REB ATL vs. BOS | Over 8.5 Cedric Coward AST+REB CHA vs. MEM | Under 6.5 LeBron James Rebounds LAL vs. CLE | Over 12.5 Victor Wembanyama AST+REB SA vs. HOU,,Basketball,NBA
697a612af3fa43534e104d5c,Betr Picks,parlay,SETTLED_LOSS,6,,,10,-10.00,01/28/2026 19:19:06 GMT,01/29/2026 05:19:18 GMT,2026-01-28T19:19:06.753Z,2026-01-29T05:19:18.397Z,Under 7.5 Julius Randle Rebounds MIN vs. DAL | Over 8.5 Alperen Sengün Rebounds SA vs. HOU | Over 35.5 Donovan Mitchell PTS+AST LAL vs. CLE,,Basketball,NBA
1447818894,PrizePicks,parlay,SETTLED_VOID,6,,,5,0.00,01/28/2026 19:14:22 GMT,01/29/2026 05:42:00 GMT,2026-01-28T19:14:22.028Z,2026-01-29T05:42:00.000Z,Over 24.5 Kevin Durant Points HOU vs. SAS | Under 5.5 Derrick White Assists BOS vs. ATL | Under 18.5 Cooper Flagg FG Attempted DAL vs. MIN,,Basketball,NBA
0789c12b-ef05-4202-808a-ae6f4d00be5e,Underdog,parlay,SETTLED_LOSS,7.37,,,10,-10.00,01/28/2026 19:08:29 GMT,01/29/2026 03:00:00 GMT,2026-01-28T19:08:29.000Z,2026-01-29T03:00:00.000Z,Higher 10.5 Luka Doncic 1Q Points O/U LAL @ CLE | Higher 6.5 Cooper Flagg Rebounds O/U MIN @ DAL | Higher 6.5 Keyonte George 1Q Points O/U GSW @ UTA,,Basketball,NBA
1322315686973800448,Sleeper,parlay,SETTLED_LOSS,5.586,,,10,-10.00,01/28/2026 19:05:36 GMT,01/28/2026 22:05:36 GMT,2026-01-28T19:05:36.513Z,2026-01-28T22:05:36.513Z,U 3.5 Miles Bridges Assists CHA @ MEM | O 5.5 Jusuf Nurkić Assists GSW @ UTA | U 7.5 Pascal Siakam Rebounds CHI @ IND,,Basketball,NBA
1447773132,PrizePicks,parlay,SETTLED_LOSS,8.25,,,5,-5.00,01/28/2026 18:44:55 GMT,01/29/2026 11:00:00 GMT,2026-01-28T18:44:55.075Z,2026-01-29T11:00:00.000Z,Over 1.5 Kallesyn MAP 1 Kills eLS vs. GLS MAP 1 | Over 5.5 DuDu MAPS 1-3 Kills DNS vs. BFX MAPS 1-3 | Over 1.5 Delicate MAP 1 Kills VRB vs. IJC MAP 1 | Over 1.5 rym MAP 1 Kills VRB vs. IJC MAP 1,,other,other
697a572cccc76525547eac31,Betr Picks,parlay,SETTLED_LOSS,6,,,10,-10.00,01/28/2026 18:36:28 GMT,01/30/2026 01:24:27 GMT,2026-01-28T18:36:28.709Z,2026-01-30T01:24:27.015Z,Under 73.5 Brooks Koepka Strokes Farmers Insurance Open | Over 12.5 Josh Hart AST+REB NY vs. TOR | Under 4.5 Clint Capela Rebounds SA vs. HOU,,Golf | Basketball,GOLF | NBA
1447485711,PrizePicks,parlay,SETTLED_LOSS,6,,,5,-5.00,01/28/2026 12:54:27 GMT,01/29/2026 04:10:00 GMT,2026-01-28T12:54:27.808Z,2026-01-29T04:10:00.000Z,Over 16.5 Kon Knueppel Points CHA vs. MEM | Over 8.5 Jock Landale Rebs+Asts MEM vs. CHA | Over 7.5 Al Horford Points GSW vs. UTA,,Basketball,NBA
697a05d5cf7ac56825ba40be,Betr Picks,parlay,SETTLED_LOSS,10,,,5,-5.00,01/28/2026 12:49:25 GMT,01/29/2026 05:17:39 GMT,2026-01-28T12:49:25.221Z,2026-01-29T05:17:39.394Z,Over 28.5 cairne  Kills map 1+2 Ninjas in Pyjamas vs. Liquid | Over 12.5 Victor Wembanyama AST+REB SA vs. HOU | Under 0.5 Paolo Banchero Double Doubles ORL vs. MIA | Over 7.5 Craig Porter Jr. AST+REB LAL vs. CLE,,other | Basketball,other | NBA
1447482169,PrizePicks,parlay,SETTLED_VOID,6,,,5,0.00,01/28/2026 12:43:57 GMT,01/29/2026 05:42:00 GMT,2026-01-28T12:43:57.344Z,2026-01-29T05:42:00.000Z,Over 5.5 Stephen Curry Assists GSW vs. UTA | Over 3 Victor Wembanyama Blocked Shots SAS vs. HOU | Over 10.5 Cooper Flagg Rebs+Asts DAL vs. MIN,,Basketball,NBA
1447028641,PrizePicks,parlay,SETTLED_LOSS,6,,,10,-10.00,01/28/2026 01:53:26 GMT,01/28/2026 05:12:00 GMT,2026-01-28T01:53:26.557Z,2026-01-28T05:12:00.000Z,Over 29.5 Kawhi Leonard Pts+Rebs+Asts LAC vs. UTA | Under 7.5 Royce O'Neale 3-PT Attempted PHX vs. BKN | Over 3.5 Jalen Pickett Rebounds DEN vs. DET,,Basketball,NBA
1446836288,PrizePicks,parlay,SETTLED_LOSS,6,,,10,-10.00,01/28/2026 00:19:27 GMT,01/28/2026 04:10:00 GMT,2026-01-28T00:19:27.984Z,2026-01-28T04:10:00.000Z,Over 29.5 Kawhi Leonard Pts+Rebs+Asts LAC vs. UTA | Under 7.5 Gary Trent Points MIL vs. PHI | Under 5.5 Isaiah Joe Rebs+Asts OKC vs. NOP,,Basketball,NBA
zL9B788,DK Pick6,round_robin_3,SETTLED_WIN,5.964,,,5,24.82,01/28/2026 00:00:00 GMT,01/28/2026 06:00:00 GMT,2026-01-28T00:00:00.000Z,2026-01-28T06:00:00.000Z,Under 26.5 Isaiah Collier Points + Rebounds + Assists Los Angeles Clippers vs. Utah Jazz | Under 15.5 John Collins Points Los Angeles Clippers vs. Utah Jazz | Under 7.5 Jaylin Williams Points New Orleans Pelicans vs. Oklahoma City Thunder,,Basketball,NBA
Qn2xjdK,DK Pick6,round_robin_3,SETTLED_LOSS,6,,,5,-5.00,01/28/2026 00:00:00 GMT,01/28/2026 03:30:00 GMT,2026-01-28T00:00:00.000Z,2026-01-28T03:30:00.000Z,Under 5.5 Bub Carrington Assists Portland Trail Blazers vs. Washington Wizards | Over 4.5 VJ Edgecombe Rebounds Milwaukee Bucks vs. Philadelphia 76ers | Under 17.5 DeMar DeRozan Points Sacramento Kings vs. New York Knicks,,Basketball,NBA
7MBPNzY,DK Pick6,round_robin_3,SETTLED_LOSS,3,,,8,-8.00,01/28/2026 00:00:00 GMT,01/28/2026 03:00:00 GMT,2026-01-28T00:00:00.000Z,2026-01-28T03:00:00.000Z,Under 5.5 Collin Gillespie Assists Brooklyn Nets vs. Phoenix Suns | Over 9.5 Justin Champagnie Points Portland Trail Blazers vs. Washington Wizards | Under 7.5 Shai Gilgeous-Alexander Assists New Orleans Pelicans vs. Oklahoma City Thunder,,Basketball,NBA
46828e28-0e64-4ac9-b4e7-e2c37212702c,Underdog,parlay,SETTLED_LOSS,9.25,,,10,-10.00,01/27/2026 23:08:44 GMT,01/28/2026 03:00:00 GMT,2026-01-27T23:08:44.000Z,2026-01-28T03:00:00.000Z,Lower 7.5 Khris Middleton Rebounds + Assists O/U POR @ WAS | Higher 8.5 Trey Murphy III Rebounds + Assists O/U NOP @ OKC | Lower 3.5 Cole Anthony Rebounds O/U MIL @ PHI,,Basketball,NBA
1446444622,PrizePicks,parlay,SETTLED_LOSS,6,,,10,-10.00,01/27/2026 21:13:18 GMT,01/28/2026 05:12:00 GMT,2026-01-27T21:13:18.227Z,2026-01-28T05:12:00.000Z,Over 20.5 Connor Hellebuyck Goalie Saves WPG vs. NJ | Over 3.5 Jack McBain Hits UTA vs. FLA | Over 7.5 Jalen Pickett Rebs+Asts DEN vs. DET,,Ice Hockey | Basketball,NHL | NBA
69790b15197e2e960b3ab3bc,Betr Picks,parlay,SETTLED_WIN,10,,,5,25.00,01/27/2026 18:59:33 GMT,01/28/2026 03:51:56 GMT,2026-01-27T18:59:33.613Z,2026-01-28T03:51:56.061Z,Under 14.5 VJ Edgecombe Points MIL vs. PHI | Under 4.5 Russell Westbrook Rebounds SAC vs. NY | Over 9.5 Tyrese Maxey AST+REB MIL vs. PHI | Over 5.5 Robert Williams III Rebounds POR vs. WAS,,Basketball,NBA
11113374301769539892253,Chalkboard Fantasy,parlay,SETTLED_LOSS,4.69,,,10,-10.00,01/27/2026 18:51:32 GMT,01/28/2026 03:03:30 GMT,2026-01-27T18:51:32.264Z,2026-01-28T03:03:30.515Z,Under 5.5 Josh Hart Assists Sacramento Kings @ New York Knicks | Over 4.5 Precious Achiuwa Rebounds Sacramento Kings @ New York Knicks | Over 10.5 Caleb Love Points Portland Trail Blazers @ Washington Wizards,,Basketball,NBA
1446233949,PrizePicks,parlay,SETTLED_LOSS,6,,,5,-5.00,01/27/2026 18:45:15 GMT,01/28/2026 03:41:00 GMT,2026-01-27T18:45:15.848Z,2026-01-28T03:41:00.000Z,Under 14 Karl-Anthony Towns Rebs+Asts NYK vs. SAC | Under 2.5 Stefan MAP 1 Kills TLNP vs. JL MAP 1 | Over 2.5 Nisqy MAP 1 Kills ZYB vs. FFL MAP 1,,Basketball | other,NBA | other
1321945892554575872,Sleeper,parlay,SETTLED_WIN,8.055,,,10,70.55,01/27/2026 18:36:10 GMT,01/27/2026 21:36:10 GMT,2026-01-27T18:36:10.654Z,2026-01-27T21:36:10.654Z,U 1.5 Khris Middleton Threes Made POR @ WAS | O 1.5 Miles McBride Rebounds SAC @ NYK | U 8.5 Kenrich Williams Rebounds & Assists NOP @ OKC | O 1.5 Saddiq Bey Assists NOP @ OKC,,Basketball,NBA
69790398cf068a1881601935,Betr Picks,parlay,SETTLED_WIN,6,,,5,25.00,01/27/2026 18:27:36 GMT,01/28/2026 04:14:40 GMT,2026-01-27T18:27:36.743Z,2026-01-28T04:14:40.517Z,Over 5.5 Kyshawn George Rebounds POR vs. WAS | Under 7.5 Derik Queen Rebounds NO vs. OKC | Over 4.5 Yakov Trenin Hits CHI vs. MIN,,Basketball | Ice Hockey,NBA | NHL
1446207256,PrizePicks,parlay,SETTLED_LOSS,10,,,10,-10.00,01/27/2026 18:24:46 GMT,01/28/2026 06:12:00 GMT,2026-01-27T18:24:46.984Z,2026-01-28T06:12:00.000Z,Over 5.5 Yves Missi Points NOP vs. OKC | Under 9.5 Brook Lopez Pts+Rebs LAC vs. UTA | Under 12.5 Josh Hart Points NYK vs. SAC | Over 38.5 Shai Gilgeous-Alexander Pts+Rebs+Asts OKC vs. NOP,,Basketball,NBA
1e779b0e-b56d-4af3-9a97-59872f8bac21,Underdog,parlay,SETTLED_LOSS,6.5,,,10,-10.00,01/27/2026 18:15:47 GMT,01/28/2026 05:00:00 GMT,2026-01-27T18:15:47.000Z,2026-01-28T05:00:00.000Z,Higher 31.5 Tyrese Maxey Pts + Rebs + Asts O/U MIL @ PHI | Higher 2.5 Duncan Robinson 3-Pointers Made O/U DET @ DEN | Higher 8.5 Mark Williams Rebounds O/U BKN @ PHX,,Basketball,NBA
1446162859,PrizePicks,parlay,SETTLED_LOSS,6,,,5,-5.00,01/27/2026 17:50:50 GMT,01/28/2026 05:10:00 GMT,2026-01-27T17:50:50.448Z,2026-01-28T05:10:00.000Z,Over 4.5 Domantas Sabonis Assists SAC vs. NYK | Over 3.5 Tim Hardaway Rebs+Asts DEN vs. DET | Under 11.5 Jamal Murray Rebs+Asts DEN vs. DET,,Basketball,NBA
1446090529,PrizePicks,parlay,SETTLED_LOSS,6,,,5,-5.00,01/27/2026 16:52:43 GMT,01/28/2026 11:00:00 GMT,2026-01-27T16:52:43.587Z,2026-01-28T11:00:00.000Z,Over 17.5 vsm MAPS 1-2 Headshots paiN vs. Astralis MAPS 1-2 | Over 11.5 Ucal MAPS 1-3 Kills DRX vs. BRO MAPS 1-3 | Over 9.5 Joel Eriksson Ek Faceoffs Won MIN vs. CHI,,other | Ice Hockey,other | NHL
6978d886197e2e960b3ab0de,Betr Picks,parlay,SETTLED_LOSS,6,,,10,-10.00,01/27/2026 15:23:50 GMT,01/28/2026 17:20:32 GMT,2026-01-27T15:23:50.151Z,2026-01-28T17:20:32.289Z,Over 0.5 s1mple  Kills map 1+2 BC.Game vs. Legacy | Over 0.5 Domantas Sabonis Double Doubles SAC vs. NY | Under 7.5 Jamal Murray Assists DET vs. DEN,,other | Basketball,other | NBA
11113374301769494110733,Chalkboard Fantasy,parlay,SETTLED_LOSS,8.16,,,1,-1.00,01/27/2026 06:08:30 GMT,01/28/2026 05:07:07 GMT,2026-01-27T06:08:30.743Z,2026-01-28T05:07:07.466Z,Over 4.5 Grayson Allen 1Q Pts Brooklyn Nets @ Phoenix Suns | Under 7.5 Nic Claxton Rebounds Brooklyn Nets @ Phoenix Suns | Over 2.5 Kawhi Leonard 3pt Made LA Clippers @ Utah Jazz | Over 4.5 Jalen Duren 1Q Pts Detroit Pistons @ Denver Nuggets,,Basketball,NBA
11113374301769493858977,Chalkboard Fantasy,parlay,SETTLED_LOSS,4.870080000000001,,,5,-5.00,01/27/2026 06:04:18 GMT,01/28/2026 04:27:22 GMT,2026-01-27T06:04:18.988Z,2026-01-28T04:27:22.458Z,Over 25.5 Jamal Murray Points Detroit Pistons @ Denver Nuggets | Over 9.5 Zion Williamson Ast + Reb New Orleans Pelicans @ Oklahoma City Thunder | Over 0.5 Shai Gilgeous-Alexander P + R + A New Orleans Pelicans @ Oklahoma City Thunder,,Basketball,NBA
697852bd04219442c7399c64,Betr Picks,parlay,SETTLED_LOSS,6,,,5,-5.00,01/27/2026 05:53:01 GMT,01/28/2026 03:52:11 GMT,2026-01-27T05:53:01.898Z,2026-01-28T03:52:11.541Z,Under 6.5 Jalen Brunson Assists SAC vs. NY | Under 9.5 Chet Holmgren Rebounds NO vs. OKC | Under 12.5 Shai Gilgeous-Alexander AST+REB NO vs. OKC,,Basketball,NBA
1445766134,PrizePicks,parlay,SETTLED_LOSS,6,,,5,-5.00,01/27/2026 05:01:38 GMT,01/28/2026 05:10:00 GMT,2026-01-27T05:01:38.562Z,2026-01-28T05:10:00.000Z,Over 9.5 Michael Porter Rebs+Asts BKN vs. PHX | Over 8.5 Royce O'Neale Rebs+Asts PHX vs. BKN | Over 2.5 Kris Dunn Rebounds LAC vs. UTA,,Basketball,NBA
1321675971060830208,Sleeper,parlay,SETTLED_LOSS,4.55,,,10,-10.00,01/27/2026 00:43:36 GMT,01/27/2026 03:43:36 GMT,2026-01-27T00:43:36.354Z,2026-01-27T03:43:36.354Z,O 19.5 LeBron James Points LAL @ CHI | U 9.5 Donte DiVincenzo Rebounds & Assists GSW @ MIN | O 6.5 Matas Buzelis Rebounds & Assists LAL @ CHI,,Basketball,NBA
1321649973846085632,Sleeper,parlay,SETTLED_LOSS,17.136000000000003,,,5,-5.00,01/26/2026 23:00:18 GMT,01/27/2026 02:00:18 GMT,2026-01-26T23:00:18.136Z,2026-01-27T02:00:18.136Z,U 21.5 Jalen Smith Pts Reb Ast LAL @ CHI | U 23.5 Jaylon Tyson Pts Reb Ast ORL @ CLE | U 22.5 Jaden McDaniels Pts Reb Ast GSW @ MIN | U 24.5 Anthony Black Pts Reb Ast ORL @ CLE,,Basketball,NBA
1445081390,PrizePicks,parlay,SETTLED_VOID,6,,,5,0.00,01/26/2026 22:39:08 GMT,01/27/2026 05:43:00 GMT,2026-01-26T22:39:08.033Z,2026-01-27T05:43:00.000Z,Under 15.5 Draymond Green Pts+Asts GSW vs. MIN | Under 3.5 Rui Hachimura Rebounds LAL vs. CHI | Under 2.5 Naz Reid Assists MIN vs. GSW,,Basketball,NBA
6977e34c1822239b9dcdf928,Betr Picks,parlay,SETTLED_LOSS,6,,,5,-5.00,01/26/2026 21:57:32 GMT,01/27/2026 05:11:40 GMT,2026-01-26T21:57:32.951Z,2026-01-27T05:11:40.744Z,Over 9.5 Anthony Edwards AST+REB GS vs. MIN | Over 12.5 LeBron James AST+REB LAL vs. CHI | Over 9.5 Brandin Podziemski AST+REB GS vs. MIN,,Basketball,NBA
1444984795,PrizePicks,parlay,SETTLED_LOSS,6,,,5,-5.00,01/26/2026 21:42:13 GMT,01/27/2026 04:10:00 GMT,2026-01-26T21:42:13.236Z,2026-01-27T04:10:00.000Z,Over 5.5 Zika MAPS 1-2 Kills WBG vs. TES MAPS 1-2 | Under 5.5 Kevin Durant Rebounds HOU vs. MEM | Under 18 Isaac Okoro Fantasy Score CHI vs. LAL,,other | Basketball,other | NBA
11113374301769458320007,Chalkboard Fantasy,parlay,SETTLED_WIN,5.2515339999999995,,,5,21.25,01/26/2026 20:12:00 GMT,01/27/2026 03:52:06 GMT,2026-01-26T20:12:00.017Z,2026-01-27T03:52:06.590Z,Over 0.5 Luka Doncic Points Los Angeles Lakers @ Chicago Bulls | Over 11.5 Jrue Holiday Points Portland Trail Blazers @ Boston Celtics | Over 4.5 Anthony Black Assists Orlando Magic @ Cleveland Cavaliers,,Basketball,NBA
1444766197,PrizePicks,parlay,SETTLED_LOSS,8.4,,,10,-10.00,01/26/2026 19:31:38 GMT,01/26/2026 23:11:00 GMT,2026-01-26T19:31:38.814Z,2026-01-26T23:11:00.000Z,Over 5.5 Miles Bridges Rebounds CHA vs. PHI | Under 9.5 Andre Drummond Rebounds PHI vs. CHA | Under 8.5 Jarrett Allen Rebounds CLE vs. ORL,,Basketball,NBA
6977bc49437fc096c49be0e6,Betr Picks,parlay,SETTLED_LOSS,10,,,5,-5.00,01/26/2026 19:11:05 GMT,01/27/2026 03:57:41 GMT,2026-01-26T19:11:05.744Z,2026-01-27T03:57:41.183Z,Over 25.5 Luka Dončić Pts+Rebs+Asst LAL vs. CHI | Under 9.5 Payton Pritchard AST+REB POR vs. BOS | Under 5.5 Jaren Jackson Jr. Rebounds MEM vs. HOU | Under 3.5 Noah Penda Rebounds ORL vs. CLE,,Basketball,NBA
1444696548,PrizePicks,parlay,SETTLED_LOSS,6,,,5,-5.00,01/26/2026 18:42:58 GMT,01/26/2026 23:11:00 GMT,2026-01-26T18:42:58.046Z,2026-01-26T23:11:00.000Z,Under 25.5 Miles Bridges Pts+Rebs+Asts CHA vs. PHI | Under 2 Lot MAP 1 Kills GX vs. KOI MAP 1 | Under 17 Quentin Grimes Pts+Asts PHI vs. CHA,,Basketball | other,NBA | other
xzMr5m5,DK Pick6,round_robin_4,SETTLED_LOSS,10,,,5,-5.00,01/26/2026 18:30:00 GMT,01/26/2026 23:00:00 GMT,2026-01-26T18:30:00.000Z,2026-01-26T23:00:00.000Z,Over 12.5 Toumani Camara Points Portland Trail Blazers vs. Boston Celtics | Under 6.5 LeBron James Rebounds Los Angeles Lakers vs. Chicago Bulls | Over 11.5 Tari Eason Points Memphis Grizzlies vs. Houston Rockets | Over 16.5 Kon Knueppel Points Philadelphia 76ers vs. Charlotte Hornets,,Basketball,NBA
rYgLVRZ,DK Pick6,round_robin_3,SETTLED_WIN,7.666,,,5,33.33,01/26/2026 18:30:00 GMT,01/27/2026 04:00:00 GMT,2026-01-26T18:30:00.000Z,2026-01-27T04:00:00.000Z,Over 22.5 LeBron James Points Los Angeles Lakers vs. Chicago Bulls | Over 11.5 Jaylen Brown Assists + Rebounds Portland Trail Blazers vs. Boston Celtics | Over 11.5 Donovan Clingan Rebounds Portland Trail Blazers vs. Boston Celtics,,Basketball,NBA
e1b993fe-8c71-4f3b-9c19-be07bbf86cf3,Underdog,parlay,SETTLED_LOSS,6.2,,,10,-10.00,01/26/2026 18:17:03 GMT,01/27/2026 04:00:00 GMT,2026-01-26T18:17:03.000Z,2026-01-27T04:00:00.000Z,Higher 1.5 Deandre Ayton 1Q Rebounds O/U LAL @ CHI | Higher 4.5 Coby White Assists O/U LAL @ CHI | Higher 12.5 Jock Landale Points O/U MEM @ HOU,,Basketball,NBA
1444596340,PrizePicks,parlay,SETTLED_LOSS,6,,,5,-5.00,01/26/2026 17:59:35 GMT,01/26/2026 23:11:00 GMT,2026-01-26T17:59:35.086Z,2026-01-26T23:11:00.000Z,Under 17 Quentin Grimes Pts+Asts PHI vs. CHA | Under 9.5 Moussa Diabaté Rebounds CHA vs. PHI | Under 10.5 Vince Williams Pts+Rebs MEM vs. HOU,,Basketball,NBA
1444500076,PrizePicks,round_robin_3,SETTLED_WIN,3,,,5,10.00,01/26/2026 16:47:12 GMT,01/27/2026 04:13:00 GMT,2026-01-26T16:47:12.484Z,2026-01-27T04:13:00.000Z,Under 14.5 Kelly Oubre FG Attempted PHI vs. CHA | Over 14.5 Deni Avdija FG Attempted POR vs. BOS | Under 8.5 Jarrett Allen Rebounds CLE vs. ORL,,Basketball,NBA
1444490760,PrizePicks,parlay,SETTLED_WIN,6,,,5,25.00,01/26/2026 16:37:58 GMT,01/27/2026 04:30:00 GMT,2026-01-26T16:37:58.665Z,2026-01-27T04:30:00.000Z,Over 8.5 Kon Knueppel Rebs+Asts CHA vs. PHI | Under 3.5 Radko Gudas Hits ANA vs. EDM | Over 4.5 VJ Edgecombe Rebounds PHI vs. CHA,,Basketball | Ice Hockey,NBA | NHL
6977919ba3372557dfd169d2,Betr Picks,parlay,SETTLED_LOSS,6,,,5,-5.00,01/26/2026 16:08:59 GMT,01/27/2026 03:58:29 GMT,2026-01-26T16:08:59.917Z,2026-01-27T03:58:29.782Z,Over 9.5 Neemias Queta Points POR vs. BOS | Over 25.5 Luka Dončić Pts+Rebs+Asst LAL vs. CHI | Over 6.5 LeBron James Assists LAL vs. CHI,,Basketball,NBA
1444184277,PrizePicks,parlay,SETTLED_VOID,6,,,5,0.00,01/26/2026 05:15:39 GMT,01/27/2026 05:43:00 GMT,2026-01-26T05:15:39.575Z,2026-01-27T05:43:00.000Z,Over 1.5 Jaren Jackson Assists MEM vs. HOU | Over 1.5 Jock Landale Assists MEM vs. HOU | Under 3.5 Gary Payton Rebounds GSW vs. MIN,,Basketball,NBA
6976f79593af40c3af568a15,Betr Picks,parlay,SETTLED_LOSS,6,,,5,-5.00,01/26/2026 05:11:49 GMT,01/27/2026 05:12:13 GMT,2026-01-26T05:11:49.729Z,2026-01-27T05:12:13.032Z,Over 2.5 Coby White 3PT Made LAL vs. CHI | Over 5.5 Alperen Sengün Assists MEM vs. HOU | Over 4.5 Jaden McDaniels Rebounds GS vs. MIN,,Basketball,NBA
1442922661,PrizePicks,parlay,SETTLED_LOSS,20,,,5,-5.00,01/25/2026 20:24:03 GMT,01/27/2026 05:07:00 GMT,2026-01-25T20:24:03.575Z,2026-01-27T05:07:00.000Z,Under 5.5 Isaiah Joe Rebs+Asts OKC vs. TOR | Over 9.5 Jaxon Smith-Njigba Rec Targets SEA vs. LA | Under 7.5 Elias Pettersson Faceoffs Won VAN vs. PIT | Over 12.5 Jaden Bradley Points ARIZ vs. BYU | Over 24.5 AJ Dybantsa Points BYU vs. ARIZ,,Basketball | American Football | Ice Hockey,NBA | NFL | NHL | NCAAM
95wN7Z5,DK Pick6,round_robin_3,SETTLED_LOSS,6,,,10,-10.00,01/25/2026 20:00:00 GMT,01/25/2026 23:00:00 GMT,2026-01-25T20:00:00.000Z,2026-01-25T23:00:00.000Z,Over 0.5 Drake Maye Passing Yards New England Patriots vs. Denver Broncos | Over 6.5 Jaxon Smith-Njigba Receptions Los Angeles Rams vs. Seattle Seahawks | Over 2.5 Rhamondre Stevenson Receptions New England Patriots vs. Denver Broncos,,American Football,NFL
wZprM84,DK Pick6,round_robin_3,SETTLED_LOSS,6,,,10,0.00,01/25/2026 20:00:00 GMT,01/25/2026 23:00:00 GMT,2026-01-25T20:00:00.000Z,2026-01-25T23:00:00.000Z,Under 14.5 Victor Wembanyama Assists + Rebounds New Orleans Pelicans vs. San Antonio Spurs | Under 11.5 Mark Williams Points Miami Heat vs. Phoenix Suns | Over 4.5 Malik Monk Assists + Rebounds Sacramento Kings vs. Detroit Pistons,,Basketball,NBA
BxWPxb2,DK Pick6,round_robin_3,SETTLED_LOSS,5.982,,,10,0.00,01/25/2026 20:00:00 GMT,01/26/2026 04:00:00 GMT,2026-01-25T20:00:00.000Z,2026-01-26T04:00:00.000Z,Over 5.5 Zion Williamson Rebounds New Orleans Pelicans vs. San Antonio Spurs | Over 11.5 Mark Williams Points Miami Heat vs. Phoenix Suns | Under 26.5 Victor Wembanyama Points New Orleans Pelicans vs. San Antonio Spurs,,Basketball,NBA
1442626976,PrizePicks,parlay,SETTLED_LOSS,6,,,5,-5.00,01/25/2026 19:25:07 GMT,01/25/2026 23:11:00 GMT,2026-01-25T19:25:07.520Z,2026-01-25T23:11:00.000Z,Over 4 Brandin Podziemski Assists GSW vs. MIN | Over 22 Jaden McDaniels Pts+Rebs+Asts MIN vs. GSW | Over 11.5 Jalen Duren Rebs+Asts DET vs. SAC,,Basketball,NBA
1442495508,PrizePicks,parlay,SETTLED_LOSS,6,,,5,-5.00,01/25/2026 18:52:13 GMT,01/26/2026 03:11:00 GMT,2026-01-25T18:52:13.848Z,2026-01-26T03:11:00.000Z,Over 0.5 Sam Darnold Pass Yards SEA vs. LA | Over 8.5 Tobe Awaka Rebounds ARIZ vs. BYU | Under 14.5 Keldon Johnson Pts+Asts SAS vs. NOP,,American Football | Basketball,NFL | NCAAM | NBA
697665042ce9140efec28908,Betr Picks,parlay,SETTLED_LOSS,6,,,5,-5.00,01/25/2026 18:46:28 GMT,01/26/2026 02:51:14 GMT,2026-01-25T18:46:28.376Z,2026-01-26T02:51:14.395Z,Under 2.5 Isaiah Stewart STL+BLK SAC vs. DET | Under 9.5 Cason Wallace Points TOR vs. OKC | Under 3.5 Brady Tkachuk Hits VEG vs. OTT,,Basketball | Ice Hockey,NBA | NHL
1951646b-b773-4d6b-bde1-5bd4f1af77f5,Underdog,parlay,SETTLED_LOSS,8.55,,,10.58,-10.58,01/25/2026 18:43:20 GMT,01/25/2026 23:00:00 GMT,2026-01-25T18:43:20.000Z,2026-01-25T23:00:00.000Z,Higher 39.5 TreVeyon Henderson Rush + Rec Yards O/U NE @ DEN | Lower 29.5 Cade Cunningham Points + Rebounds O/U SAC @ DET | Higher 9.5 Kyle Kuzma Rebounds + Assists O/U DAL @ MIL,,American Football | Basketball,NFL | NBA
69766317459078c8542be478,Betr Picks,parlay,SETTLED_LOSS,10,,,10,-10.00,01/25/2026 18:38:15 GMT,01/26/2026 03:55:17 GMT,2026-01-25T18:38:15.619Z,2026-01-26T03:55:17.392Z,Over 22.5 Matthew Stafford Pass Comps LAR vs. SEA | Over 62.5 Rhamondre Stevenson Rush+Rec Yds NE vs. DEN | Over 4.5 Andrew Wiggins Rebounds MIA vs. PHO | Under 8.5 Royce O'Neale AST+REB MIA vs. PHO,,American Football | Basketball,NFL | NBA
697649aad4c266b50aef5bb1,Betr Picks,parlay,SETTLED_LOSS,6,,,5,-5.00,01/25/2026 16:49:46 GMT,01/26/2026 04:39:11 GMT,2026-01-25T16:49:46.257Z,2026-01-26T04:39:11.554Z,Under 0.5 Domantas Sabonis 3PT Made SAC vs. DET | Over 6.5 Julius Randle Rebounds GS vs. MIN | Under 10.5 Day'Ron Sharpe PTS+AST BKN vs. LAC,,Basketball,NBA
bb181ebc-33ab-4810-830e-f96a75cf3a6e,Underdog,parlay,SETTLED_LOSS,9.16,,,5,-5.00,01/25/2026 16:42:02 GMT,01/25/2026 23:00:00 GMT,2026-01-25T16:42:02.000Z,2026-01-25T23:00:00.000Z,Lower 4.5 Carlton Davis Tackles + Assists O/U NE @ DEN | Higher 3.5 Hunter Henry Receptions O/U NE @ DEN | Higher 1.5 Harrison Mevis FG Made O/U LAR @ SEA,,American Football,NFL
1442126083,PrizePicks,parlay,SETTLED_WIN,6,,,5,30.00,01/25/2026 16:26:05 GMT,01/26/2026 05:10:00 GMT,2026-01-25T16:26:05.614Z,2026-01-26T05:10:00.000Z,Over 0.5 Sam Darnold Pass Yards SEA vs. LA | Over 6.5 Dennis Schröder Rebs+Asts SAC vs. DET | Under 13 Ivica Zubac Rebs+Asts LAC vs. BKN,,American Football | Basketball,NFL | NBA
1442108920,PrizePicks,parlay,SETTLED_LOSS,10,,,10,0.00,01/25/2026 16:17:24 GMT,01/25/2026 23:03:00 GMT,2026-01-25T16:17:24.414Z,2026-01-25T23:03:00.000Z,Over 0.5 Sam Darnold Pass Yards SEA vs. LA | Over 3.5 Mack Hollins Rec Targets NE vs. DEN | Over 5.5 Jeremiah Fears Rebs+Asts NOP vs. SAS | Over 10.5 Puka Nacua Rec Targets LA vs. SEA,,American Football | Basketball,NFL | NBA
5ad7fe66-0255-4ec4-8e59-49d7c68badbf,Underdog,parlay,SETTLED_LOSS,8.15,,,5,-5.00,01/25/2026 16:08:10 GMT,01/26/2026 00:00:00 GMT,2026-01-25T16:08:10.000Z,2026-01-26T00:00:00.000Z,Higher 13.5 Nolan Winter Points O/U USC @ WIS | Higher 1.5 Byron Young Assists O/U LAR @ SEA | Lower 3.5 Chet Holmgren Blocks + Steals O/U TOR @ OKC,,Basketball | American Football,NCAAM | NFL | NBA
b415f2ec-70d5-432c-a05f-34d4952dd1f9,Underdog,straight,SETTLED_LOSS,1.69,,,19.47,-19.47,01/25/2026 04:32:01 GMT,01/25/2026 07:32:01 GMT,2026-01-25T04:32:01.000Z,2026-01-25T07:32:01.000Z,Lower 253.5 Total Points O/U MIA @ UTA,,Basketball,NBA
84f0c214-2959-4475-9501-4677fbdc1b77,Underdog,straight,SETTLED_WIN,3.03,,,4.95,10.05,01/25/2026 03:50:20 GMT,01/25/2026 06:50:20 GMT,2026-01-25T03:50:20.000Z,2026-01-25T06:50:20.000Z,LAL Game Winner LAL @ DAL,,Basketball,NBA
dbfbeeb5-11c4-46ef-a557-c4cb8156284b,Underdog,parlay,SETTLED_LOSS,7.51,,,5,-5.00,01/24/2026 22:51:23 GMT,01/25/2026 05:30:00 GMT,2026-01-24T22:51:23.000Z,2026-01-25T05:30:00.000Z,Higher 21.5 Max Christie Pts + Rebs + Asts O/U LAL @ DAL | Higher 10.5 Luka Doncic 1Q Points O/U LAL @ DAL | Lower 7.5 Svi Mykhailiuk Points O/U MIA @ UTA,,Basketball,NBA
1440639256,PrizePicks,parlay,SETTLED_LOSS,6,,,15,-15.00,01/24/2026 21:44:31 GMT,01/25/2026 04:10:00 GMT,2026-01-24T21:44:31.730Z,2026-01-25T04:10:00.000Z,Over 16.5 Luka Dončić Rebs+Asts LAL vs. DAL | Under 4.5 Derrick White Rebounds BOS vs. CHI | Under 10.5 Cooper Flagg Rebs+Asts DAL vs. LAL,,Basketball,NBA
1440616676,PrizePicks,parlay,SETTLED_LOSS,6,,,10,-10.00,01/24/2026 21:32:39 GMT,01/25/2026 03:10:00 GMT,2026-01-24T21:32:39.177Z,2026-01-25T03:10:00.000Z,Over 4.5 Yakov Trenin Hits MIN vs. FLA | Over 14.5 Cooper Flagg Points DAL vs. LAL | Over 8.5 Desmond Bane Rebs+Asts ORL vs. CLE,,Ice Hockey | Basketball,NHL | NBA
6b39c1c1-74de-4365-a296-13143e58b162,Underdog,parlay,SETTLED_VOID,5.82,,,5,0.00,01/24/2026 21:23:59 GMT,01/25/2026 05:30:00 GMT,2026-01-24T21:23:59.000Z,2026-01-25T05:30:00.000Z,Lower 2.5 Anfernee Simons Rebounds O/U BOS @ CHI | Higher 9.5 Neemias Queta Points O/U BOS @ CHI | Lower 14.5 Ace Bailey Points O/U MIA @ UTA,,Basketball,NBA
1440496595,PrizePicks,parlay,SETTLED_LOSS,6,,,5,-5.00,01/24/2026 20:32:45 GMT,01/25/2026 04:10:00 GMT,2026-01-24T20:32:45.766Z,2026-01-25T04:10:00.000Z,Under 7.5 Klay Thompson 3-PT Attempted DAL vs. LAL | Under 25 Andrew Wiggins Pts+Rebs+Asts MIA vs. UTA | Over 0.5 Josh Giddey Steals CHI vs. BOS,,Basketball,NBA
1440471017,PrizePicks,parlay,SETTLED_LOSS,6,,,5,-5.00,01/24/2026 20:19:32 GMT,01/25/2026 03:10:00 GMT,2026-01-24T20:19:32.304Z,2026-01-25T03:10:00.000Z,Over 8.5 Desmond Bane Rebs+Asts ORL vs. CLE | Over 9.5 Svi Mykhailiuk Pts+Asts UTA vs. MIA | Under 6.5 Brandon Williams Rebs+Asts DAL vs. LAL,,Basketball,NBA
4220f5b9-b5e9-45ee-a98f-ceb84b7fa9f4,Underdog,parlay,SETTLED_LOSS,6.09,,,5,-5.00,01/24/2026 20:10:14 GMT,01/25/2026 05:30:00 GMT,2026-01-24T20:10:14.000Z,2026-01-25T05:30:00.000Z,Higher 13.5 Josh Giddey Rebounds + Assists O/U BOS @ CHI | Lower 8.5 Andrew Wiggins Rebounds + Assists O/U MIA @ UTA | Lower 20.5 Kyle Filipowski Points + Rebounds O/U MIA @ UTA,,Basketball,NBA
1440319930,PrizePicks,parlay,SETTLED_VOID,6,,,10,0.00,01/24/2026 19:30:43 GMT,01/25/2026 04:40:00 GMT,2026-01-24T19:30:43.148Z,2026-01-25T04:40:00.000Z,Over 14.5 Cooper Flagg Points DAL vs. LAL | Over 28.5 Stephen Curry Points GSW vs. MIN | Over 9.5 Tyrese Maxey Rebs+Asts PHI vs. NYK,,Basketball,NBA
f7715dbe-1494-497a-8f71-bbc88ca626a2,Underdog,parlay,SETTLED_LOSS,5.63,,,5,-5.00,01/24/2026 19:27:49 GMT,01/24/2026 23:00:00 GMT,2026-01-24T19:27:49.000Z,2026-01-24T23:00:00.000Z,Higher 1.5 Kelly Oubre 3-Pointers Made O/U NYK @ PHI | Lower 4.5 Mikal Bridges Rebounds O/U NYK @ PHI | Higher 3.5 Kasparas Jakucionis Assists O/U MIA @ UTA,,Basketball,NBA
cd78e9bf-dae9-48df-9593-0022d8c7d5b8,Underdog,parlay,SETTLED_LOSS,8.7,,,7.85,-7.85,01/24/2026 18:54:32 GMT,01/24/2026 23:00:00 GMT,2026-01-24T18:54:32.000Z,2026-01-24T23:00:00.000Z,Higher 18.5 VJ Edgecombe Points + Rebounds O/U NYK @ PHI | Higher 10.5 Jalen Smith Points O/U BOS @ CHI | Higher 49.5 Luka Doncic Pts + Rebs + Asts O/U LAL @ DAL,,Basketball,NBA
qrpdQRV,DK Pick6,round_robin_4,SETTLED_LOSS,10,,,10,0.00,01/24/2026 17:00:00 GMT,01/25/2026 04:30:00 GMT,2026-01-24T17:00:00.000Z,2026-01-25T04:30:00.000Z,Under 7.5 Wendell Carter Jr. Rebounds Cleveland Cavaliers vs. Orlando Magic | Over 5.5 PJ Washington Rebounds Los Angeles Lakers vs. Dallas Mavericks | Over 9.5 Dean Wade Points + Rebounds Cleveland Cavaliers vs. Orlando Magic | Over 15.5 Nikola Vucevic Points Boston Celtics vs. Chicago Bulls,,Basketball,NBA
LyQGrQM,DK Pick6,round_robin_3,SETTLED_LOSS,6,,,10,0.00,01/24/2026 17:00:00 GMT,01/25/2026 03:00:00 GMT,2026-01-24T17:00:00.000Z,2026-01-25T03:00:00.000Z,Over 32.5 Luka Doncic Points Los Angeles Lakers vs. Dallas Mavericks | Under 28.5 Tyrese Maxey Points New York Knicks vs. Philadelphia 76ers | Under 28.5 Donovan Mitchell Points Cleveland Cavaliers vs. Orlando Magic,,Basketball,NBA
wZp52yj,DK Pick6,round_robin_3,SETTLED_LOSS,6,,,8,-8.00,01/24/2026 17:00:00 GMT,01/24/2026 23:00:00 GMT,2026-01-24T17:00:00.000Z,2026-01-24T23:00:00.000Z,Under 13.5 Josh Hart Assists + Rebounds New York Knicks vs. Philadelphia 76ers | Under 4.5 Evan Mobley Assists Cleveland Cavaliers vs. Orlando Magic | Over 2.5 Marcus Smart Rebounds Los Angeles Lakers vs. Dallas Mavericks,,Basketball,NBA
1439938588,PrizePicks,parlay,SETTLED_VOID,6,,,5,0.00,01/24/2026 16:39:30 GMT,01/25/2026 01:40:00 GMT,2026-01-24T16:39:30.671Z,2026-01-25T01:40:00.000Z,Under 1.5 Gui Santos Assists GSW vs. MIN | Over 21.5 Anthony Edwards FG Attempted MIN vs. GSW | Under 27.5 LaMelo Ball Pts+Asts CHA vs. WAS,,Basketball,NBA
5a473484-4c7d-4e3b-9a24-8c9088b1bf47,Underdog,parlay,SETTLED_LOSS,2.91,,,10,-10.00,01/24/2026 16:30:20 GMT,01/24/2026 21:00:00 GMT,2026-01-24T16:30:20.000Z,2026-01-24T21:00:00.000Z,Higher 3.5 Ayu Kills on Map 1 O/U RED Canids Kalunga vs FURIA | Higher 1.5 Enga Kills on Map 1 O/U Vivo Keyd Stars vs LEVIATÁN | Higher 2.5 kyeahoo Kills on Map 1 O/U Karmine Corp vs SK Gaming,,other,other
33c61500-b4c7-43ce-bb4f-2f4e5a98dc0c,Underdog,parlay,SETTLED_VOID,2.91,,,5,0.00,01/24/2026 16:29:41 GMT,01/24/2026 21:45:00 GMT,2026-01-24T16:29:41.000Z,2026-01-24T21:45:00.000Z,Higher 3.5 Ayu Kills on Map 1 O/U RED Canids Kalunga vs FURIA | Higher 1.5 Enga Kills on Map 1 O/U Vivo Keyd Stars vs LEVIATÁN | Higher 2.5 kyeahoo Kills on Map 1 O/U Karmine Corp vs SK Gaming,,other,other
6974f1a75c214ee9be039641,Betr Picks,parlay,SETTLED_LOSS,6,,,10,-10.00,01/24/2026 16:21:59 GMT,01/25/2026 05:23:17 GMT,2026-01-24T16:21:59.117Z,2026-01-25T05:23:17.538Z,Over 28.5 Bam Adebayo PTS+REB MIA vs. UTA | Under 11 Donovan Mitchell AST+REB CLE vs. ORL | Under 10 Moussa Diabaté Rebounds WAS vs. CHA,,Basketball,NBA
6974dc2f64f6c55872fa021a,Betr Picks,parlay,SETTLED_LOSS,6,,,5,-5.00,01/24/2026 14:50:23 GMT,01/25/2026 05:23:17 GMT,2026-01-24T14:50:23.765Z,2026-01-25T05:23:17.849Z,Over 13.5 Paolo Banchero AST+REB CLE vs. ORL | Over 7.5 Pelle Larsson AST+REB MIA vs. UTA | Over 11.5 LaMelo Ball AST+REB WAS vs. CHA,,Basketball,NBA
1439759263,PrizePicks,round_robin_3,SETTLED_LOSS,3,,,5,-5.00,01/24/2026 14:16:25 GMT,01/25/2026 05:40:00 GMT,2026-01-24T14:16:25.260Z,2026-01-25T05:40:00.000Z,Under 7.5 Tyus Jones Pts+Rebs+Asts ORL vs. CLE | Over 6.5 Keyonte George Assists UTA vs. MIA | Under 14.5 Andrej Stojakovic Points ILL vs. PUR,,Basketball,NBA | NCAAM
6974d1dcb4a07ce90b256ab5,Betr Picks,parlay,SETTLED_WIN,6,,,5,10.00,01/24/2026 14:06:20 GMT,01/25/2026 03:44:04 GMT,2026-01-24T14:06:20.434Z,2026-01-25T03:44:04.319Z,Over 4.5 Matas Buzelis Rebounds BOS vs. CHI | Over 8.5 Brandin Podziemski AST+REB GS vs. MIN | Over 11.5 Jaylen Brown AST+REB BOS vs. CHI,,Basketball,NBA
1439748539,PrizePicks,parlay,SETTLED_VOID,6,,,5,0.00,01/24/2026 14:03:25 GMT,01/25/2026 05:40:00 GMT,2026-01-24T14:03:25.504Z,2026-01-25T05:40:00.000Z,Over 8.5 Desmond Bane Rebs+Asts ORL vs. CLE | Under 12 Draymond Green Rebs+Asts GSW vs. MIN | Over 13.5 Bam Adebayo Rebs+Asts MIA vs. UTA,,Basketball,NBA
1439207986,PrizePicks,parlay,SETTLED_LOSS,6,,,5,-5.00,01/24/2026 02:37:41 GMT,01/24/2026 06:10:00 GMT,2026-01-24T02:37:41.573Z,2026-01-24T06:10:00.000Z,Under 20 Jrue Holiday Pts+Rebs+Asts POR vs. TOR | Under 8.5 Caleb Love Rebs+Asts POR vs. TOR | Over 2.5 Tre Johnson Rebounds WAS vs. CHA,,Basketball,NBA
5rm4RnQ,DK Pick6,round_robin_3,SETTLED_WIN,3,,,5,10.00,01/24/2026 00:00:00 GMT,01/24/2026 04:00:00 GMT,2026-01-24T00:00:00.000Z,2026-01-24T04:00:00.000Z,Under 22.5 Pascal Siakam Points Indiana Pacers vs. Oklahoma City Thunder | Over 16.5 Alperen Sengun Points Houston Rockets vs. Detroit Pistons | Over 2.5 Jalen Green Rebounds Phoenix Suns vs. Atlanta Hawks,,Basketball,NBA
mj5b4KQ,DK Pick6,round_robin_3,SETTLED_WIN,6,,,5,25.00,01/24/2026 00:00:00 GMT,01/24/2026 04:00:00 GMT,2026-01-24T00:00:00.000Z,2026-01-24T04:00:00.000Z,Over 29.5 Shai Gilgeous-Alexander Points Indiana Pacers vs. Oklahoma City Thunder | Over 16.5 Malik Monk Points + Rebounds + Assists Sacramento Kings vs. Cleveland Cavaliers | Over 6.5 Michael Porter Jr. Rebounds Boston Celtics vs. Brooklyn Nets,,Basketball,NBA
yx57WxR,DK Pick6,round_robin_2,SETTLED_LOSS,3,,,10,0.00,01/24/2026 00:00:00 GMT,01/24/2026 04:00:00 GMT,2026-01-24T00:00:00.000Z,2026-01-24T04:00:00.000Z,Under 24.5 Jock Landale Points + Rebounds + Assists New Orleans Pelicans vs. Memphis Grizzlies | Under 23.5 Shaedon Sharpe Points Toronto Raptors vs. Portland Trail Blazers,,Basketball,NBA
1438338643,PrizePicks,round_robin_5,SETTLED_LOSS,14,,,5,-5.00,01/23/2026 19:27:10 GMT,01/24/2026 03:09:00 GMT,2026-01-23T19:27:10.454Z,2026-01-24T03:09:00.000Z,Under 29.5 Donovan Mitchell Points CLE vs. SAC | Under 8 Josh Okogie Pts+Rebs HOU vs. DET | Over 8.5 Mark Williams Rebounds PHX vs. ATL | Over 3.5 Myles Turner FG Made MIL vs. DEN | Over 13.5 Grayson Allen Points PHX vs. ATL,,Basketball,NBA
1438237719,PrizePicks,round_robin_3,SETTLED_WIN,3,,,5,10.00,01/23/2026 18:27:42 GMT,01/24/2026 04:10:00 GMT,2026-01-23T18:27:42.254Z,2026-01-24T04:10:00.000Z,Under 24 Jarrett Allen Pts+Rebs CLE vs. SAC | Under 9 Vince Williams Points MEM vs. NOP | Under 4.5 Shai Gilgeous-Alexander Rebounds OKC vs. IND,,Basketball,NBA
b8a64587-4b58-499c-8efd-58a5f82c3d0d,Underdog,parlay,SETTLED_WIN,5.57,,,5,22.85,01/23/2026 18:20:43 GMT,01/24/2026 06:00:00 GMT,2026-01-23T18:20:43.000Z,2026-01-24T06:00:00.000Z,Higher 21.5 Jock Landale Points + Rebounds O/U NOP @ MEM | Higher 20.5 Trey Murphy III Points O/U NOP @ MEM | Higher 7.5 Jrue Holiday Rebounds + Assists O/U TOR @ POR,,Basketball,NBA
6973bb1bf8ba7327acd3759f,Betr Picks,parlay,SETTLED_VOID,6,,,5,0.00,01/23/2026 18:16:59 GMT,01/24/2026 05:42:43 GMT,2026-01-23T18:16:59.256Z,2026-01-24T05:42:43.331Z,Under 7.5 Derik Queen Rebounds NO vs. MEM | Over 12.5 Deni Avdija AST+REB TOR vs. POR | Over 7.5 Jamal Murray Assists DEN vs. MIL,,Basketball,NBA
17d14fbb-86d6-4c21-86ee-b563f2299f1f,Underdog,parlay,SETTLED_LOSS,5.59,,,7.5,-7.50,01/23/2026 18:08:17 GMT,01/24/2026 03:30:00 GMT,2026-01-23T18:08:17.000Z,2026-01-24T03:30:00.000Z,Higher 4.5 Nickeil Alexander-Walker 1Q Points O/U PHX @ ATL | Higher 1.5 Pascal Siakam 3-Pointers Made O/U IND @ OKC | Higher 11.5 Donovan Clingan Rebounds O/U TOR @ POR,,Basketball,NBA
7cb3de1b-eda1-4c55-bb84-61b025ae0261,Underdog,parlay,SETTLED_VOID,5.59,,,7.5,0.00,01/23/2026 18:06:59 GMT,01/24/2026 06:00:00 GMT,2026-01-23T18:06:59.000Z,2026-01-24T06:00:00.000Z,Higher 1.5 Pascal Siakam 3-Pointers Made O/U IND @ OKC | Higher 11.5 Donovan Clingan Rebounds O/U TOR @ POR | Higher 7.5 Jrue Holiday Rebounds + Assists O/U TOR @ POR,,Basketball,NBA
3ef32889-247c-4751-8c93-02f6fd2b3e00,Underdog,parlay,SETTLED_VOID,5.59,,,5,0.00,01/23/2026 18:06:22 GMT,01/24/2026 06:00:00 GMT,2026-01-23T18:06:22.000Z,2026-01-24T06:00:00.000Z,Higher 1.5 Pascal Siakam 3-Pointers Made O/U IND @ OKC | Higher 11.5 Donovan Clingan Rebounds O/U TOR @ POR | Higher 7.5 Jrue Holiday Rebounds + Assists O/U TOR @ POR,,Basketball,NBA
1438188942,PrizePicks,parlay,SETTLED_LOSS,6,,,5,-5.00,01/23/2026 17:59:02 GMT,01/24/2026 03:09:00 GMT,2026-01-23T17:59:02.436Z,2026-01-24T03:09:00.000Z,Under 18 Ausar Thompson Pts+Rebs+Asts DET vs. HOU | Under 17 De'Andre Hunter Pts+Rebs CLE vs. SAC | Over 6.5 Drake Powell Points BKN vs. BOS,,Basketball,NBA
6973a3a9c46c00a6a9f0b649,Betr Picks,parlay,SETTLED_LOSS,6,,,5,-5.00,01/23/2026 16:36:57 GMT,01/24/2026 03:55:55 GMT,2026-01-23T16:36:57.280Z,2026-01-24T03:55:55.273Z,Over 3.5 Jarace Walker Rebounds IND vs. OKC | Under 11.5 Payton Pritchard AST+REB BOS vs. BKN | Under 0.5 Chet Holmgren Double Doubles IND vs. OKC,,Basketball,NBA
1438081599,PrizePicks,parlay,SETTLED_LOSS,6,,,5,-5.00,01/23/2026 16:29:38 GMT,01/24/2026 03:40:00 GMT,2026-01-23T16:29:38.408Z,2026-01-24T03:40:00.000Z,Under 20 Cam Thomas Pts+Rebs+Asts BKN vs. BOS | Over 4.5 Payton Pritchard Rebounds BOS vs. BKN | Over 9.5 Luke Kennard Pts+Rebs+Asts ATL vs. PHX,,Basketball,NBA
69739c707fd1dfe660fa5734,Betr Picks,parlay,SETTLED_LOSS,10,,,10,-10.00,01/23/2026 16:06:08 GMT,01/25/2026 07:38:32 GMT,2026-01-23T16:06:08.190Z,2026-01-25T07:38:32.682Z,Over 0.5 Paddy Pimblett Sig Strikes Gaethje vs. Pimblett | Over 6.5 Jaylen Brown Rebounds BOS vs. BKN | Over 7.5 Shaedon Sharpe AST+REB TOR vs. POR | Over 11.5 Jalen Duren AST+REB HOU vs. DET,,MMA | Basketball,UFC | NBA
1438053005,PrizePicks,parlay,SETTLED_LOSS,6,,,5,-5.00,01/23/2026 15:54:35 GMT,01/24/2026 03:09:00 GMT,2026-01-23T15:54:35.328Z,2026-01-24T03:09:00.000Z,Under 2.5 Isaiah Joe Assists OKC vs. IND | Over 5.5 Alperen Sengun Assists HOU vs. DET | Under 10.5 Nic Claxton Points BKN vs. BOS,,Basketball,NBA
b9912021-db2b-481c-a9a0-cc07617f1a25,Underdog,parlay,SETTLED_LOSS,5.88,,,5,-5.00,01/23/2026 15:40:16 GMT,01/24/2026 03:30:00 GMT,2026-01-23T15:40:16.000Z,2026-01-24T03:30:00.000Z,Higher 6.5 Precious Achiuwa Points O/U SAC @ CLE | Lower 24.5 Jaren Jackson Jr. Points + Assists O/U NOP @ MEM | Higher 1.5 Jaylen Wells 3-Pointers Made O/U NOP @ MEM,,Basketball,NBA
957e6c0e-6fdd-4218-b525-baf376c29a40,Underdog,parlay,SETTLED_LOSS,6.39,,,10,-10.00,01/23/2026 15:33:49 GMT,01/24/2026 03:00:00 GMT,2026-01-23T15:33:49.000Z,2026-01-24T03:00:00.000Z,Higher 14.5 Jalen Duren Points O/U HOU @ DET | Higher 32.5 Cade Cunningham Pts + Rebs + Asts O/U HOU @ DET | Lower 23.5 Dyson Daniels Pts + Rebs + Asts O/U PHX @ ATL | Higher 5.5 Giannis Antetokounmpo Assists O/U DEN @ MIL,,Basketball,NBA
da41584c-9c60-42e5-941e-6b9691757845,Underdog,parlay,SETTLED_LOSS,6.5,,,5,-5.00,01/23/2026 05:09:02 GMT,01/24/2026 05:30:00 GMT,2026-01-23T05:09:02.000Z,2026-01-24T05:30:00.000Z,Higher 9.5 Michael Porter Jr. Rebounds + Assists O/U BOS @ BKN | Higher 5.5 Jaylon Tyson Rebounds O/U SAC @ CLE | Higher 4.5 Ryan Rollins Rebounds O/U DEN @ MIL,,Basketball,NBA
69726f7b8296844ddcab0e1b,Betr Picks,parlay,SETTLED_LOSS,6,,,10,-10.00,01/22/2026 18:42:03 GMT,01/23/2026 05:44:34 GMT,2026-01-22T18:42:03.813Z,2026-01-23T05:44:34.377Z,Over 23.5 Deni Avdija Points MIA vs. POR | Over 8.5 Naz Reid AST+REB CHI vs. MIN | Over 8.5 VJ Edgecombe AST+REB HOU vs. PHI,,Basketball,NBA
ca1d4994-aa26-4afb-8b51-edfc8d5cf2f9,Underdog,parlay,SETTLED_WIN,9.25,,,10,82.50,01/22/2026 15:47:46 GMT,01/23/2026 03:30:00 GMT,2026-01-22T15:47:46.000Z,2026-01-23T03:30:00.000Z,Higher 4.5 Alperen Sengun 1Q Points O/U HOU @ PHI | Higher 7.5 Jalen Pickett Rebounds + Assists O/U DEN @ WAS | Lower 4.5 Jonathan Kuminga Rebounds O/U GSW @ DAL,,Basketball,NBA
69724137916df256e674ae87,Betr Picks,parlay,SETTLED_LOSS,10,,,10,-10.00,01/22/2026 15:24:39 GMT,01/23/2026 06:04:50 GMT,2026-01-22T15:24:39.181Z,2026-01-23T06:04:50.832Z,Under 67.5 Scottie Scheffler Strokes The American Express | Over 31.5 Luka Dončić Points LAL vs. LAC | Over 8.5 Nikola Vučević Rebounds CHI vs. MIN | Under 10.5 Tyrese Maxey AST+REB HOU vs. PHI,,Golf | Basketball,GOLF | NBA
69714055b4cca0e190bd6745,Betr Picks,parlay,SETTLED_LOSS,6,,,10,-10.00,01/21/2026 21:08:37 GMT,01/22/2026 05:52:27 GMT,2026-01-21T21:08:37.541Z,2026-01-22T05:52:27.625Z,Over 5.5 Immanuel Quickley Assists TOR vs. SAC | Over 29.5 Ja Morant Pts+Rebs+Asst ATL vs. MEM | Over 4.5 Ryan Rollins Rebounds OKC vs. MIL,,Basketball,NBA
9e36feec-e8d0-412f-a98b-0474644ba9a5,Underdog,parlay,SETTLED_LOSS,7.97,,,10,-10.00,01/21/2026 20:03:31 GMT,01/22/2026 04:00:00 GMT,2026-01-21T20:03:31.000Z,2026-01-22T04:00:00.000Z,Lower 10.5 Jarrett Allen Rebounds + Assists O/U CLE @ CHA | Lower 6.5 Dyson Daniels Rebounds O/U ATL @ MEM | Lower 6.5 Giannis Antetokounmpo 1Q Points O/U OKC @ MIL,,Basketball,NBA
69711657b8d17c886aa10539,Betr Picks,parlay,SETTLED_LOSS,10,,,10,-10.00,01/21/2026 18:09:27 GMT,01/22/2026 05:47:20 GMT,2026-01-21T18:09:27.353Z,2026-01-22T05:47:20.828Z,Under 8.5 Kon Knueppel AST+REB CLE vs. CHA | Over 9.5 Brandon Ingram AST+REB TOR vs. SAC | Under 3.5 Jeremiah Fears Assists DET vs. NO | Under 16.5 Cam Thomas Points BKN vs. NY,,Basketball,NBA
1319530268851208192,Sleeper,parlay,SETTLED_LOSS,6.645,,,10,-10.00,01/21/2026 02:37:21 GMT,01/21/2026 05:37:21 GMT,2026-01-21T02:37:21.083Z,2026-01-21T05:37:21.083Z,O 3.5 Brandon Ingram Assists TOR @ GSW | O 5.5 Precious Achiuwa Rebounds MIA @ SAC | O 10.5 Aaron Gordon Rebounds & Assists LAL @ DEN,,Basketball,NBA
696ff388c4bb5825a76ec846,Betr Picks,parlay,SETTLED_LOSS,6,,,10,-10.00,01/20/2026 21:28:40 GMT,01/21/2026 05:54:39 GMT,2026-01-20T21:28:40.333Z,2026-01-21T05:54:39.593Z,Over 31.5 LeBron James Pts+Rebs+Asst LAL vs. DEN | Over 11.5 Domantas Sabonis AST+REB MIA vs. SAC | Under 1.5 Sandro Mamukelashvili 3PT Made TOR vs. GS,,Basketball,NBA
50d6904f-ab73-46fb-bd51-20623cca9873,Underdog,parlay,SETTLED_LOSS,8.54,,,10,-10.00,01/20/2026 19:47:35 GMT,01/21/2026 04:00:00 GMT,2026-01-20T19:47:35.000Z,2026-01-21T04:00:00.000Z,Higher 8.5 De'Aaron Fox Rebounds + Assists O/U SAS @ HOU | Lower 10.5 Kobe Sanders Points O/U LAC @ CHI | Higher 3.5 Anthony Edwards Assists O/U MIN @ UTA | Higher 6.5 Luka Doncic Rebounds O/U LAL @ DEN,,Basketball,NBA
696fd9befe758a65c2096477,Betr Picks,parlay,SETTLED_LOSS,6,,,10,-10.00,01/20/2026 19:38:38 GMT,01/21/2026 06:00:22 GMT,2026-01-20T19:38:38.869Z,2026-01-21T06:00:22.074Z,Over 26.5 Anthony Edwards Points MIN vs. UTA | Under 12.5 Jusuf Nurkić Points MIN vs. UTA | Over 1.5 LeBron James 3PT Made LAL vs. DEN,,Basketball,NBA
c7706b36-0fcb-43b3-b4be-26ec63f33eb5,Underdog,parlay,SETTLED_LOSS,4.96,,,2.5,-2.50,01/19/2026 23:54:32 GMT,01/20/2026 03:30:00 GMT,2026-01-19T23:54:32.000Z,2026-01-20T03:30:00.000Z,Lower 23.5 Dillon Brooks Pts + Rebs + Asts O/U PHX @ BKN | Lower 34.5 Michael Porter Jr. Pts + Rebs + Asts O/U PHX @ BKN | Lower 26.5 Cade Cunningham Points O/U BOS @ DET,,Basketball,NBA
1318746880422711296,Sleeper,parlay,SETTLED_LOSS,17,,,15,-15.00,01/18/2026 22:44:26 GMT,01/19/2026 01:44:26 GMT,2026-01-18T22:44:26.727Z,2026-01-19T01:44:26.727Z,U 5.5 Amen Thompson Assists NOP @ HOU | O 5.5 Steven Adams Rebounds NOP @ HOU | O 4.5 Noah Clowney Rebounds BKN @ CHI | O 6.5 Collin Murray-Boyles Rebounds TOR @ LAL | O 14.5 Kon Knueppel Points CHA @ DEN,,Basketball,NBA
6279a301-a798-4bbf-9dcd-9bd97a22331d,Underdog,parlay,SETTLED_LOSS,5.46,,,10,-10.00,01/18/2026 18:13:26 GMT,01/18/2026 23:00:00 GMT,2026-01-18T18:13:26.000Z,2026-01-18T23:00:00.000Z,Higher 2.5 Jayden Higgins Receptions O/U HOU @ NE | Higher 14.5 Rhamondre Stevenson Receiving Yards O/U HOU @ NE | Higher 0.0 Caleb Williams Pass + Rush Yards O/U LAR @ CHI | Higher 49.5 D'Andre Swift Rush Yards O/U LAR @ CHI,,American Football,NFL
1318038538779914240,Sleeper,parlay,SETTLED_LOSS,16.619999999999997,,,15,-15.00,01/16/2026 23:49:44 GMT,01/17/2026 02:49:44 GMT,2026-01-16T23:49:44.921Z,2026-01-17T02:49:44.921Z,O 14.5 Cam Thomas Points CHI @ BKN | O 3.5 Evan Mobley Assists CLE @ PHI | O 14.5 Andrew Nembhard Points NOP @ IND | O 18.5 Egor Dëmin Pts Reb Ast CHI @ BKN | O 14.5 Scottie Barnes Rebounds & Assists LAC @ TOR,,Basketball,NBA
1317724574325944320,Sleeper,parlay,SETTLED_LOSS,9.01,,,10,-10.00,01/16/2026 03:02:09 GMT,01/16/2026 06:02:09 GMT,2026-01-16T03:02:09.959Z,2026-01-16T06:02:09.959Z,O 0.5 James Harden Points LAC @ TOR | U 20.5 Draymond Green Pts Reb Ast NYK @ GSW | O 6.5 LeBron James Assists CHA @ LAL | O 19.5 LaMelo Ball Points CHA @ LAL,,Basketball,NBA
d0c8554a-4381-4f3e-bff7-bdeeefc21c10,Underdog,parlay,SETTLED_LOSS,7.1,,,10,-10.00,01/14/2026 22:23:37 GMT,01/15/2026 03:00:00 GMT,2026-01-14T22:23:37.000Z,2026-01-15T03:00:00.000Z,Higher 7.5 Collin Murray-Boyles Rebounds O/U TOR @ IND | Higher 9.5 Jay Huff Points O/U TOR @ IND | Higher 3.5 Pascal Siakam Assists O/U TOR @ IND,,Basketball,NBA
1317281069791211520,Sleeper,parlay,SETTLED_LOSS,16.58,,,15,-15.00,01/14/2026 21:39:50 GMT,01/15/2026 00:39:50 GMT,2026-01-14T21:39:50.240Z,2026-01-15T00:39:50.240Z,O 5.5 Matas Buzelis Rebounds UTA @ CHI | O 9.5 Jusuf Nurkić Rebounds UTA @ CHI | O 7.5 Jamal Murray Assists DEN @ DAL | O 4.5 VJ Edgecombe Assists CLE @ PHI | O 5.5 Keyonte George Assists UTA @ CHI,,Basketball,NBA
c23cf8e2-b409-42e1-a25d-802ac3d4dd6d,Underdog,parlay,SETTLED_LOSS,6.28,,,15,-15.00,01/14/2026 03:58:19 GMT,01/14/2026 07:00:00 GMT,2026-01-14T03:58:19.000Z,2026-01-14T07:00:00.000Z,Higher 11.5 Donovan Clingan Points O/U POR @ GSW | Higher 25.5 Shaedon Sharpe Points O/U POR @ GSW | Higher 5.5 Draymond Green Assists O/U POR @ GSW,,Basketball,NBA
c7815a8e-6e98-4bb8-bca1-01faaa72166d,Underdog,parlay,SETTLED_LOSS,4.61,,,10,-10.00,01/14/2026 00:37:18 GMT,01/14/2026 04:00:00 GMT,2026-01-14T00:37:18.000Z,2026-01-14T04:00:00.000Z,Higher 21.5 Stephon Castle Points + Assists O/U SAS @ OKC | Higher 0.5 Jamal Murray Pts + Rebs + Asts O/U DEN @ NOP | Higher 12.5 Amen Thompson FG Attempted O/U CHI @ HOU,,Basketball,NBA
6966dfbc898375a4519c9d32,Betr Picks,parlay,SETTLED_LOSS,6,,,10,-10.00,01/14/2026 00:13:48 GMT,01/14/2026 06:48:10 GMT,2026-01-14T00:13:48.052Z,2026-01-14T06:48:10.631Z,Over 8.5 Collin Gillespie AST+REB PHO vs. MIA | Over 0.5 Stephen Curry PTS+AST POR vs. GS | Under 13.5 Kevin Porter Jr. AST+REB MIN vs. MIL,,Basketball,NBA
1316581827355377664,Sleeper,parlay,SETTLED_LOSS,14.46,,,15,-15.00,01/12/2026 23:21:17 GMT,01/13/2026 02:21:17 GMT,2026-01-12T23:21:17.851Z,2026-01-13T02:21:17.851Z,O 5.5 LeBron James Assists LAL @ SAC | O 9.5 Jusuf Nurkić Rebounds UTA @ CLE | O 14.5 Brandon Miller Points CHA @ LAC | O 14.5 VJ Edgecombe Points PHI @ TOR | O 3.5 Kris Dunn Assists CHA @ LAC,,Basketball,NBA
1316182901972283392,Sleeper,parlay,SETTLED_LOSS,25.58,,,10,-10.00,01/11/2026 20:56:06 GMT,01/11/2026 23:56:06 GMT,2026-01-11T20:56:06.628Z,2026-01-11T23:56:06.628Z,O 10.5 Kevin Durant Rebounds & Assists HOU @ SAC | O 5.5 Aaron Gordon Rebounds MIL @ DEN | O 5.5 Dyson Daniels Assists ATL @ GSW | O 9.5 VJ Edgecombe Rebounds & Assists PHI @ TOR | O 4.5 Stephen Curry Assists ATL @ GSW,,Basketball,NBA
1316173074638336000,Sleeper,parlay,SETTLED_LOSS,8.873999999999999,,,10,-10.00,01/11/2026 20:17:03 GMT,01/11/2026 23:17:03 GMT,2026-01-11T20:17:03.609Z,2026-01-11T23:17:03.609Z,O 4.5 Christian McCaffrey Receptions SF @ PHI | O 4.5 Stefon Diggs Receptions LAC @ NE | O 80.5 Saquon Barkley Rushing Yards SF @ PHI | O 24.5 Dallas Goedert Receiving Yards SF @ PHI,,American Football,NFL
6963f5dea26ffd0d4c8da82e,Betr Picks,parlay,SETTLED_LOSS,6,,,10,-10.00,01/11/2026 19:11:26 GMT,01/12/2026 04:30:04 GMT,2026-01-11T19:11:26.797Z,2026-01-12T04:30:04.925Z,Over 0.5 Drake Maye Passing Yds LAC vs. NE | Over 27.5 Jalen Brunson Points NY vs. POR | Over 54.5 Stefon Diggs Receiving Yds LAC vs. NE | Over 24.5 Justin Herbert Rushing Yds LAC vs. NE,,American Football | Basketball,NFL | NBA
a3b29f8b-5811-4825-b79e-9b61c42f5837,Underdog,parlay,SETTLED_LOSS,4.77,,,2.5,-2.50,01/11/2026 00:45:37 GMT,01/11/2026 04:00:00 GMT,2026-01-11T00:45:37.000Z,2026-01-11T04:00:00.000Z,Higher 1.5 Romeo Doubs Receptions O/U GB @ CHI | Higher 0.5 D'Andre Swift Rush + Rec TDs O/U GB @ CHI | Higher 41.5 Luther Burden Receiving Yards O/U GB @ CHI | Higher 0.5 Josh Jacobs Rush + Rec TDs O/U GB @ CHI,,American Football,NFL
11113374301768074032745,Chalkboard Fantasy,parlay,SETTLED_LOSS,10.74,,,5,-5.00,01/10/2026 19:40:32 GMT,01/11/2026 03:37:15 GMT,2026-01-10T19:40:32.756Z,2026-01-11T03:37:15.028Z,Over 28.5 Jaylen Brown Points San Antonio Spurs @ Boston Celtics | Over 6.5 Stephon Castle Assists San Antonio Spurs @ Boston Celtics | Over 14.5 Nikola Vucevic Ast + Reb Dallas Mavericks @ Chicago Bulls | Over 23.5 Cooper Flagg Points Dallas Mavericks @ Chicago Bulls,,Basketball,NBA
11113374301768073961406,Chalkboard Fantasy,parlay,SETTLED_LOSS,4.213972,,,5,-5.00,01/10/2026 19:39:21 GMT,01/11/2026 03:22:13 GMT,2026-01-10T19:39:21.417Z,2026-01-11T03:22:13.269Z,Over 0.5 Puka Nacua Rec Yards Los Angeles Rams @ Carolina Panthers | Over 11.5 Cooper Flagg Ast + Reb Dallas Mavericks @ Chicago Bulls | Over 26.5 LaMelo Ball Pts + Ast Charlotte Hornets @ Utah Jazz,,American Football | Basketball,NFL | NBA
f8fc0136-4be0-4f12-8ff3-a441b0b0c13b,Underdog,parlay,SETTLED_LOSS,5.87,,,10,-10.00,01/10/2026 19:36:17 GMT,01/11/2026 00:30:00 GMT,2026-01-10T19:36:17.000Z,2026-01-11T00:30:00.000Z,Higher 59.5 Kyren Williams Rush Yards O/U LAR @ CAR | Higher 0.0 Matthew Stafford Pass + Rush Yards O/U LAR @ CAR | Higher 49.5 D'Andre Swift Rush Yards O/U GB @ CHI | Higher 0.5 Josh Jacobs Rush + Rec TDs O/U GB @ CHI,,American Football,NFL
1315543210444992512,Sleeper,parlay,SETTLED_LOSS,10.9,,,10,-10.00,01/10/2026 02:34:12 GMT,01/10/2026 05:34:12 GMT,2026-01-10T02:34:12.283Z,2026-01-10T05:34:12.283Z,O 7.5 Luka Dončić Assists MIL @ LAL | O 3.5 Stephen Curry Assists SAC @ GSW | O 5.5 LeBron James Rebounds MIL @ LAL | O 24.5 Giannis Antetokounmpo Points MIL @ LAL | O 9.5 Myles Turner Points MIL @ LAL,,Basketball,NBA
11113374301768011971815,Chalkboard Fantasy,parlay,SETTLED_LOSS,6.28,,,3.25,-3.25,01/10/2026 02:26:11 GMT,01/10/2026 05:34:09 GMT,2026-01-10T02:26:11.846Z,2026-01-10T05:34:09.882Z,Over 11.5 Maxime Raynaud Points Sacramento Kings @ Golden State Warriors | Over 12.5 Donovan Clingan Ast + Reb Houston Rockets @ Portland Trail Blazers | Over 16.5 Luka Doncic Ast + Reb Milwaukee Bucks @ Los Angeles Lakers,,Basketball,NBA
11113374301768011660710,Chalkboard Fantasy,parlay,SETTLED_LOSS,5.56,,,10,-10.00,01/10/2026 02:21:00 GMT,01/10/2026 05:54:49 GMT,2026-01-10T02:21:00.730Z,2026-01-10T05:54:49.422Z,Over 33.5 Luka Doncic Points Milwaukee Bucks @ Los Angeles Lakers | Over 29.5 Giannis Antetokounmpo Points Milwaukee Bucks @ Los Angeles Lakers | Over 5.5 Caleb Love Ast + Reb Houston Rockets @ Portland Trail Blazers,,Basketball,NBA
11113374301767996800390,Chalkboard Fantasy,parlay,SETTLED_LOSS,4.72323,,,5,-5.00,01/09/2026 22:13:20 GMT,01/10/2026 04:26:38 GMT,2026-01-09T22:13:20.399Z,2026-01-10T04:26:38.736Z,Over 0.5 Tyrese Maxey Points Philadelphia 76ers @ Orlando Magic | Over 8.5 Onyeka Okongwu Rebounds Atlanta Hawks @ Denver Nuggets | Over 6.5 Amen Thompson Rebounds Houston Rockets @ Portland Trail Blazers,,Basketball,NBA
11113374301767928948451,Chalkboard Fantasy,parlay,SETTLED_LOSS,5.52,,,5,-5.00,01/09/2026 03:22:28 GMT,01/09/2026 04:26:45 GMT,2026-01-09T03:22:28.460Z,2026-01-09T04:26:45.434Z,Over 8.5 Keyonte George Assists Dallas Mavericks @ Utah Jazz | Over 24.5 Cooper Flagg Points Dallas Mavericks @ Utah Jazz | Under 27.5 Lauri Markkanen Points Dallas Mavericks @ Utah Jazz,,Basketball,NBA
11113374301767902652572,Chalkboard Fantasy,parlay,SETTLED_LOSS,4.41,,,5,-5.00,01/08/2026 20:04:12 GMT,01/09/2026 04:21:13 GMT,2026-01-08T20:04:12.581Z,2026-01-09T04:21:13.970Z,Over 12.5 Max Christie Points Dallas Mavericks @ Utah Jazz | Over 15.5 Anthony Davis Ast + Reb Dallas Mavericks @ Utah Jazz | Over 23.5 Keyonte George Points Dallas Mavericks @ Utah Jazz,,Basketball,NBA
eccf01bc-7d01-46c2-8c72-dfcbbd6e52dc,Underdog,parlay,SETTLED_LOSS,6.41,,,15,-15.00,01/08/2026 19:40:50 GMT,01/09/2026 03:00:00 GMT,2026-01-08T19:40:50.000Z,2026-01-09T03:00:00.000Z,Higher 14.5 Kon Knueppel Points O/U IND @ CHA | Higher 9.5 Moussa Diabate Rebounds O/U IND @ CHA | Higher 28.5 Anthony Edwards Points O/U CLE @ MIN | Higher 15.5 Matas Buzelis Points O/U MIA @ CHI | Higher 27.5 Cooper Flagg Pts + Rebs + Asts O/U DAL @ UTA,,Basketball,NBA
11113374301767899963837,Chalkboard Fantasy,parlay,SETTLED_WIN,4.57905,,,5,10.60,01/08/2026 19:19:23 GMT,01/09/2026 05:27:36 GMT,2026-01-08T19:19:23.847Z,2026-01-09T05:27:36.986Z,Over 13.5 Nikola Vucevic Ast + Reb Miami Heat @ Chicago Bulls | Over 10.5 Sam Merrill Points Cleveland Cavaliers @ Minnesota Timberwolves | Over 0.5 Kewan Lacy Rush Yards Miami (FL) Hurricanes @ Ole Miss Rebels,,Basketball | American Football,NBA | NCAAFB
11113374301767843174891,Chalkboard Fantasy,parlay,SETTLED_LOSS,6.07,,,5,-5.00,01/08/2026 03:32:54 GMT,01/08/2026 05:29:16 GMT,2026-01-08T03:32:54.904Z,2026-01-08T05:29:16.429Z,Over 13.5 Victor Wembanyama Ast + Reb Los Angeles Lakers @ San Antonio Spurs | Over 23.5 Luka Doncic Ast + Reb Los Angeles Lakers @ San Antonio Spurs | Under 15.5 Jimmy Butler III Points Milwaukee Bucks @ Golden State Warriors,,Basketball,NBA
11113374301767830186513,Chalkboard Fantasy,parlay,SETTLED_WIN,4.526718,,,5,17.65,01/07/2026 23:56:26 GMT,01/08/2026 02:47:27 GMT,2026-01-07T23:56:26.524Z,2026-01-08T02:47:27.345Z,Over 0.5 Jaylen Brown Points Denver Nuggets @ Boston Celtics | Over 11.5 Anfernee Simons Points Denver Nuggets @ Boston Celtics | Over 25.5 Joel Embiid Points Washington Wizards @ Philadelphia 76ers,,Basketball,NBA
8b21dd90-ee0e-4ec8-b26d-e1924a855544,Underdog,parlay,SETTLED_LOSS,10.18,,,15,-15.00,01/07/2026 23:45:36 GMT,01/08/2026 05:30:00 GMT,2026-01-07T23:45:36.000Z,2026-01-08T05:30:00.000Z,Higher 28.5 Jaylen Brown Points O/U DEN @ BOS | Higher 23.5 Ivica Zubac Points + Rebounds O/U LAC @ NYK | Higher 10.5 Ivica Zubac Rebounds O/U LAC @ NYK | Higher 11.5 Stephon Castle Rebounds + Assists O/U LAL @ SAS | Higher 4.5 Kevin Durant Rebounds O/U HOU @ POR,,Basketball,NBA
11113374301767768554530,Chalkboard Fantasy,parlay,SETTLED_LOSS,5.84,,,10,-10.00,01/07/2026 06:49:14 GMT,01/08/2026 05:47:11 GMT,2026-01-07T06:49:14.539Z,2026-01-08T05:47:11.267Z,Over 34.5 Michael Porter Jr. P + R + A Orlando Magic @ Brooklyn Nets | Over 39.5 Giannis Antetokounmpo Pts + Reb Milwaukee Bucks @ Golden State Warriors | Over 10.5 Kevin Durant Ast + Reb Houston Rockets @ Portland Trail Blazers,,Basketball,NBA
11113374301767759056865,Chalkboard Fantasy,parlay,SETTLED_LOSS,3.55,,,13.1,-13.10,01/07/2026 04:10:56 GMT,01/07/2026 06:51:10 GMT,2026-01-07T04:10:56.874Z,2026-01-07T06:51:10.201Z,Over 5.5 Max Christie Ast + Reb Dallas Mavericks @ Sacramento Kings | Under 18.5 DeMar DeRozan Points Dallas Mavericks @ Sacramento Kings,,Basketball,NBA
2b6d672a-81f7-4375-8cfa-dc4218821529,Underdog,parlay,SETTLED_LOSS,7.35,,,15,-15.00,01/07/2026 03:21:41 GMT,01/07/2026 07:00:00 GMT,2026-01-07T03:21:41.000Z,2026-01-07T07:00:00.000Z,Higher 11.5 Anthony Davis Rebounds O/U DAL @ SAC | Higher 21.5 Cooper Flagg Points O/U DAL @ SAC | Higher 13.5 Russell Westbrook Points O/U DAL @ SAC,,Basketball,NBA
11113374301767752401885,Chalkboard Fantasy,parlay,SETTLED_LOSS,2.79,,,20,-20.00,01/07/2026 02:20:01 GMT,01/07/2026 03:34:30 GMT,2026-01-07T02:20:01.899Z,2026-01-07T03:34:30.896Z,Over 30.5 Anthony Edwards Points Miami Heat @ Minnesota Timberwolves | Over 18.5 Tyler Herro Points Miami Heat @ Minnesota Timberwolves,,Basketball,NBA
11113374301767743536734,Chalkboard Fantasy,parlay,SETTLED_LOSS,4.24,,,5,-5.00,01/06/2026 23:52:16 GMT,01/07/2026 03:47:05 GMT,2026-01-06T23:52:16.743Z,2026-01-07T03:47:05.347Z,Over 11.5 Anthony Davis Rebounds Dallas Mavericks @ Sacramento Kings | Over 3.5 Pascal Siakam Assists Cleveland Cavaliers @ Indiana Pacers | Over 1.5 Jaylen Wells 3pt Made San Antonio Spurs @ Memphis Grizzlies,,Basketball,NBA
0128ac85-cda5-4f73-92f8-bafde3f70fa2,Underdog,parlay,SETTLED_LOSS,3.29,,,15,-15.00,01/06/2026 21:30:30 GMT,01/07/2026 03:00:00 GMT,2026-01-06T21:30:30.000Z,2026-01-07T03:00:00.000Z,Higher 35.5 Paolo Banchero Points + Rebounds O/U ORL @ WAS | Higher 28.5 Victor Wembanyama Pts + Rebs + Asts O/U SAS @ MEM,,Basketball,NBA
a0c7d4c5-01af-4415-8aba-af5b74306318,Underdog,parlay,SETTLED_LOSS,3.08,,,5,-5.00,01/06/2026 21:29:33 GMT,01/07/2026 03:00:00 GMT,2026-01-06T21:29:33.000Z,2026-01-07T03:00:00.000Z,Higher 35.5 Pascal Siakam Pts + Rebs + Asts O/U CLE @ IND | Higher 12.5 LeBron James Rebounds + Assists O/U LAL @ NOP,,Basketball,NBA
779e98f4-cb9a-465c-ace2-349d63c0823d,Underdog,parlay,SETTLED_LOSS,9.25,,,10,-10.00,01/06/2026 21:27:55 GMT,01/07/2026 03:00:00 GMT,2026-01-06T21:27:55.000Z,2026-01-07T03:00:00.000Z,Higher 24.5 Wendell Carter Jr. Pts + Rebs + Asts O/U ORL @ WAS | Higher 37.85 Anthony Black Fantasy Points O/U ORL @ WAS | Higher 38.85 Zion Williamson Fantasy Points O/U LAL @ NOP,,Basketball,NBA
11113374301767734294560,Chalkboard Fantasy,parlay,SETTLED_LOSS,5.89,,,15,-15.00,01/06/2026 21:18:14 GMT,01/07/2026 02:34:19 GMT,2026-01-06T21:18:14.572Z,2026-01-07T02:34:19.263Z,Over 14.5 Paolo Banchero Ast + Reb Orlando Magic @ Washington Wizards | Over 18.5 Andrew Nembhard Points Cleveland Cavaliers @ Indiana Pacers | Over 19.5 Victor Wembanyama Points San Antonio Spurs @ Memphis Grizzlies,,Basketball,NBA
11113374301767733958683,Chalkboard Fantasy,parlay,SETTLED_LOSS,2.5368,,,5,-5.00,01/06/2026 21:12:38 GMT,01/07/2026 06:42:31 GMT,2026-01-06T21:12:38.691Z,2026-01-07T06:42:31.503Z,Over 5.5 Max Christie Ast + Reb Dallas Mavericks @ Sacramento Kings | Under 4.5 Derik Queen Assists Los Angeles Lakers @ New Orleans Pelicans,,Basketball,NBA
11113374301767733884873,Chalkboard Fantasy,parlay,SETTLED_WIN,4.623016,,,5,18.10,01/06/2026 21:11:24 GMT,01/07/2026 03:46:46 GMT,2026-01-06T21:11:24.897Z,2026-01-07T03:46:46.172Z,Over 20.5 Jaren Jackson Jr. Points San Antonio Spurs @ Memphis Grizzlies | Over 2.5 Bam Adebayo Assists Miami Heat @ Minnesota Timberwolves | Over 0.5 Luka Doncic Points Los Angeles Lakers @ New Orleans Pelicans,,Basketball,NBA
1314098418410336256,Sleeper,parlay,SETTLED_LOSS,6.708,,,10,-10.00,01/06/2026 02:53:07 GMT,01/06/2026 05:53:07 GMT,2026-01-06T02:53:07.018Z,2026-01-06T05:53:07.018Z,O 24.5 Donovan Clingan Points & Rebounds UTA @ POR | O 31.5 Keyonte George Points & Assists UTA @ POR | O 9.5 Ivica Zubac Rebounds GSW @ LAC,,Basketball,NBA
a5eb626b-10cc-4d59-93e6-c1f3f094e2da,Underdog,parlay,SETTLED_LOSS,8.15,,,15,-15.00,01/06/2026 00:57:06 GMT,01/06/2026 04:00:00 GMT,2026-01-06T00:57:06.000Z,2026-01-06T04:00:00.000Z,Higher 27.5 Kevin Durant Points O/U PHX @ HOU | Higher 19.5 Dillon Brooks Points O/U PHX @ HOU | Higher 17.5 Brandon Miller Points O/U CHA @ OKC,,Basketball,NBA
695c4ca5e1b020e0ef1816e2,Betr Picks,parlay,SETTLED_LOSS,6,,,10,-10.00,01/05/2026 23:43:33 GMT,01/06/2026 05:59:38 GMT,2026-01-05T23:43:33.352Z,2026-01-06T05:59:38.181Z,Over 13.5 Stephen Curry Points GS vs. LAC | Over 17.5 Caleb Love PTS+REB UTA vs. POR | Over 17.5 Matas Buzelis PTS+AST CHI vs. BOS,,Basketball,NBA
1314044267106177024,Sleeper,parlay,SETTLED_LOSS,9.9,,,15,-15.00,01/05/2026 23:17:56 GMT,01/06/2026 02:17:56 GMT,2026-01-05T23:17:56.342Z,2026-01-06T02:17:56.342Z,O 14.5 VJ Edgecombe Points DEN @ PHI | O 3.5 Stephen Curry Assists GSW @ LAC | O 5.5 Dyson Daniels Assists ATL @ TOR | O 14.5 Amen Thompson Points PHX @ HOU | O 19.5 Keyonte George Points UTA @ POR,,Basketball,NBA
cda269f2-c4e5-4d6b-a887-8ead34c7864d,Underdog,parlay,SETTLED_LOSS,2.83,,,20.85,-20.85,01/04/2026 01:05:36 GMT,01/04/2026 04:05:36 GMT,2026-01-04T01:05:36.000Z,2026-01-04T04:05:36.000Z,Higher 18.5 Kon Knueppel Points O/U CHA @ CHI | Higher 5.5 Jaylen Brown Rebounds O/U BOS @ LAC,,Basketball,NBA
fb8dfa51-3e1d-44be-bd74-9efdf444c6fd,Underdog,parlay,SETTLED_LOSS,6.78,,,10,-10.00,01/04/2026 01:03:46 GMT,01/04/2026 04:03:46 GMT,2026-01-04T01:03:46.000Z,2026-01-04T04:03:46.000Z,Higher 47.5 Christian McCaffrey Receiving Yards O/U SEA @ SF | Higher 6.5 Jaxon Smith-Njigba Receptions O/U SEA @ SF | Higher 12.5 Amen Thompson Rebounds + Assists O/U HOU @ DAL,,American Football | Basketball,NFL | NBA
5639aa77-eff7-4beb-a530-4529ec09408a,Underdog,parlay,SETTLED_LOSS,7.65,,,16.7,-16.70,01/03/2026 22:33:59 GMT,01/04/2026 03:30:00 GMT,2026-01-03T22:33:59.000Z,2026-01-04T03:30:00.000Z,Higher 12.5 Dyson Daniels Rebounds + Assists O/U ATL @ TOR | Higher 8.5 VJ Edgecombe Rebounds + Assists O/U PHI @ NYK | Higher 9.5 Max Christie Points O/U HOU @ DAL,,Basketball,NBA
69596c3fe985cc14c81fca24,Betr Picks,parlay,SETTLED_LOSS,10,,,10,-10.00,01/03/2026 19:21:35 GMT,01/04/2026 04:14:48 GMT,2026-01-03T19:21:35.293Z,2026-01-04T04:14:48.373Z,Over 13.5 Bucky Irving Longest Rush CAR vs. TB | Over 0.5 Sam Darnold Passing Yds SEA vs. SF | Over 66.5 Christian McCaffrey Rushing Yds SEA vs. SF | Over 10.5 Cooper Flagg AST+REB HOU vs. DAL,,American Football | Basketball,NFL | NBA
1313251862861873152,Sleeper,parlay,SETTLED_LOSS,8.46,,,20,-20.00,01/03/2026 18:49:12 GMT,01/03/2026 21:49:12 GMT,2026-01-03T18:49:12.447Z,2026-01-03T21:49:12.447Z,O 5.5 Davion Mitchell Assists MIN @ MIA | O 24.5 Kawhi Leonard Points BOS @ LAC | O 14.5 Kon Knueppel Points CHA @ CHI | O 24.5 Tyrese Maxey Points PHI @ NYK | O 3.5 Cooper Flagg Assists HOU @ DAL,,Basketball,NBA
55cecbc0-6ada-41b2-b0f2-fafd6bd4b5e1,Underdog,parlay,SETTLED_WIN,5.17,,,15,62.55,01/02/2026 21:11:41 GMT,01/03/2026 03:30:00 GMT,2026-01-02T21:11:41.000Z,2026-01-03T03:30:00.000Z,Higher 5.5 Stephon Castle Assists O/U SAS @ IND | Higher 9.5 Andrew Nembhard Rebounds + Assists O/U SAS @ IND | Higher 12.5 Dyson Daniels Rebounds + Assists O/U ATL @ NYK,,Basketball,NBA
1312900988188758016,Sleeper,parlay,SETTLED_LOSS,9.2,,,25,-25.00,01/02/2026 19:34:57 GMT,01/02/2026 22:34:57 GMT,2026-01-02T19:34:57.406Z,2026-01-02T22:34:57.406Z,O 29.5 Luka Dončić Points MEM @ LAL | O 19.5 Ja Morant Points MEM @ LAL | O 14.5 Kon Knueppel Points CHA @ MIL | O 24.5 Giannis Antetokounmpo Points CHA @ MIL | O 14.5 Anthony Black Points ORL @ CHI,,Basketball,NBA
2396ef3f-6a0d-410b-95d1-9399775c1e60,Underdog,parlay,SETTLED_LOSS,6.32,,,15,-15.00,01/02/2026 00:10:29 GMT,01/02/2026 06:00:00 GMT,2026-01-02T00:10:29.000Z,2026-01-02T06:00:00.000Z,Lower 37.5 Anthony Davis Pts + Rebs + Asts O/U PHI @ DAL | Higher 9.5 Payton Pritchard Rebounds + Assists O/U BOS @ SAC | Higher 12.5 Isaiah Collier Rebounds + Assists O/U UTA @ LAC,,Basketball,NBA
6956e2a9d070bbc5906f6637,Betr Picks,parlay,SETTLED_LOSS,6,,,10,-10.00,01/01/2026 21:10:01 GMT,01/02/2026 06:25:23 GMT,2026-01-01T21:10:01.387Z,2026-01-02T06:25:23.938Z,Over 10.5 Duncan Robinson Points MIA vs. DET | Over 0.5 James Harden PTS+AST UTA vs. LAC | Over 14.5 VJ Edgecombe Points PHI vs. DAL,,Basketball,NBA
346d2531-ee9c-4ca8-854a-815a17f6f835,Underdog,parlay,SETTLED_LOSS,6.8,,,20.4,-20.40,01/01/2026 21:03:18 GMT,01/02/2026 03:00:00 GMT,2026-01-01T21:03:18.000Z,2026-01-02T03:00:00.000Z,Higher 4.5 Cade Cunningham Rebounds O/U MIA @ DET | Higher 0.5 Jalen Duren Double Doubles O/U MIA @ DET | Higher 4.5 Cooper Flagg Rebounds O/U PHI @ DAL | Higher 3.5 Derrick White Rebounds O/U BOS @ SAC,,Basketball,NBA
f196f718-8515-44dd-b9c4-e76c4c006d03,Underdog,parlay,SETTLED_LOSS,5.97,,,10,-10.00,01/01/2026 18:13:19 GMT,01/02/2026 04:30:00 GMT,2026-01-01T18:13:19.000Z,2026-01-02T04:30:00.000Z,Higher 0.0 Cade Cunningham Pts + Rebs + Asts O/U MIA @ DET | Higher 21.5 Cooper Flagg Points O/U PHI @ DAL | Higher 25.5 Joel Embiid Points O/U PHI @ DAL,,Basketball,NBA
